"id","flight_number","carrier_iata","departure_date","departure_time","departure_time_utc","origin_iata","destination_iata","origin_name","destination_name","status","risk_score","risk_tier","last_checked_at","red_tier_first_at","cancelled_at","confirmation_alert_sent_at","resolved_status","resolved_delay_minutes","resolved_at","agency_resolved_at","tail_number","equipment_type","equipment_group","is_test","agency_id","created_at","raw_api_data"
"5","AA4551","AA","""2026-05-19T00:00:00.000Z""","06:00","""2026-05-19T06:00:00.000Z""","ORD","LGA",,,"active","75","red","""2026-06-02T01:22:55.921Z""",,,,"status_unresolvable",,"""2026-06-10T02:33:00.344Z""",,,,"unknown","false","1","""2026-05-19T18:39:54.452Z""",
"6","UA2267","UA","""2026-05-20T00:00:00.000Z""","12:00","""2026-05-20T12:00:00.000Z""","ORD","LGA",,,"active","9","green","""2026-06-02T01:21:55.271Z""",,,,"Arrived","0","""2026-06-10T02:33:00.795Z""",,,,"unknown","false","1","""2026-05-19T18:53:21.562Z""",
"7","UA586","UA","""2026-05-20T00:00:00.000Z""","06:00","""2026-05-20T06:00:00.000Z""","ORD","LGA",,,"active","8","green","""2026-06-02T01:21:54.621Z""",,,,"Arrived","0","""2026-06-10T02:33:01.805Z""",,,,"unknown","false","1","""2026-05-19T19:00:35.109Z""",
"8","AA1517","AA","""2026-05-19T00:00:00.000Z""","21:20","""2026-05-19T21:20:00.000Z""","DFW","ORD",,,"active","15","green","""2026-06-02T01:21:56.465Z""",,,,"Arrived","0","""2026-06-10T02:32:59.852Z""",,,,"unknown","false","1","""2026-05-19T21:34:15.551Z""",
"9","AA1279","AA","""2026-06-09T00:00:00.000Z""","07:15","""2026-06-09T07:15:00.000Z""","DFW","CMH",,,"archived","6","green","""2026-06-09T23:40:45.760Z""",,,,"Arrived","0","""2026-06-10T02:34:25.951Z""",,"N978NN","Boeing 737-800","unknown","true","2","""2026-06-09T23:01:02.333Z""",
"10","UA644","UA","""2026-06-09T00:00:00.000Z""","08:45","""2026-06-09T08:45:00.000Z""","DFW","DEN",,,"archived","26","amber","""2026-06-09T23:40:46.106Z""",,,,"Arrived","0","""2026-06-10T02:34:26.818Z""",,"N76526","Boeing 737-800","unknown","true","2","""2026-06-09T23:01:02.400Z""",
"11","AA1963","AA","""2026-06-09T00:00:00.000Z""","10:00","""2026-06-09T10:00:00.000Z""","DFW","YUL",,,"archived","7","green","""2026-06-09T23:40:47.124Z""",,,,"Arrived","0","""2026-06-10T02:34:27.874Z""",,"N124US","Airbus A320","unknown","true","2","""2026-06-09T23:01:02.432Z""",
"12","DL1592","DL","""2026-06-09T00:00:00.000Z""","07:35","""2026-06-09T07:35:00.000Z""","ATL","BWI",,,"archived","6","green","""2026-06-09T23:40:51.031Z""",,,,"Arrived","0","""2026-06-10T02:33:02.840Z""",,"N824DN","Boeing 737-900","unknown","true","2","""2026-06-09T23:01:02.499Z""",
"13","DL1687","DL","""2026-06-09T00:00:00.000Z""","09:10","""2026-06-09T09:10:00.000Z""","ATL","BTR",,,"archived","6","green","""2026-06-09T23:40:52.361Z""",,,,"Arrived","0","""2026-06-10T02:33:03.885Z""",,"N985AT","Boeing 717","unknown","true","2","""2026-06-09T23:01:02.505Z""",
"14","DL1682","DL","""2026-06-09T00:00:00.000Z""","10:10","""2026-06-09T10:10:00.000Z""","ATL","IAH",,,"archived","7","green","""2026-06-09T23:40:53.020Z""",,,,"Arrived","0","""2026-06-10T02:33:04.826Z""",,"N371NW","Airbus A320","unknown","true","2","""2026-06-09T23:01:02.508Z""",
"15","UA4471","UA","""2026-06-09T00:00:00.000Z""","06:59","""2026-06-09T06:59:00.000Z""","ORD","SDF",,,"archived","6","green","""2026-06-09T23:40:54.857Z""",,,,"Arrived","0","""2026-06-10T02:33:05.886Z""",,"N566GJ","Canadair CRJ","unknown","true","2","""2026-06-09T23:01:02.511Z""",
"16","OO6232","OO","""2026-06-09T00:00:00.000Z""","08:30","""2026-06-09T08:30:00.000Z""","ORD","FWA",,,"archived","6","green","""2026-06-09T23:40:56.719Z""",,,,"Arrived","0","""2026-06-10T02:33:06.933Z""",,"N86311","Embraer 175","unknown","true","2","""2026-06-09T23:01:02.609Z""",
"17","UA5668","UA","""2026-06-09T00:00:00.000Z""","09:10","""2026-06-09T09:10:00.000Z""","ORD","RDU",,,"archived","6","green","""2026-06-09T23:40:57.819Z""",,,,"Arrived","0","""2026-06-10T02:33:07.905Z""",,"N87380","Embraer 175","unknown","true","2","""2026-06-09T23:01:02.612Z""",
"18","AM649","AM","""2026-06-09T00:00:00.000Z""","07:00","""2026-06-09T07:00:00.000Z""","LAX","MEX",,,"archived","8","green","""2026-06-09T23:40:59.875Z""",,,,"EnRoute","0","""2026-06-10T02:33:08.845Z""",,"N868AM","Boeing 737 MAX 8","unknown","true","2","""2026-06-09T23:01:03.059Z""",
"19","DL6330","DL","""2026-06-09T00:00:00.000Z""","09:22","""2026-06-09T09:22:00.000Z""","LAX","SFO",,,"archived","16","green","""2026-06-09T23:41:01.547Z""",,,,"Departed","0","""2026-06-10T02:33:10.329Z""",,"N504SY","Embraer 175","unknown","true","2","""2026-06-09T23:01:03.063Z""",
"20","DL1514","DL","""2026-06-09T00:00:00.000Z""","11:05","""2026-06-09T11:05:00.000Z""","JFK","MIA",,,"archived","10","green","""2026-06-09T23:41:02.223Z""",,,,"Arrived","0","""2026-06-10T02:33:11.936Z""",,"N3743H","Boeing 737-800","unknown","true","2","""2026-06-09T23:01:03.976Z""",
"21","TJ433","TJ","""2026-06-09T00:00:00.000Z""","14:20","""2026-06-09T14:20:00.000Z""","JFK","GFL",,,"archived","14","green","""2026-06-09T23:41:02.685Z""",,,,"Arrived","0","""2026-06-10T02:33:12.435Z""",,"N433TW","Pilatus PC-12","unknown","true","2","""2026-06-09T23:01:03.980Z""",
"22","MQ3549","MQ","""2026-06-09T00:00:00.000Z""","11:28","""2026-06-09T11:28:00.000Z""","DFW","GRK",,,"archived","7","green","""2026-06-09T23:41:04.154Z""",,,,"Arrived","0","""2026-06-10T02:33:14.525Z""",,"N219NN","Embraer 175","unknown","true","2","""2026-06-09T23:01:04.491Z""",
"23","AA2239","AA","""2026-06-09T00:00:00.000Z""","12:20","""2026-06-09T12:20:00.000Z""","DFW","ONT",,,"archived","7","green","""2026-06-09T23:41:06.156Z""",,,,"Arrived","0","""2026-06-10T02:33:16.358Z""",,"N997AA","Airbus A321","unknown","true","2","""2026-06-09T23:01:04.495Z""",
"24","AA1405","AA","""2026-06-09T00:00:00.000Z""","13:47","""2026-06-09T13:47:00.000Z""","DFW","AUS",,,"archived","7","green","""2026-06-09T23:41:06.570Z""",,,,"Arrived","0","""2026-06-10T02:33:16.838Z""",,"N978NN","Boeing 737-800","unknown","true","2","""2026-06-09T23:01:04.499Z""",
"25","AA3249","AA","""2026-06-09T00:00:00.000Z""","11:20","""2026-06-09T11:20:00.000Z""","ATL","DFW",,,"archived","7","green","""2026-06-09T23:41:07.689Z""",,,,"Arrived","0","""2026-06-10T02:33:17.842Z""",,"N972AN","Boeing 737-800","unknown","true","2","""2026-06-09T23:01:05.101Z""",
"26","DL1437","DL","""2026-06-09T00:00:00.000Z""","12:35","""2026-06-09T12:35:00.000Z""","ATL","RIC",,,"archived","7","green","""2026-06-09T23:41:07.966Z""",,,,"Arrived","0","""2026-06-10T02:33:18.906Z""",,"N873DN","Boeing 737","unknown","true","2","""2026-06-09T23:01:05.105Z""",
"27","DL1642","DL","""2026-06-09T00:00:00.000Z""","14:00","""2026-06-09T14:00:00.000Z""","ATL","MCO",,,"archived","9","green","""2026-06-09T23:41:08.813Z""",,,,"Arrived","0","""2026-06-10T02:33:19.870Z""",,"N845MH","Boeing 767-400","unknown","true","2","""2026-06-09T23:01:05.108Z""",
"28","WN4943","WN","""2026-06-09T00:00:00.000Z""","11:00","""2026-06-09T11:00:00.000Z""","LAX","ABQ",,,"archived","7","green","""2026-06-09T23:41:09.394Z""",,,,"Arrived","0","""2026-06-10T02:33:20.786Z""",,"N8533S","Boeing 737-800","unknown","true","2","""2026-06-09T23:01:05.986Z""",
"29","DL3842","DL","""2026-06-09T00:00:00.000Z""","12:57","""2026-06-09T12:57:00.000Z""","LAX","SJC",,,"archived","7","green","""2026-06-09T23:41:09.712Z""",,,,"Arrived","0","""2026-06-10T02:33:21.862Z""",,"N271SY","Embraer 175","unknown","true","2","""2026-06-09T23:01:05.991Z""",
"30","DL3894","DL","""2026-06-09T00:00:00.000Z""","13:48","""2026-06-09T13:48:00.000Z""","LAX","PHX",,,"archived","7","green","""2026-06-09T23:41:11.345Z""",,,,"Arrived","0","""2026-06-10T02:33:22.875Z""",,"N325SY","Embraer 175","unknown","true","2","""2026-06-09T23:01:05.993Z""",
"31","DL322","DL","""2026-06-09T00:00:00.000Z""","13:55","""2026-06-09T13:55:00.000Z""","BOS","ATL",,,"archived","7","green","""2026-06-09T23:41:11.744Z""",,,,"Arrived","0","""2026-06-10T02:33:23.851Z""",,"N107DN","Airbus A321","unknown","true","2","""2026-06-09T23:01:06.549Z""",
"32","CM812","CM","""2026-06-09T00:00:00.000Z""","15:32","""2026-06-09T15:32:00.000Z""","JFK","PTY",,,"archived","13","green","""2026-06-09T23:41:12.206Z""",,,,"EnRoute","0","""2026-06-10T02:33:24.845Z""",,"HP-9901","Boeing 737 MAX 9","unknown","true","2","""2026-06-09T23:01:06.981Z""",
"33","NO785","NO","""2026-06-09T00:00:00.000Z""","17:00","""2026-06-09T17:00:00.000Z""","JFK","PMO",,,"archived","13","green","""2026-06-09T23:41:12.818Z""",,,,"EnRoute","0","""2026-06-10T02:33:25.893Z""",,"EI-NEO","Boeing 787-9","unknown","true","2","""2026-06-09T23:01:06.985Z""",
"34","DL3026","DL","""2026-06-09T00:00:00.000Z""","15:30","""2026-06-09T15:30:00.000Z""","ATL","HSV",,,"archived","9","green","""2026-06-09T23:41:13.153Z""",,,,"Arrived","0","""2026-06-10T02:33:26.835Z""",,"N942AT","Boeing 717","unknown","true","2","""2026-06-09T23:01:08.104Z""",
"35","DL5105","DL","""2026-06-09T00:00:00.000Z""","16:45","""2026-06-09T16:45:00.000Z""","ATL","CRW",,,"archived","9","green","""2026-06-09T23:41:13.742Z""",,,,"Arrived","0","""2026-06-10T02:33:27.807Z""",,"N913XJ","Canadair CRJ 900","unknown","true","2","""2026-06-09T23:01:08.107Z""",
"36","DL2086","DL","""2026-06-09T00:00:00.000Z""","18:11","""2026-06-09T18:11:00.000Z""","ATL","DSM",,,"archived","11","green","""2026-06-09T23:41:14.318Z""",,,,"Arrived","0","""2026-06-10T02:33:28.347Z""",,"N981AT","Boeing 717","unknown","true","2","""2026-06-09T23:01:08.111Z""",
"37","OO6200","OO","""2026-06-09T00:00:00.000Z""","15:59","""2026-06-09T15:59:00.000Z""","ORD","BNA",,,"archived","14","green","""2026-06-09T23:41:14.630Z""",,,,"Arrived","0","""2026-06-10T02:33:28.830Z""",,"N790SK","Bombardier CRJ700","unknown","true","2","""2026-06-09T23:01:08.537Z""",
"38","UA5591","UA","""2026-06-09T00:00:00.000Z""","16:37","""2026-06-09T16:37:00.000Z""","ORD","YYZ",,,"archived","9","green","""2026-06-09T23:41:15.231Z""",,,,"Arrived","0","""2026-06-10T02:33:29.771Z""",,"N162SY","Embraer 175","unknown","true","2","""2026-06-09T23:01:08.540Z""",
"39","UA2417","UA","""2026-06-09T00:00:00.000Z""","18:04","""2026-06-09T18:04:00.000Z""","ORD","YUL",,,"archived","11","green","""2026-06-09T23:41:15.879Z""",,,,"Arrived","0","""2026-06-10T02:33:31.015Z""",,"N828UA","Airbus A319","unknown","true","2","""2026-06-09T23:01:08.543Z""",
"40","DL951","DL","""2026-06-09T00:00:00.000Z""","10:00","""2026-06-09T10:00:00.000Z""","LAX","JFK",,,"archived","9","green","""2026-06-09T23:41:16.628Z""",,,,"EnRoute","0","""2026-06-10T02:33:31.808Z""",,"N188DN","Boeing 767-300","unknown","true","2","""2026-06-09T23:01:09.075Z""",
"41","XE323","XE","""2026-06-09T00:00:00.000Z""","17:00","""2026-06-09T17:00:00.000Z""","LAX","LAS",,,"archived","11","green","""2026-06-09T23:41:17.151Z""",,,,"Arrived","0","""2026-06-10T02:33:32.383Z""",,"N935JX","Embraer RJ145","unknown","true","2","""2026-06-09T23:01:09.079Z""",
"42","AA6515","AA","""2026-06-09T00:00:00.000Z""","18:30","""2026-06-09T18:30:00.000Z""","LAX","ABQ",,,"archived","11","green","""2026-06-09T23:41:17.530Z""",,,,"EnRoute","0","""2026-06-10T02:33:33.127Z""",,,"Canadair reg jet 700","unknown","true","2","""2026-06-09T23:01:09.082Z""",
"43","LA533","LA","""2026-06-09T00:00:00.000Z""","19:50","""2026-06-09T19:50:00.000Z""","JFK","SCL",,,"archived","15","green","""2026-06-09T23:41:18.859Z""",,,,"EnRoute","0","""2026-06-10T02:33:34.053Z""",,"CC-BGH","Boeing 787-9","unknown","true","2","""2026-06-09T23:01:10.037Z""",
"44","DL212","DL","""2026-06-09T00:00:00.000Z""","20:25","""2026-06-09T20:25:00.000Z""","JFK","ATH",,,"archived","15","green","""2026-06-09T23:41:19.691Z""",,,,"EnRoute","0","""2026-06-10T02:33:34.613Z""",,"N404DX","Airbus A330","unknown","true","2","""2026-06-09T23:01:10.042Z""",
"45","DL5481","DL","""2026-06-09T00:00:00.000Z""","22:29","""2026-06-09T22:29:00.000Z""","JFK","BTV",,,"archived","16","green","""2026-06-09T23:41:20.764Z""",,,,"status_unresolvable",,"""2026-06-10T02:33:35.147Z""",,"N133EV","Canadair CRJ 900","unknown","true","2","""2026-06-09T23:01:10.045Z""",
"46","AA2709","AA","""2026-06-09T00:00:00.000Z""","19:39","""2026-06-09T19:39:00.000Z""","DFW","PSP",,,"archived","11","green","""2026-06-09T23:41:21.072Z""",,,,"EnRoute","0","""2026-06-10T02:33:36.091Z""",,"N856NN","Boeing 737-800","unknown","true","2","""2026-06-09T23:01:10.474Z""",
"47","AA1797","AA","""2026-06-09T00:00:00.000Z""","20:51","""2026-06-09T20:51:00.000Z""","DFW","LAS",,,"archived","13","green","""2026-06-09T23:41:21.595Z""",,,,"EnRoute","0","""2026-06-10T02:33:36.546Z""",,,"Airbus A321","unknown","true","2","""2026-06-09T23:01:10.477Z""",
"48","AA5044","AA","""2026-06-09T00:00:00.000Z""","22:40","""2026-06-09T22:40:00.000Z""","DFW","JAN",,,"archived","13","green","""2026-06-09T23:41:22.628Z""",,,,"status_unresolvable",,"""2026-06-10T02:33:37.085Z""",,"N501BG","Canadair CRJ-701ER","unknown","true","2","""2026-06-09T23:01:10.480Z""",
"49","DL74","DL","""2026-06-09T00:00:00.000Z""","19:45","""2026-06-09T19:45:00.000Z""","ATL","AMS",,,"archived","11","green","""2026-06-09T23:41:24.126Z""",,,,"EnRoute","0","""2026-06-10T02:33:38.105Z""",,"N802NW","Airbus A330","unknown","true","2","""2026-06-09T23:01:10.968Z""",
"50","DL1320","DL","""2026-06-09T00:00:00.000Z""","22:49","""2026-06-09T22:49:00.000Z""","ATL","CLE",,,"archived","13","green","""2026-06-09T23:41:25.717Z""",,,,"status_unresolvable",,"""2026-06-10T02:33:38.470Z""",,,"Airbus A321","unknown","true","2","""2026-06-09T23:01:10.971Z""",
"51","DL4148","DL","""2026-06-09T00:00:00.000Z""","19:59","""2026-06-09T19:59:00.000Z""","LAX","BOI",,,"archived","11","green","""2026-06-09T23:41:26.310Z""",,,,"status_unresolvable",,"""2026-06-10T02:33:39.069Z""",,,"Embraer 175","unknown","true","2","""2026-06-09T23:01:12.053Z""",
"52","AA4908","AA","""2026-06-09T00:00:00.000Z""","21:50","""2026-06-09T21:50:00.000Z""","LAX","SMF",,,"archived","13","green","""2026-06-09T23:41:34.675Z""",,,,"status_unresolvable",,"""2026-06-10T02:34:09.058Z""",,,"Embraer 175","unknown","true","2","""2026-06-09T23:01:12.058Z""",
"53","AA1221","AA","""2026-06-09T00:00:00.000Z""","23:17","""2026-06-09T23:17:00.000Z""","LAX","MIA",,,"archived","13","green","""2026-06-09T23:40:44.355Z""",,,,"status_unresolvable",,"""2026-06-10T02:33:48.066Z""",,,"Airbus A321","unknown","true","2","""2026-06-09T23:01:12.061Z""",
"54","DL324","DL","""2026-06-09T00:00:00.000Z""","19:25","""2026-06-09T19:25:00.000Z""","BOS","SEA",,,"archived","23","green","""2026-06-09T23:40:45.159Z""",,,,"EnRoute","0","""2026-06-10T02:34:23.883Z""",,"N509DT","Airbus A321 NEO","unknown","true","2","""2026-06-09T23:01:12.544Z""",
"55","MQ3651","MQ","""2026-06-09T00:00:00.000Z""","09:51","""2026-06-09T09:51:00.000Z""","DFW","MAF",,,"archived","8","green","""2026-06-09T23:41:26.611Z""",,,,"Arrived","0","""2026-06-10T02:33:40.074Z""",,"N323ED","Embraer 175","unknown","true","2","""2026-06-09T23:10:25.724Z""",
"56","OO6440","OO","""2026-06-09T00:00:00.000Z""","09:30","""2026-06-09T09:30:00.000Z""","ORD","DAY",,,"archived","6","green","""2026-06-09T23:41:35.355Z""",,,,"Arrived","0","""2026-06-10T02:34:10.107Z""",,"N702SK","Canadair CRJ 700","unknown","true","2","""2026-06-09T23:10:27.690Z""",
"57","DL668","DL","""2026-06-09T00:00:00.000Z""","07:00","""2026-06-09T07:00:00.000Z""","JFK","SFO",,,"archived","19","green","""2026-06-09T23:41:27.148Z""",,,,"Arrived","0","""2026-06-10T02:33:41.103Z""",,"N193DN","Boeing 767-300","unknown","true","2","""2026-06-09T23:10:27.993Z""",
"58","VS26","VS","""2026-06-09T00:00:00.000Z""","08:15","""2026-06-09T08:15:00.000Z""","JFK","LHR",,,"archived","11","green","""2026-06-09T23:41:27.659Z""",,,,"Arrived","0","""2026-06-10T02:33:42.265Z""",,"G-VYUM","Boeing 787-9","unknown","true","2","""2026-06-09T23:10:28.041Z""",
"59","DL2019","DL","""2026-06-09T00:00:00.000Z""","09:50","""2026-06-09T09:50:00.000Z""","JFK","MCO",,,"archived","9","green","""2026-06-09T23:41:30.440Z""",,,,"Arrived","0","""2026-06-10T02:33:42.956Z""",,"N397DN","Airbus A321","unknown","true","2","""2026-06-09T23:10:28.133Z""",
"60","DL1708","DL","""2026-06-09T00:00:00.000Z""","09:05","""2026-06-09T09:05:00.000Z""","ATL","HSV",,,"archived","6","green","""2026-06-09T23:41:31.926Z""",,,,"Arrived","0","""2026-06-10T02:33:44.082Z""",,"N894AT","Boeing 717","unknown","true","2","""2026-06-09T23:10:28.196Z""",
"61","DL5626","DL","""2026-06-09T00:00:00.000Z""","07:00","""2026-06-09T07:00:00.000Z""","BOS","CLT",,,"archived","6","green","""2026-06-09T23:41:36.464Z""",,,,"Arrived","0","""2026-06-10T02:34:11.166Z""",,"N238JQ","Embraer 175","unknown","true","2","""2026-06-09T23:10:28.364Z""",
"62","DL5654","DL","""2026-06-09T00:00:00.000Z""","08:09","""2026-06-09T08:09:00.000Z""","BOS","CMH",,,"archived","6","green","""2026-06-09T23:41:32.188Z""",,,,"Arrived","0","""2026-06-10T02:33:45.207Z""",,"N229JQ","Embraer 175","unknown","true","2","""2026-06-09T23:10:28.369Z""",
"63","AA1862","AA","""2026-06-09T00:00:00.000Z""","12:41","""2026-06-09T12:41:00.000Z""","DFW","FLL",,,"archived","7","green","""2026-06-09T23:41:34.159Z""",,,,"Arrived","0","""2026-06-10T02:33:46.489Z""",,"N933AM","Airbus A321","unknown","true","2","""2026-06-09T23:10:28.931Z""",
"64","AV441","AV","""2026-06-09T00:00:00.000Z""","13:55","""2026-06-09T13:55:00.000Z""","DFW","SAL",,,"archived","8","green","""2026-06-09T23:41:37.049Z""",,,,"EnRoute","0","""2026-06-10T02:34:12.173Z""",,"N944AV","Airbus A320","unknown","true","2","""2026-06-09T23:10:28.934Z""",
"65","DL598","DL","""2026-06-09T00:00:00.000Z""","11:18","""2026-06-09T11:18:00.000Z""","ATL","CUN",,,"archived","6","green","""2026-06-09T23:41:38.228Z""",,,,"Arrived","0","""2026-06-10T02:34:13.954Z""",,"N358DN","Airbus A321","unknown","true","2","""2026-06-09T23:10:30.445Z""",
"66","DL2799","DL","""2026-06-09T00:00:00.000Z""","14:05","""2026-06-09T14:05:00.000Z""","ATL","BWI",,,"archived","9","green","""2026-06-09T23:41:38.664Z""",,,,"Arrived","0","""2026-06-10T02:34:15.185Z""",,"N350DN","Airbus A321","unknown","true","2","""2026-06-09T23:10:30.449Z""",
"67","AA2039","AA","""2026-06-09T00:00:00.000Z""","12:35","""2026-06-09T12:35:00.000Z""","LAX","LAS",,,"archived","7","green","""2026-06-09T23:41:39.033Z""",,,,"Arrived","0","""2026-06-10T02:34:16.000Z""",,"N894NN","Boeing 737-800","unknown","true","2","""2026-06-09T23:10:30.917Z""",
"68","AA2934","AA","""2026-06-09T00:00:00.000Z""","12:05","""2026-06-09T12:05:00.000Z""","DFW","ILM",,,"archived","7","green","""2026-06-09T23:41:39.500Z""",,,,"Arrived","0","""2026-06-10T02:34:16.533Z""",,"N741UW","Airbus A319","unknown","true","2","""2026-06-09T23:10:31.950Z""",
"69","AA1322","AA","""2026-06-09T00:00:00.000Z""","16:13","""2026-06-09T16:13:00.000Z""","DFW","DEN",,,"archived","29","amber","""2026-06-09T23:41:43.578Z""",,,,"Arrived","0","""2026-06-10T02:34:16.980Z""",,"N561UW","Airbus A321","unknown","true","2","""2026-06-09T23:10:31.955Z""",
"70","AA2999","AA","""2026-06-09T00:00:00.000Z""","18:25","""2026-06-09T18:25:00.000Z""","DFW","EWR",,,"archived","11","green","""2026-06-09T23:41:46.073Z""",,,,"EnRoute","0","""2026-06-10T02:34:18.033Z""",,"N357PV","Boeing 737-800","unknown","true","2","""2026-06-09T23:10:31.958Z""",
"71","UA5021","UA","""2026-06-09T00:00:00.000Z""","15:59","""2026-06-09T15:59:00.000Z""","ORD","SUX",,,"archived","9","green","""2026-06-09T23:41:46.745Z""",,,,"Cancelled","0","""2026-06-10T02:34:18.916Z""",,,"Bombardier CRJ","unknown","true","2","""2026-06-09T23:10:32.359Z""",
"72","UA5804","UA","""2026-06-09T00:00:00.000Z""","17:16","""2026-06-09T17:16:00.000Z""","ORD","CRW",,,"archived","9","green","""2026-06-09T23:41:47.086Z""",,,,"Arrived","0","""2026-06-10T02:34:19.818Z""",,"N793SK","Canadair CRJ","unknown","true","2","""2026-06-09T23:10:32.363Z""",
"73","UA1732","UA","""2026-06-09T00:00:00.000Z""","18:07","""2026-06-09T18:07:00.000Z""","ORD","TYS",,,"archived","11","green","""2026-06-09T23:41:49.107Z""",,,,"Arrived","0","""2026-06-10T02:34:20.850Z""",,"N54711","Boeing 737-700","unknown","true","2","""2026-06-09T23:10:32.367Z""",
"74","DL806","DL","""2026-06-09T00:00:00.000Z""","17:00","""2026-06-09T17:00:00.000Z""","JFK","LAS",,,"archived","12","green","""2026-06-09T23:41:49.488Z""",,,,"Arrived","0","""2026-06-10T02:34:21.966Z""",,"N592DT","Airbus A321 NEO","unknown","true","2","""2026-06-09T23:10:32.828Z""",
"75","DL1278","DL","""2026-06-09T00:00:00.000Z""","18:30","""2026-06-09T18:30:00.000Z""","JFK","ATL",,,"archived","14","green","""2026-06-09T23:41:50.017Z""",,,,"Departed","0","""2026-06-10T02:33:48.954Z""",,,"Boeing 737-900","unknown","true","2","""2026-06-09T23:10:32.831Z""",
"76","WN278","WN","""2026-06-09T00:00:00.000Z""","15:15","""2026-06-09T15:15:00.000Z""","LAX","DEN",,,"archived","29","amber","""2026-06-09T23:41:53.358Z""",,,,"Arrived","0","""2026-06-10T02:33:49.996Z""",,"N8561Z","Boeing 737-800","unknown","true","2","""2026-06-09T23:10:33.928Z""",
"77","UA212","UA","""2026-06-09T00:00:00.000Z""","17:00","""2026-06-09T17:00:00.000Z""","LAX","ORD",,,"archived","9","green","""2026-06-09T23:41:54.485Z""",,,,"EnRoute","0","""2026-06-10T02:33:50.964Z""",,"N24514","Airbus A321 NEO","unknown","true","2","""2026-06-09T23:10:33.936Z""",
"78","AF25","AF","""2026-06-09T00:00:00.000Z""","18:25","""2026-06-09T18:25:00.000Z""","LAX","CDG",,,"archived","13","green","""2026-06-09T23:41:55.759Z""",,,,"EnRoute","0","""2026-06-10T02:33:51.962Z""",,"F-GSQF","Boeing 777-300","unknown","true","2","""2026-06-09T23:10:33.940Z""",
"79","DL399","DL","""2026-06-09T00:00:00.000Z""","16:30","""2026-06-09T16:30:00.000Z""","BOS","ATL",,,"archived","9","green","""2026-06-09T23:41:56.172Z""",,,,"Arrived","0","""2026-06-10T02:33:52.560Z""",,"N331DN","Airbus A321","unknown","true","2","""2026-06-09T23:10:34.408Z""",
"80","UA5629","UA","""2026-06-09T00:00:00.000Z""","10:35","""2026-06-09T10:35:00.000Z""","ORD","GRB",,,"archived","7","green","""2026-06-09T23:41:56.690Z""",,,,"Arrived","0","""2026-06-10T02:33:53.189Z""",,"N919EV","Canadair CRJ 200","unknown","true","2","""2026-06-09T23:10:41.719Z""",
"81","UA1554","UA","""2026-06-09T00:00:00.000Z""","12:40","""2026-06-09T12:40:00.000Z""","ORD","MSP",,,"archived","7","green","""2026-06-09T23:41:57.175Z""",,,,"Arrived","0","""2026-06-10T02:33:54.096Z""",,"N437UA","Airbus A320","unknown","true","2","""2026-06-09T23:10:41.723Z""",
"82","MQ3523","MQ","""2026-06-09T00:00:00.000Z""","13:59","""2026-06-09T13:59:00.000Z""","ORD","FAR",,,"archived","9","green","""2026-06-09T23:41:58.720Z""",,,,"Arrived","0","""2026-06-10T02:33:54.569Z""",,"N271NN","Embraer 175","unknown","true","2","""2026-06-09T23:10:41.726Z""",
"83","DL843","DL","""2026-06-09T00:00:00.000Z""","15:25","""2026-06-09T15:25:00.000Z""","ATL","SAN",,,"archived","9","green","""2026-06-09T23:41:59.122Z""",,,,"Arrived","0","""2026-06-10T02:33:55.090Z""",,"N372DN","Airbus A321","unknown","true","2","""2026-06-09T23:10:45.649Z""",
"84","DL1110","DL","""2026-06-09T00:00:00.000Z""","15:21","""2026-06-09T15:21:00.000Z""","ATL","MOB",,,"archived","9","green","""2026-06-09T23:42:00.114Z""",,,,"Arrived","0","""2026-06-10T02:33:56.085Z""",,"N717JL","Boeing 717","unknown","true","2","""2026-06-09T23:10:45.653Z""",
"85","DL3119","DL","""2026-06-09T00:00:00.000Z""","18:00","""2026-06-09T18:00:00.000Z""","ATL","CVG",,,"archived","11","green","""2026-06-09T23:42:02.210Z""",,,,"Arrived","0","""2026-06-10T02:33:57.055Z""",,"N808DN","Boeing 737-900","unknown","true","2","""2026-06-09T23:10:45.657Z""",
"86","AA3378","AA","""2026-06-09T00:00:00.000Z""","20:50","""2026-06-09T20:50:00.000Z""","DFW","LBB",,,"archived","15","green","""2026-06-09T23:42:02.727Z""",,,,"status_unresolvable",,"""2026-06-10T02:34:22.934Z""",,,"Embraer 175","unknown","true","2","""2026-06-09T23:10:47.157Z""",
"87","AA2111","AA","""2026-06-09T00:00:00.000Z""","22:40","""2026-06-09T22:40:00.000Z""","DFW","MFE",,,"archived","13","green","""2026-06-09T23:42:06.873Z""",,,,"status_unresolvable",,"""2026-06-10T02:34:24.924Z""",,,"Airbus A319","unknown","true","2","""2026-06-09T23:10:47.161Z""",
"88","UA1555","UA","""2026-06-09T00:00:00.000Z""","19:45","""2026-06-09T19:45:00.000Z""","ORD","MCO",,,"archived","11","green","""2026-06-09T23:42:10.077Z""",,,,"status_unresolvable",,"""2026-06-10T02:33:57.981Z""",,,"Airbus A320","unknown","true","2","""2026-06-09T23:10:47.651Z""",
"89","AA4511","AA","""2026-06-09T00:00:00.000Z""","20:55","""2026-06-09T20:55:00.000Z""","ORD","RIC",,,"archived","13","green","""2026-06-09T23:42:10.775Z""",,,,"EnRoute","0","""2026-06-10T02:33:59.067Z""",,,"Embraer 175","unknown","true","2","""2026-06-09T23:10:47.655Z""",
"90","AA4776","AA","""2026-06-09T00:00:00.000Z""","22:00","""2026-06-09T22:00:00.000Z""","ORD","CVG",,,"archived","13","green","""2026-06-09T23:42:11.573Z""",,,,"status_unresolvable",,"""2026-06-10T02:34:00.032Z""",,,"Embraer 175","unknown","true","2","""2026-06-09T23:10:47.658Z""",
"91","QF94","QF","""2026-06-09T00:00:00.000Z""","21:50","""2026-06-09T21:50:00.000Z""","LAX","MEL",,,"archived","14","green","""2026-06-09T23:42:12.418Z""",,,,"status_unresolvable",,"""2026-06-10T02:34:00.531Z""",,,"Boeing 787-9","unknown","true","2","""2026-06-09T23:10:48.210Z""",
"92","DL495","DL","""2026-06-09T00:00:00.000Z""","19:42","""2026-06-09T19:42:00.000Z""","ATL","SFO",,,"archived","21","green","""2026-06-09T23:42:14.061Z""",,,,"EnRoute","0","""2026-06-10T02:34:01.003Z""",,"N553DT","Airbus A321 NEO","unknown","true","2","""2026-06-09T23:10:48.735Z""",
"93","DL520","DL","""2026-06-09T00:00:00.000Z""","21:00","""2026-06-09T21:00:00.000Z""","ATL","LGA",,,"archived","13","green","""2026-06-09T23:42:15.138Z""",,,,"EnRoute","0","""2026-06-10T02:34:01.630Z""",,,"Airbus A321","unknown","true","2","""2026-06-09T23:10:48.738Z""",
"94","DL575","DL","""2026-06-09T00:00:00.000Z""","22:49","""2026-06-09T22:49:00.000Z""","ATL","LAX",,,"archived","13","green","""2026-06-09T23:42:16.679Z""",,,,"status_unresolvable",,"""2026-06-10T02:34:02.569Z""",,,"Boeing 757-300","unknown","true","2","""2026-06-09T23:10:48.742Z""",
"95","DL1428","DL","""2026-06-09T00:00:00.000Z""","19:40","""2026-06-09T19:40:00.000Z""","JFK","MIA",,,"archived","14","green","""2026-06-09T23:42:31.944Z""",,,,"Arrived","0","""2026-06-10T02:34:04.030Z""",,"N934DZ","Boeing 737-900","unknown","true","2","""2026-06-09T23:10:49.270Z""",
"96","AA292","AA","""2026-06-09T00:00:00.000Z""","21:00","""2026-06-09T21:00:00.000Z""","JFK","DEL",,,"archived","15","green","""2026-06-09T23:42:32.314Z""",,,,"Departed","0","""2026-06-10T02:34:05.026Z""",,"N823AN","Boeing 787-9","unknown","true","2","""2026-06-09T23:10:49.274Z""",
"97","DL2586","DL","""2026-06-09T00:00:00.000Z""","19:20","""2026-06-09T19:20:00.000Z""","BOS","BNA",,,"archived","16","green","""2026-06-09T23:42:32.731Z""",,,,"Arrived","0","""2026-06-10T02:34:06.031Z""",,"N335NB","Airbus A319","unknown","true","2","""2026-06-09T23:10:49.733Z""",
"98","DL1513","DL","""2026-06-09T00:00:00.000Z""","20:15","""2026-06-09T20:15:00.000Z""","BOS","MCO",,,"archived","13","green","""2026-06-09T23:42:33.714Z""",,,,"EnRoute","0","""2026-06-10T02:34:06.964Z""",,"N501DA","Airbus A321 NEO","unknown","true","2","""2026-06-09T23:10:49.737Z""",
"99","VS158","VS","""2026-06-09T00:00:00.000Z""","21:30","""2026-06-09T21:30:00.000Z""","BOS","LHR",,,"archived","15","green","""2026-06-09T23:42:34.415Z""",,,,"EnRoute","0","""2026-06-10T02:34:07.965Z""",,"G-VEII","Airbus A330","unknown","true","2","""2026-06-09T23:10:49.740Z""",
"100","AA1680","AA","""2026-06-10T00:00:00.000Z""","07:10","""2026-06-10T07:10:00.000Z""","DFW","CLE",,,"archived","6","green","""2026-06-10T03:52:33.501Z""",,,,"Arrived","0","""2026-06-11T00:20:34.075Z""",,"N809NN","Boeing 737-800","unknown","true","2","""2026-06-10T01:55:02.422Z""",
"101","AA1697","AA","""2026-06-10T00:00:00.000Z""","08:55","""2026-06-10T08:55:00.000Z""","DFW","COS",,,"archived","6","green","""2026-06-10T03:51:37.672Z""",,,,"Arrived","0","""2026-06-11T00:19:40.476Z""",,,"Boeing 737-800","unknown","true","2","""2026-06-10T01:55:02.794Z""",
"102","AA2736","AA","""2026-06-10T00:00:00.000Z""","10:15","""2026-06-10T10:15:00.000Z""","DFW","STS",,,"archived","7","green","""2026-06-10T03:51:47.733Z""",,,,"status_unresolvable",,"""2026-06-11T00:19:48.907Z""",,"N769US","Airbus A319","unknown","true","2","""2026-06-10T01:55:04.796Z""",
"103","UA2232","UA","""2026-06-10T00:00:00.000Z""","07:00","""2026-06-10T07:00:00.000Z""","ORD","MSP",,,"archived","6","green","""2026-06-10T03:51:48.314Z""",,,,"Arrived","0","""2026-06-11T00:19:50.000Z""",,"N837UA","Airbus A319","unknown","true","2","""2026-06-10T01:55:04.951Z""",
"104","UA2301","UA","""2026-06-10T00:00:00.000Z""","08:45","""2026-06-10T08:45:00.000Z""","ORD","EWR",,,"archived","6","green","""2026-06-10T03:51:52.012Z""",,,,"Arrived","0","""2026-06-11T00:19:55.940Z""",,,"Boeing 757-200","unknown","true","2","""2026-06-10T01:55:05.118Z""",
"105","UA5892","UA","""2026-06-10T00:00:00.000Z""","10:25","""2026-06-10T10:25:00.000Z""","ORD","FWA",,,"archived","7","green","""2026-06-10T03:51:48.740Z""",,,,"Arrived","0","""2026-06-11T00:19:50.909Z""",,,"Bombardier CRJ","unknown","true","2","""2026-06-10T01:55:05.185Z""",
"106","VS26","VS","""2026-06-10T00:00:00.000Z""","08:15","""2026-06-10T08:15:00.000Z""","JFK","LHR",,,"archived","6","green","""2026-06-10T03:51:33.603Z""",,,,"Arrived","0","""2026-06-11T00:19:51.908Z""",,,"Boeing 787-9","unknown","true","2","""2026-06-10T01:55:05.369Z""",
"107","DL323","DL","""2026-06-10T00:00:00.000Z""","07:30","""2026-06-10T07:30:00.000Z""","ATL","LGA",,,"archived","6","green","""2026-06-10T03:51:33.956Z""",,,,"Arrived","0","""2026-06-11T00:19:32.354Z""",,,"Airbus A321","unknown","true","2","""2026-06-10T01:55:05.369Z""",
"108","DL5015","DL","""2026-06-10T00:00:00.000Z""","09:40","""2026-06-10T09:40:00.000Z""","JFK","CHS",,,"archived","6","green","""2026-06-10T03:53:02.007Z""",,,,"Arrived","0","""2026-06-11T00:21:09.076Z""",,,"Bombardier CRJ900","unknown","true","2","""2026-06-10T01:55:05.415Z""",
"109","DL1271","DL","""2026-06-10T00:00:00.000Z""","09:05","""2026-06-10T09:05:00.000Z""","ATL","FLL",,,"archived","6","green","""2026-06-10T03:51:35.433Z""",,,,"Arrived","0","""2026-06-11T00:19:32.930Z""",,,"Airbus A321","unknown","true","2","""2026-06-10T01:55:05.416Z""",
"110","DL712","DL","""2026-06-10T00:00:00.000Z""","10:08","""2026-06-10T10:08:00.000Z""","ATL","SAN",,,"archived","7","green","""2026-06-10T03:51:35.851Z""",,,,"Arrived","0","""2026-06-11T00:19:33.854Z""",,,"Boeing 757-300","unknown","true","2","""2026-06-10T01:55:05.446Z""",
"111","DL749","DL","""2026-06-10T00:00:00.000Z""","10:11","""2026-06-10T10:11:00.000Z""","LAX","TPA",,,"archived","7","green","""2026-06-10T03:51:52.883Z""",,,,"Arrived","0","""2026-06-11T00:19:56.971Z""",,,"Airbus A320","unknown","true","2","""2026-06-10T01:55:05.502Z""",
"112","JRE840","JRE","""2026-06-10T00:00:00.000Z""","08:30","""2026-06-10T08:30:00.000Z""","BOS","BWI",,,"archived","6","green","""2026-06-10T03:51:36.296Z""",,,,"Departed","0","""2026-06-11T00:19:35.110Z""",,"N840JS","Cessna 560 Citation Excel","unknown","true","2","""2026-06-10T01:55:05.878Z""",
"113","DL860","DL","""2026-06-10T00:00:00.000Z""","10:05","""2026-06-10T10:05:00.000Z""","BOS","SFO",,,"archived","16","green","""2026-06-10T03:51:36.961Z""",,,,"Arrived","0","""2026-06-11T00:19:36.366Z""",,"N587DT","Airbus A321 NEO","unknown","true","2","""2026-06-10T01:55:05.883Z""",
"114","AA6407","AA","""2026-06-10T00:00:00.000Z""","11:45","""2026-06-10T11:45:00.000Z""","ORD","YYZ",,,"archived","7","green","""2026-06-10T03:51:40.686Z""",,,,"Arrived","0","""2026-06-11T00:19:41.452Z""",,,"Canadair reg jet 700","unknown","true","2","""2026-06-10T01:55:06.985Z""",
"115","AA3716","AA","""2026-06-10T00:00:00.000Z""","13:07","""2026-06-10T13:07:00.000Z""","ORD","MSN",,,"archived","7","green","""2026-06-10T03:51:53.423Z""",,,,"Cancelled","0","""2026-06-11T00:19:57.918Z""",,,"Embraer 170","unknown","true","2","""2026-06-10T01:55:06.989Z""",
"116","UA2091","UA","""2026-06-10T00:00:00.000Z""","14:13","""2026-06-10T14:13:00.000Z""","ORD","RDU",,,"archived","9","green","""2026-06-10T03:51:41.703Z""",,,,"Arrived","0","""2026-06-11T00:19:43.429Z""",,,"Boeing 737-900","unknown","true","2","""2026-06-10T01:55:06.992Z""",
"117","AA4658","AA","""2026-06-10T00:00:00.000Z""","12:59","""2026-06-10T12:59:00.000Z""","JFK","RDU",,,"archived","7","green","""2026-06-10T03:51:42.084Z""",,,,"Arrived","0","""2026-06-11T00:19:45.503Z""",,,"Embraer 175","unknown","true","2","""2026-06-10T01:55:07.378Z""",
"118","DL5012","DL","""2026-06-10T00:00:00.000Z""","14:20","""2026-06-10T14:20:00.000Z""","JFK","CVG",,,"archived","9","green","""2026-06-10T03:51:42.741Z""",,,,"Arrived","0","""2026-06-11T00:19:45.934Z""",,,"Bombardier CRJ900","unknown","true","2","""2026-06-10T01:55:07.382Z""",
"119","DL483","DL","""2026-06-10T00:00:00.000Z""","11:18","""2026-06-10T11:18:00.000Z""","ATL","BUR",,,"archived","7","green","""2026-06-10T03:51:43.137Z""",,,,"Arrived","0","""2026-06-11T00:19:46.916Z""",,"N324DU","Airbus A220-300","unknown","true","2","""2026-06-10T01:55:07.982Z""",
"120","WN4154","WN","""2026-06-10T00:00:00.000Z""","12:40","""2026-06-10T12:40:00.000Z""","ATL","HOU",,,"archived","7","green","""2026-06-10T03:51:47.070Z""",,,,"Arrived","0","""2026-06-11T00:19:47.939Z""",,,,"unknown","true","2","""2026-06-10T01:55:07.986Z""",
"121","DL2467","DL","""2026-06-10T00:00:00.000Z""","14:12","""2026-06-10T14:12:00.000Z""","ATL","MYR",,,"archived","9","green","""2026-06-10T03:51:53.875Z""",,,,"Arrived","0","""2026-06-11T00:19:58.934Z""",,,"Boeing 717-200","unknown","true","2","""2026-06-10T01:55:07.990Z""",
"122","WN887","WN","""2026-06-10T00:00:00.000Z""","12:50","""2026-06-10T12:50:00.000Z""","BOS","DEN",,,"archived","7","green","""2026-06-10T03:51:55.919Z""",,,,"Arrived","0","""2026-06-11T00:19:59.959Z""",,,"Boeing 737-800","unknown","true","2","""2026-06-10T01:55:08.962Z""",
"123","DL5789","DL","""2026-06-10T00:00:00.000Z""","14:13","""2026-06-10T14:13:00.000Z""","BOS","CVG",,,"archived","9","green","""2026-06-10T03:23:59.127Z""",,,,"Arrived","0","""2026-06-11T00:21:10.357Z""",,,"Embraer 175","unknown","true","2","""2026-06-10T01:55:08.967Z""",
"124","VB683","VB","""2026-06-10T00:00:00.000Z""","15:40","""2026-06-10T15:40:00.000Z""","DFW","MTY",,,"archived","8","green","""2026-06-10T03:51:56.745Z""",,,,"EnRoute","0","""2026-06-11T00:20:00.962Z""",,,"Airbus A320","unknown","true","2","""2026-06-10T01:55:09.522Z""",
"125","AA2864","AA","""2026-06-10T00:00:00.000Z""","16:57","""2026-06-10T16:57:00.000Z""","DFW","LAS",,,"archived","9","green","""2026-06-10T03:51:57.144Z""",,,,"EnRoute","0","""2026-06-11T00:20:01.961Z""",,,"Boeing 737","unknown","true","2","""2026-06-10T01:55:09.526Z""",
"126","AA2235","AA","""2026-06-10T00:00:00.000Z""","18:30","""2026-06-10T18:30:00.000Z""","DFW","DEN",,,"archived","12","green","""2026-06-10T03:51:58.607Z""",,,,"status_unresolvable",,"""2026-06-11T00:20:02.944Z""",,,"Airbus A321","unknown","true","2","""2026-06-10T01:55:09.530Z""",
"127","AC8484","AC","""2026-06-10T00:00:00.000Z""","15:40","""2026-06-10T15:40:00.000Z""","ORD","YUL",,,"archived","9","green","""2026-06-10T03:22:45.586Z""",,,,"EnRoute","0","""2026-06-11T00:21:15.964Z""",,,"Bombardier CRJ900","unknown","true","2","""2026-06-10T01:55:09.897Z""",
"128","AA6438","AA","""2026-06-10T00:00:00.000Z""","16:52","""2026-06-10T16:52:00.000Z""","ORD","ROC",,,"archived","9","green","""2026-06-10T03:51:59.038Z""",,,,"status_unresolvable",,"""2026-06-11T00:20:03.953Z""",,,"Canadair reg jet 700","unknown","true","2","""2026-06-10T01:55:09.901Z""",
"129","UA2180","UA","""2026-06-10T00:00:00.000Z""","18:05","""2026-06-10T18:05:00.000Z""","ORD","MIA",,,"archived","12","green","""2026-06-10T03:51:59.451Z""",,,,"EnRoute","0","""2026-06-11T00:20:04.938Z""",,,"Boeing 737","unknown","true","2","""2026-06-10T01:55:09.904Z""",
"130","DL981","DL","""2026-06-10T00:00:00.000Z""","15:30","""2026-06-10T15:30:00.000Z""","ATL","BOG",,,"archived","8","green","""2026-06-10T03:52:00.190Z""",,,,"EnRoute","0","""2026-06-11T00:20:05.992Z""",,,"Boeing 757","unknown","true","2","""2026-06-10T01:55:10.978Z""",
"131","DL3063","DL","""2026-06-10T00:00:00.000Z""","16:47","""2026-06-10T16:47:00.000Z""","ATL","GPT",,,"archived","9","green","""2026-06-10T03:53:03.792Z""",,,,"Arrived","0","""2026-06-11T00:21:09.839Z""",,,"Boeing 717-200","unknown","true","2","""2026-06-10T01:55:10.982Z""",
"132","DL720","DL","""2026-06-10T00:00:00.000Z""","18:00","""2026-06-10T18:00:00.000Z""","ATL","CLT",,,"archived","12","green","""2026-06-10T03:51:49.124Z""",,,,"Arrived","0","""2026-06-11T00:20:40.054Z""",,,"Boeing 717-200","unknown","true","2","""2026-06-10T01:55:10.985Z""",
"133","WN928","WN","""2026-06-10T00:00:00.000Z""","15:40","""2026-06-10T15:40:00.000Z""","LAX","SMF",,,"archived","9","green","""2026-06-10T03:51:49.640Z""",,,,"Arrived","0","""2026-06-11T00:19:52.924Z""",,,,"unknown","true","2","""2026-06-10T01:55:11.383Z""",
"134","DL2459","DL","""2026-06-10T00:00:00.000Z""","17:01","""2026-06-10T17:01:00.000Z""","LAX","PDX",,,"archived","9","green","""2026-06-10T03:51:51.008Z""",,,,"EnRoute","0","""2026-06-11T00:19:53.924Z""",,,"Airbus A319","unknown","true","2","""2026-06-10T01:55:11.387Z""",
"135","DL858","DL","""2026-06-10T00:00:00.000Z""","18:31","""2026-06-10T18:31:00.000Z""","LAX","BNA",,,"archived","12","green","""2026-06-10T03:51:51.301Z""",,,,"status_unresolvable",,"""2026-06-11T00:19:54.918Z""",,,"Boeing 737-900","unknown","true","2","""2026-06-10T01:55:11.390Z""",
"136","DL5814","DL","""2026-06-10T00:00:00.000Z""","17:05","""2026-06-10T17:05:00.000Z""","BOS","JFK",,,"archived","9","green","""2026-06-10T03:52:00.628Z""",,,,"status_unresolvable",,"""2026-06-11T00:20:06.957Z""",,,"Embraer 175","unknown","true","2","""2026-06-10T01:55:11.979Z""",
"137","UA5290","UA","""2026-06-10T00:00:00.000Z""","19:45","""2026-06-10T19:45:00.000Z""","ORD","BOI",,,"archived","12","green","""2026-06-10T03:52:01.067Z""",,,,"status_unresolvable",,"""2026-06-11T00:20:07.932Z""",,,"Embraer 175","unknown","true","2","""2026-06-10T01:55:12.973Z""",
"138","AA2682","AA","""2026-06-10T00:00:00.000Z""","20:59","""2026-06-10T20:59:00.000Z""","ORD","BOS",,,"archived","13","green","""2026-06-10T03:52:03.385Z""",,,,"status_unresolvable",,"""2026-06-11T00:20:08.962Z""",,"N860NN","Boeing 737-800","unknown","true","2","""2026-06-10T01:55:12.976Z""",
"139","UA5751","UA","""2026-06-10T00:00:00.000Z""","22:00","""2026-06-10T22:00:00.000Z""","ORD","COU",,,"archived","13","green","""2026-06-10T03:52:05.490Z""",,,,"status_unresolvable",,"""2026-06-11T00:20:09.954Z""",,,,"unknown","true","2","""2026-06-10T01:55:12.980Z""",
"140","DL230","DL","""2026-06-10T00:00:00.000Z""","19:30","""2026-06-10T19:30:00.000Z""","JFK","FCO",,,"archived","11","green","""2026-06-10T03:52:05.878Z""",,,,"status_unresolvable",,"""2026-06-11T00:20:10.981Z""",,,"Airbus A330-300","unknown","true","2","""2026-06-10T01:55:13.375Z""",
"141","DL2136","DL","""2026-06-10T00:00:00.000Z""","19:43","""2026-06-10T19:43:00.000Z""","ATL","JAN",,,"archived","12","green","""2026-06-10T03:52:06.942Z""",,,,"status_unresolvable",,"""2026-06-11T00:20:11.999Z""",,,"Boeing 717-200","unknown","true","2","""2026-06-10T01:55:14.051Z""",
"142","DL3082","DL","""2026-06-10T00:00:00.000Z""","21:15","""2026-06-10T21:15:00.000Z""","ATL","LEX",,,"archived","13","green","""2026-06-10T03:52:07.355Z""",,,,"status_unresolvable",,"""2026-06-11T00:20:12.998Z""",,,"Boeing 737-900","unknown","true","2","""2026-06-10T01:55:14.054Z""",
"143","DL865","DL","""2026-06-10T00:00:00.000Z""","22:50","""2026-06-10T22:50:00.000Z""","ATL","BOS",,,"archived","13","green","""2026-06-10T03:52:07.764Z""",,,,"status_unresolvable",,"""2026-06-11T00:20:13.950Z""",,"N550DN","Airbus A320","unknown","true","2","""2026-06-10T01:55:14.057Z""",
"144","KL618","KL","""2026-06-10T00:00:00.000Z""","20:25","""2026-06-10T20:25:00.000Z""","BOS","AMS",,,"archived","13","green","""2026-06-10T03:52:09.713Z""",,,,"status_unresolvable",,"""2026-06-11T00:20:14.989Z""",,,"Airbus A330-300","unknown","true","2","""2026-06-10T01:55:14.972Z""",
"145","DL5704","DL","""2026-06-10T00:00:00.000Z""","21:50","""2026-06-10T21:50:00.000Z""","BOS","DCA",,,"archived","13","green","""2026-06-10T03:52:09.994Z""",,,,"status_unresolvable",,"""2026-06-11T00:20:15.973Z""",,,"Embraer 175","unknown","true","2","""2026-06-10T01:55:14.976Z""",
"146","AA1476","AA","""2026-06-10T00:00:00.000Z""","07:10","""2026-06-10T07:10:00.000Z""","DFW","BNA",,,"archived","6","green","""2026-06-10T03:52:10.651Z""",,,,"Arrived","0","""2026-06-11T00:20:16.973Z""",,,"Boeing 737-800","unknown","true","2","""2026-06-10T02:32:00.669Z""",
"147","AA1396","AA","""2026-06-10T00:00:00.000Z""","08:55","""2026-06-10T08:55:00.000Z""","DFW","AUS",,,"archived","6","green","""2026-06-10T03:52:11.566Z""",,,,"Arrived","0","""2026-06-11T00:20:17.949Z""",,,"Airbus A319","unknown","true","2","""2026-06-10T02:32:00.678Z""",
"148","AA1885","AA","""2026-06-10T00:00:00.000Z""","10:15","""2026-06-10T10:15:00.000Z""","DFW","GEG",,,"archived","7","green","""2026-06-10T03:52:12.364Z""",,,,"Arrived","0","""2026-06-11T00:20:19.023Z""",,"N139AN","Airbus A321","unknown","true","2","""2026-06-10T02:32:00.693Z""",
"149","UA4612","UA","""2026-06-10T00:00:00.000Z""","10:25","""2026-06-10T10:25:00.000Z""","ORD","CHA",,,"archived","7","green","""2026-06-10T03:52:38.289Z""",,,,"Arrived","0","""2026-06-11T00:20:39.078Z""",,,,"unknown","true","2","""2026-06-10T02:32:00.696Z""",
"150","DL1891","DL","""2026-06-10T00:00:00.000Z""","08:15","""2026-06-10T08:15:00.000Z""","JFK","PLS",,,"archived","5","green","""2026-06-10T03:52:39.149Z""",,,,"status_unresolvable",,"""2026-06-11T00:20:41.058Z""",,,"Airbus A320","unknown","true","2","""2026-06-10T02:32:03.612Z""",
"151","AS668","AS","""2026-06-10T00:00:00.000Z""","07:00","""2026-06-10T07:00:00.000Z""","LAX","PDX",,,"archived","6","green","""2026-06-10T03:52:14.887Z""",,,,"Arrived","0","""2026-06-11T00:20:22.066Z""",,,"Boeing 737-900","unknown","true","2","""2026-06-10T02:32:03.764Z""",
"152","DL615","DL","""2026-06-10T00:00:00.000Z""","10:11","""2026-06-10T10:11:00.000Z""","LAX","CUN",,,"archived","6","green","""2026-06-10T03:52:15.845Z""",,,,"Arrived","0","""2026-06-11T00:20:22.974Z""",,,"Boeing 737-900","unknown","true","2","""2026-06-10T02:32:03.823Z""",
"153","DL598","DL","""2026-06-10T00:00:00.000Z""","11:18","""2026-06-10T11:18:00.000Z""","ATL","CUN",,,"archived","6","green","""2026-06-10T03:52:16.320Z""",,,,"Arrived","0","""2026-06-11T00:20:23.460Z""",,,"Airbus A321","unknown","true","2","""2026-06-10T02:32:04.188Z""",
"154","DL350","DL","""2026-06-10T00:00:00.000Z""","12:40","""2026-06-10T12:40:00.000Z""","ATL","BOS",,,"archived","7","green","""2026-06-10T03:52:17.189Z""",,,,"Arrived","0","""2026-06-11T00:20:23.973Z""",,,"Airbus A321","unknown","true","2","""2026-06-10T02:32:04.200Z""",
"155","AA6352","AA","""2026-06-10T00:00:00.000Z""","11:45","""2026-06-10T11:45:00.000Z""","ORD","STL",,,"archived","7","green","""2026-06-10T03:52:18.245Z""",,,,"Cancelled","0","""2026-06-11T00:20:24.971Z""",,,"Canadair reg jet 700","unknown","true","2","""2026-06-10T02:32:04.799Z""",
"156","AA2634","AA","""2026-06-10T00:00:00.000Z""","11:55","""2026-06-10T11:55:00.000Z""","DFW","SMF",,,"archived","7","green","""2026-06-10T03:52:39.734Z""",,,,"Arrived","0","""2026-06-11T00:20:42.150Z""",,"N198UW","Airbus A321","unknown","true","2","""2026-06-10T02:32:05.173Z""",
"157","AA5063","AA","""2026-06-10T00:00:00.000Z""","12:44","""2026-06-10T12:44:00.000Z""","DFW","BHM",,,"archived","7","green","""2026-06-10T03:52:18.746Z""",,,,"Arrived","0","""2026-06-11T00:20:25.548Z""",,,"Bombardier CRJ900","unknown","true","2","""2026-06-10T02:32:05.176Z""",
"158","AA5006","AA","""2026-06-10T00:00:00.000Z""","14:25","""2026-06-10T14:25:00.000Z""","DFW","ICT",,,"archived","9","green","""2026-06-10T03:52:19.168Z""",,,,"Cancelled","0","""2026-06-11T00:20:26.008Z""",,,"Canadair reg jet 700","unknown","true","2","""2026-06-10T02:32:05.180Z""",
"159","DL5301","DL","""2026-06-10T00:00:00.000Z""","14:20","""2026-06-10T14:20:00.000Z""","JFK","RIC",,,"archived","9","green","""2026-06-10T03:52:20.496Z""",,,,"Arrived","0","""2026-06-11T00:20:26.982Z""",,,"Bombardier CRJ900","unknown","true","2","""2026-06-10T02:32:05.751Z""",
"160","UA325","UA","""2026-06-10T00:00:00.000Z""","11:43","""2026-06-10T11:43:00.000Z""","LAX","SEA",,,"archived","8","green","""2026-06-10T03:52:20.896Z""",,,,"Arrived","0","""2026-06-11T00:20:27.538Z""",,,"Boeing 737-800","unknown","true","2","""2026-06-10T02:32:06.176Z""",
"161","UA152","UA","""2026-06-10T00:00:00.000Z""","12:50","""2026-06-10T12:50:00.000Z""","LAX","HKG",,,"archived","6","green","""2026-06-10T03:52:21.606Z""",,,,"EnRoute","0","""2026-06-11T00:20:28.001Z""",,,"Boeing 787-9","unknown","true","2","""2026-06-10T02:32:06.180Z""",
"162","AA4958","AA","""2026-06-10T00:00:00.000Z""","14:05","""2026-06-10T14:05:00.000Z""","LAX","DEN",,,"archived","9","green","""2026-06-10T03:52:40.129Z""",,,,"status_unresolvable",,"""2026-06-11T00:20:43.098Z""",,,"Embraer 175","unknown","true","2","""2026-06-10T02:32:06.183Z""",
"163","WN4917","WN","""2026-06-10T00:00:00.000Z""","12:50","""2026-06-10T12:50:00.000Z""","BOS","STL",,,"archived","7","green","""2026-06-10T03:52:22.062Z""",,,,"Arrived","0","""2026-06-11T00:20:28.975Z""",,,,"unknown","true","2","""2026-06-10T02:32:06.740Z""",
"164","UA516","UA","""2026-06-10T00:00:00.000Z""","15:30","""2026-06-10T15:30:00.000Z""","ATL","ORD",,,"archived","9","green","""2026-06-10T03:52:23.290Z""",,,,"status_unresolvable",,"""2026-06-11T00:20:29.504Z""",,"N75432","Boeing 737-900","unknown","true","2","""2026-06-10T02:32:07.276Z""",
"165","DL5129","DL","""2026-06-10T00:00:00.000Z""","18:00","""2026-06-10T18:00:00.000Z""","ATL","MOB",,,"archived","12","green","""2026-06-10T03:52:24.079Z""",,,,"status_unresolvable",,"""2026-06-11T00:20:30.074Z""",,,"Bombardier CRJ900","unknown","true","2","""2026-06-10T02:32:07.281Z""",
"166","AV631","AV","""2026-06-10T00:00:00.000Z""","15:40","""2026-06-10T15:40:00.000Z""","ORD","GUA",,,"archived","8","green","""2026-06-10T03:52:24.752Z""",,,,"status_unresolvable",,"""2026-06-11T00:20:30.969Z""",,,"Airbus A320 NEO","unknown","true","2","""2026-06-10T02:32:07.747Z""",
"167","UA288","UA","""2026-06-10T00:00:00.000Z""","18:05","""2026-06-10T18:05:00.000Z""","ORD","SNN",,,"archived","11","green","""2026-06-10T03:52:30.248Z""",,,,"EnRoute","0","""2026-06-11T00:20:31.531Z""",,,"Boeing 757-200","unknown","true","2","""2026-06-10T02:32:07.751Z""",
"168","AA216","AA","""2026-06-10T00:00:00.000Z""","15:40","""2026-06-10T15:40:00.000Z""","DFW","ATH",,,"archived","8","green","""2026-06-10T03:52:41.803Z""",,,,"EnRoute","0","""2026-06-11T00:20:44.073Z""",,,"Boeing 777-200","unknown","true","2","""2026-06-10T02:32:08.531Z""",
"169","AA6421","AA","""2026-06-10T00:00:00.000Z""","16:57","""2026-06-10T16:57:00.000Z""","DFW","LBB",,,"archived","9","green","""2026-06-10T03:52:30.724Z""",,,,"status_unresolvable",,"""2026-06-11T00:20:32.167Z""",,,"Canadair reg jet 700","unknown","true","2","""2026-06-10T02:32:08.535Z""",
"170","DL4933","DL","""2026-06-10T00:00:00.000Z""","18:20","""2026-06-10T18:20:00.000Z""","JFK","MSP",,,"archived","12","green","""2026-06-10T03:52:31.700Z""",,,,"EnRoute","0","""2026-06-11T00:20:33.146Z""",,,"Bombardier CRJ900","unknown","true","2","""2026-06-10T02:32:08.723Z""",
"171","DL2889","DL","""2026-06-10T00:00:00.000Z""","15:40","""2026-06-10T15:40:00.000Z""","BOS","SEA",,,"archived","10","green","""2026-06-10T03:52:33.076Z""",,,,"EnRoute","0","""2026-06-11T00:20:33.552Z""",,,"Airbus A320","unknown","true","2","""2026-06-10T02:32:09.690Z""",
"172","DL1229","DL","""2026-06-10T00:00:00.000Z""","22:50","""2026-06-10T22:50:00.000Z""","ATL","FLL",,,"archived","13","green","""2026-06-10T03:52:42.237Z""",,,,"status_unresolvable",,"""2026-06-11T00:20:45.068Z""",,"N6705Y","Boeing 757","unknown","true","2","""2026-06-10T02:32:10.283Z""",
"173","AA4403","AA","""2026-06-10T00:00:00.000Z""","20:59","""2026-06-10T20:59:00.000Z""","ORD","PWM",,,"archived","13","green","""2026-06-10T03:52:13.549Z""",,,,"status_unresolvable",,"""2026-06-11T00:20:20.065Z""",,,"Embraer 175","unknown","true","2","""2026-06-10T02:32:10.753Z""",
"174","UA1850","UA","""2026-06-10T00:00:00.000Z""","22:00","""2026-06-10T22:00:00.000Z""","ORD","OMA",,,"archived","13","green","""2026-06-10T03:52:13.827Z""",,,,"status_unresolvable",,"""2026-06-11T00:20:20.962Z""",,,"Boeing 737-900","unknown","true","2","""2026-06-10T02:32:10.756Z""",
"175","DL436","DL","""2026-06-10T00:00:00.000Z""","19:40","""2026-06-10T19:40:00.000Z""","DFW","ATL",,,"archived","12","green","""2026-06-10T03:52:14.442Z""",,,,"status_unresolvable",,"""2026-06-11T00:20:21.533Z""",,,"Airbus A320","unknown","true","2","""2026-06-10T02:32:11.178Z""",
"176","AA4981","AA","""2026-06-10T00:00:00.000Z""","20:56","""2026-06-10T20:56:00.000Z""","DFW","DRO",,,"archived","13","green","""2026-06-10T03:52:33.984Z""",,,,"status_unresolvable",,"""2026-06-11T00:20:35.074Z""",,,"Canadair reg jet 700","unknown","true","2","""2026-06-10T02:32:11.182Z""",
"177","AA5044","AA","""2026-06-10T00:00:00.000Z""","22:40","""2026-06-10T22:40:00.000Z""","DFW","JAN",,,"archived","13","green","""2026-06-10T03:52:35.216Z""",,,,"status_unresolvable",,"""2026-06-11T00:20:35.621Z""",,"N533AE","Canadair reg jet 700","unknown","true","2","""2026-06-10T02:32:11.185Z""",
"178","DL688","DL","""2026-06-10T00:00:00.000Z""","19:30","""2026-06-10T19:30:00.000Z""","JFK","SEA",,,"archived","13","green","""2026-06-10T03:52:42.931Z""",,,,"status_unresolvable",,"""2026-06-11T00:20:46.096Z""",,,"Airbus A320","unknown","true","2","""2026-06-10T02:32:11.656Z""",
"179","BA172","BA","""2026-06-10T00:00:00.000Z""","20:55","""2026-06-10T20:55:00.000Z""","JFK","LHR",,,"archived","13","green","""2026-06-10T03:52:35.568Z""",,,,"status_unresolvable",,"""2026-06-11T00:20:36.065Z""",,,"Boeing 777","unknown","true","2","""2026-06-10T02:32:11.660Z""",
"180","WN2348","WN","""2026-06-10T00:00:00.000Z""","19:55","""2026-06-10T19:55:00.000Z""","LAX","SMF",,,"archived","12","green","""2026-06-10T03:52:36.144Z""",,,,"status_unresolvable",,"""2026-06-11T00:20:37.045Z""",,,"Boeing 737","unknown","true","2","""2026-06-10T02:32:12.159Z""",
"181","UA2303","UA","""2026-06-10T00:00:00.000Z""","23:15","""2026-06-10T23:15:00.000Z""","LAX","EWR",,,"archived","13","green","""2026-06-10T03:52:36.544Z""",,,,"status_unresolvable",,"""2026-06-11T00:20:37.527Z""",,,"Boeing 777","unknown","true","2","""2026-06-10T02:32:12.163Z""",
"182","DL2234","DL","""2026-06-10T00:00:00.000Z""","19:30","""2026-06-10T19:30:00.000Z""","BOS","TPA",,,"archived","12","green","""2026-06-10T03:52:43.587Z""",,,,"EnRoute","0","""2026-06-11T00:20:47.027Z""",,,"Boeing 737-800","unknown","true","2","""2026-06-10T02:32:12.756Z""",
"183","AA3403","AA","""2026-06-10T00:00:00.000Z""","07:10","""2026-06-10T07:10:00.000Z""","DFW","MEM",,,"archived","6","green","""2026-06-10T03:52:38.738Z""",,,,"Cancelled","0","""2026-06-11T00:21:24.694Z""",,,"Embraer 170","unknown","true","2","""2026-06-10T02:53:23.684Z""",
"184","UA1292","UA","""2026-06-10T00:00:00.000Z""","08:45","""2026-06-10T08:45:00.000Z""","ORD","YVR",,,"archived","6","green","""2026-06-10T03:21:50.370Z""",,,,"Arrived","0","""2026-06-11T00:21:15.139Z""",,,"Boeing 737-900","unknown","true","2","""2026-06-10T02:53:24.109Z""",
"185","UA1606","UA","""2026-06-10T00:00:00.000Z""","10:25","""2026-06-10T10:25:00.000Z""","ORD","BOS",,,"archived","7","green","""2026-06-10T03:52:37.761Z""",,,,"Arrived","0","""2026-06-11T00:20:37.999Z""",,,"Airbus A319","unknown","true","2","""2026-06-10T02:53:24.122Z""",
"186","DL742","DL","""2026-06-10T00:00:00.000Z""","07:00","""2026-06-10T07:00:00.000Z""","JFK","LAX",,,"archived","6","green","""2026-06-10T03:52:43.978Z""",,,,"Arrived","0","""2026-06-11T00:20:47.545Z""",,,"Boeing 767-300","unknown","true","2","""2026-06-10T02:53:26.562Z""",
"187","DL3700","DL","""2026-06-10T00:00:00.000Z""","07:00","""2026-06-10T07:00:00.000Z""","LAX","SMF",,,"archived","6","green","""2026-06-10T03:52:44.467Z""",,,,"Arrived","0","""2026-06-11T00:20:48.114Z""",,,"Embraer 175","unknown","true","2","""2026-06-10T02:53:26.767Z""",
"188","UA1185","UA","""2026-06-10T00:00:00.000Z""","08:51","""2026-06-10T08:51:00.000Z""","LAX","SJD",,,"archived","5","green","""2026-06-10T03:52:44.959Z""",,,,"EnRoute","0","""2026-06-11T00:20:49.000Z""",,,"Boeing 737-800","unknown","true","2","""2026-06-10T02:53:26.838Z""",
"189","DL5630","DL","""2026-06-10T00:00:00.000Z""","10:05","""2026-06-10T10:05:00.000Z""","BOS","CLT",,,"archived","7","green","""2026-06-10T03:52:46.000Z""",,,,"Arrived","0","""2026-06-11T00:20:49.506Z""",,,"Embraer 175","unknown","true","2","""2026-06-10T02:53:26.883Z""",
"190","AA2353","AA","""2026-06-10T00:00:00.000Z""","11:55","""2026-06-10T11:55:00.000Z""","DFW","PWM",,,"archived","7","green","""2026-06-10T03:52:46.483Z""",,,,"Arrived","0","""2026-06-11T00:20:50.020Z""",,"N948AN","Boeing 737-800","unknown","true","2","""2026-06-10T02:53:27.195Z""",
"191","AA3485","AA","""2026-06-10T00:00:00.000Z""","14:25","""2026-06-10T14:25:00.000Z""","DFW","CRP",,,"archived","9","green","""2026-06-10T03:23:54.804Z""",,,,"Cancelled","0","""2026-06-11T00:21:16.508Z""",,,"Embraer 175","unknown","true","2","""2026-06-10T02:53:27.200Z""",
"192","AA4676","AA","""2026-06-10T00:00:00.000Z""","11:45","""2026-06-10T11:45:00.000Z""","ORD","DSM",,,"archived","7","green","""2026-06-10T03:52:46.914Z""",,,,"Arrived","0","""2026-06-11T00:20:51.047Z""",,,"Embraer 175","unknown","true","2","""2026-06-10T02:53:27.744Z""",
"193","UA1826","UA","""2026-06-10T00:00:00.000Z""","12:40","""2026-06-10T12:40:00.000Z""","ATL","EWR",,,"archived","7","green","""2026-06-10T03:52:47.936Z""",,,,"Arrived","0","""2026-06-11T00:20:52.061Z""",,"N17407","Airbus A319","unknown","true","2","""2026-06-10T02:53:28.238Z""",
"194","DL5200","DL","""2026-06-10T00:00:00.000Z""","14:20","""2026-06-10T14:20:00.000Z""","JFK","CHS",,,"archived","9","green","""2026-06-10T03:52:48.548Z""",,,,"Cancelled","0","""2026-06-11T00:20:53.171Z""",,,"Bombardier CRJ900","unknown","true","2","""2026-06-10T02:53:28.711Z""",
"195","WN1698","WN","""2026-06-10T00:00:00.000Z""","12:50","""2026-06-10T12:50:00.000Z""","LAX","BNA",,,"archived","7","green","""2026-06-10T03:52:48.982Z""",,,,"Arrived","0","""2026-06-11T00:20:54.024Z""",,,"Boeing 737","unknown","true","2","""2026-06-10T02:53:29.263Z""",
"196","AC1049","AC","""2026-06-10T00:00:00.000Z""","15:40","""2026-06-10T15:40:00.000Z""","ORD","YVR",,,"archived","9","green","""2026-06-10T03:52:49.962Z""",,,,"EnRoute","0","""2026-06-11T00:20:55.038Z""",,,"Airbus A220-300","unknown","true","2","""2026-06-10T02:53:30.806Z""",
"197","DL5408","DL","""2026-06-10T00:00:00.000Z""","15:38","""2026-06-10T15:38:00.000Z""","JFK","MCI",,,"archived","9","green","""2026-06-10T03:52:50.566Z""",,,,"status_unresolvable",,"""2026-06-11T00:20:56.111Z""",,,"Bombardier CRJ900","unknown","true","2","""2026-06-10T02:53:31.764Z""",
"198","AA3120","AA","""2026-06-10T00:00:00.000Z""","17:01","""2026-06-10T17:01:00.000Z""","JFK","CLT",,,"archived","9","green","""2026-06-10T03:52:50.993Z""",,,,"EnRoute","0","""2026-06-11T00:20:57.090Z""",,,"Airbus A319","unknown","true","2","""2026-06-10T02:53:31.767Z""",
"199","AC753","AC","""2026-06-10T00:00:00.000Z""","15:40","""2026-06-10T15:40:00.000Z""","BOS","YUL",,,"archived","9","green","""2026-06-10T03:52:52.420Z""",,,,"Arrived","0","""2026-06-11T00:20:58.032Z""",,,"Airbus A220-300","unknown","true","2","""2026-06-10T02:53:32.778Z""",
"200","UA2040","UA","""2026-06-10T00:00:00.000Z""","17:05","""2026-06-10T17:05:00.000Z""","BOS","ORD",,,"archived","9","green","""2026-06-10T03:52:52.807Z""",,,,"status_unresolvable",,"""2026-06-11T00:20:59.129Z""",,,"Boeing 737","unknown","true","2","""2026-06-10T02:53:32.784Z""",
"201","BA192","BA","""2026-06-10T00:00:00.000Z""","19:40","""2026-06-10T19:40:00.000Z""","DFW","LHR",,,"archived","12","green","""2026-06-10T03:52:53.442Z""",,,,"status_unresolvable",,"""2026-06-11T00:20:59.535Z""",,,"Airbus A380-800","unknown","true","2","""2026-06-10T02:53:33.184Z""",
"202","AA1084","AA","""2026-06-10T00:00:00.000Z""","20:56","""2026-06-10T20:56:00.000Z""","DFW","LAX",,,"archived","13","green","""2026-06-10T03:52:54.104Z""",,,,"status_unresolvable",,"""2026-06-11T00:21:00.013Z""",,,"Airbus A321","unknown","true","2","""2026-06-10T02:53:33.190Z""",
"203","UA4505","UA","""2026-06-10T00:00:00.000Z""","22:00","""2026-06-10T22:00:00.000Z""","ORD","MLI",,,"archived","13","green","""2026-06-10T03:52:54.511Z""",,,,"status_unresolvable",,"""2026-06-11T00:21:01.011Z""",,,,"unknown","true","2","""2026-06-10T02:53:33.719Z""",
"204","AA1372","AA","""2026-06-10T00:00:00.000Z""","19:43","""2026-06-10T19:43:00.000Z""","ATL","ORD",,,"archived","12","green","""2026-06-10T03:52:55.320Z""",,,,"status_unresolvable",,"""2026-06-11T00:21:01.506Z""",,,"Airbus A319","unknown","true","2","""2026-06-10T02:53:34.289Z""",
"205","DL2306","DL","""2026-06-10T00:00:00.000Z""","21:15","""2026-06-10T21:15:00.000Z""","ATL","DSM",,,"archived","13","green","""2026-06-10T03:52:55.982Z""",,,,"status_unresolvable",,"""2026-06-11T00:21:02.058Z""",,,"Boeing 717-200","unknown","true","2","""2026-06-10T02:53:34.294Z""",
"206","SQ25","SQ","""2026-06-10T00:00:00.000Z""","20:55","""2026-06-10T20:55:00.000Z""","JFK","FRA",,,"archived","15","green","""2026-06-10T03:52:56.301Z""",,,,"status_unresolvable",,"""2026-06-11T00:21:03.091Z""",,,"Boeing 777-300ER","unknown","true","2","""2026-06-10T02:53:34.790Z""",
"207","LA2477","LA","""2026-06-10T00:00:00.000Z""","21:30","""2026-06-10T21:30:00.000Z""","LAX","LIM",,,"archived","12","green","""2026-06-10T03:52:57.145Z""",,,,"Arrived","0","""2026-06-11T00:21:04.271Z""",,"CC-CXG","Boeing 767-300","unknown","true","2","""2026-06-10T02:53:35.274Z""",
"208","VS24","VS","""2026-06-10T00:00:00.000Z""","23:15","""2026-06-10T23:15:00.000Z""","LAX","LHR",,,"archived","13","green","""2026-06-10T03:52:57.987Z""",,,,"status_unresolvable",,"""2026-06-11T00:21:06.050Z""",,"G-VFAN","Boeing 787-9","unknown","true","2","""2026-06-10T02:53:35.277Z""",
"209","UA2060","UA","""2026-06-10T00:00:00.000Z""","20:26","""2026-06-10T20:26:00.000Z""","BOS","EWR",,,"archived","13","green","""2026-06-10T03:52:58.466Z""",,,,"status_unresolvable",,"""2026-06-11T00:21:07.056Z""",,,"Airbus A319","unknown","true","2","""2026-06-10T02:53:35.802Z""",
"210","TK82","TK","""2026-06-10T00:00:00.000Z""","21:50","""2026-06-10T21:50:00.000Z""","BOS","IST",,,"archived","14","green","""2026-06-10T03:52:58.996Z""",,,,"status_unresolvable",,"""2026-06-11T00:21:07.572Z""",,,"Airbus A350-900","unknown","true","2","""2026-06-10T02:53:35.806Z""",
"211","AA1792","AA","""2026-06-10T00:00:00.000Z""","07:10","""2026-06-10T07:10:00.000Z""","DFW","DTW",,,"archived","6","green","""2026-06-10T03:53:00.054Z""",,,,"Arrived","0","""2026-06-11T00:21:08.038Z""",,"N996NN","Boeing 737-800","unknown","true","2","""2026-06-10T03:21:33.942Z""",
"212","AA4969","AA","""2026-06-10T00:00:00.000Z""","07:00","""2026-06-10T07:00:00.000Z""","ORD","DSM",,,"archived","6","green","""2026-06-10T03:24:57.414Z""",,,,"Cancelled","0","""2026-06-11T00:21:10.769Z""",,,"Canadair reg jet 700","unknown","true","2","""2026-06-10T03:21:36.362Z""",
"213","AA249","AA","""2026-06-10T00:00:00.000Z""","08:45","""2026-06-10T08:45:00.000Z""","ORD","MEX",,,"archived","6","green","""2026-06-10T03:24:58.387Z""",,,,"EnRoute","0","""2026-06-11T00:21:11.460Z""",,,"Boeing 737","unknown","true","2","""2026-06-10T03:21:36.434Z""",
"214","UA4458","UA","""2026-06-10T00:00:00.000Z""","10:25","""2026-06-10T10:25:00.000Z""","ORD","ATW",,,"archived","7","green","""2026-06-10T03:25:00.407Z""",,,,"Arrived","0","""2026-06-11T00:21:16.991Z""",,,,"unknown","true","2","""2026-06-10T03:21:36.552Z""",
"215","DL2018","DL","""2026-06-10T00:00:00.000Z""","07:00","""2026-06-10T07:00:00.000Z""","JFK","PBI",,,"archived","6","green","""2026-06-10T03:25:01.255Z""",,,,"Arrived","0","""2026-06-11T00:21:12.006Z""",,,"Boeing 737-800","unknown","true","2","""2026-06-10T03:21:36.594Z""",
"216","DL2250","DL","""2026-06-10T00:00:00.000Z""","07:30","""2026-06-10T07:30:00.000Z""","ATL","BNA",,,"archived","6","green","""2026-06-10T03:25:02.247Z""",,,,"Arrived","0","""2026-06-11T00:21:12.472Z""",,,"Boeing 717-200","unknown","true","2","""2026-06-10T03:21:36.705Z""",
"217","DL2597","DL","""2026-06-10T00:00:00.000Z""","09:05","""2026-06-10T09:05:00.000Z""","ATL","YUL",,,"archived","6","green","""2026-06-10T03:25:03.276Z""",,,,"Arrived","0","""2026-06-11T00:21:12.979Z""",,,"Airbus A319","unknown","true","2","""2026-06-10T03:21:36.780Z""",
"218","AA12","AA","""2026-06-10T00:00:00.000Z""","07:00","""2026-06-10T07:00:00.000Z""","LAX","BOS",,,"archived","6","green","""2026-06-10T03:25:04.252Z""",,,,"Arrived","0","""2026-06-11T00:21:13.935Z""",,,"Airbus A321","unknown","true","2","""2026-06-10T03:21:36.818Z""",
"219","AA61","AA","""2026-06-10T00:00:00.000Z""","11:55","""2026-06-10T11:55:00.000Z""","DFW","NRT",,,"archived","10","green","""2026-06-10T03:25:05.670Z""",,,,"EnRoute","0","""2026-06-11T00:21:14.602Z""",,,"Boeing 777-200","unknown","true","2","""2026-06-10T03:21:37.699Z""",
"220","AA727","AA","""2026-06-10T00:00:00.000Z""","14:25","""2026-06-10T14:25:00.000Z""","DFW","SEA",,,"archived","10","green","""2026-06-10T03:25:07.009Z""",,,,"EnRoute","0","""2026-06-11T00:21:18.072Z""",,,"Airbus A321","unknown","true","2","""2026-06-10T03:21:37.705Z""",
"221","AA1760","AA","""2026-06-10T00:00:00.000Z""","11:45","""2026-06-10T11:45:00.000Z""","ORD","DEN",,,"archived","7","green","""2026-06-10T03:25:08.025Z""",,,,"Arrived","0","""2026-06-11T00:21:18.736Z""",,,"Boeing 737-800","unknown","true","2","""2026-06-10T03:21:38.329Z""",
"222","DL2343","DL","""2026-06-10T00:00:00.000Z""","12:59","""2026-06-10T12:59:00.000Z""","JFK","DTW",,,"archived","7","green","""2026-06-10T03:25:11.619Z""",,,,"Arrived","0","""2026-06-11T00:21:19.109Z""",,,"Airbus A319","unknown","true","2","""2026-06-10T03:21:38.616Z""",
"223","AA574","AA","""2026-06-10T00:00:00.000Z""","18:30","""2026-06-10T18:30:00.000Z""","DFW","BUF",,,"archived","12","green","""2026-06-10T03:25:12.563Z""",,,,"EnRoute","0","""2026-06-11T00:21:19.645Z""",,,"Boeing 737-800","unknown","true","2","""2026-06-10T03:21:40.817Z""",
"224","UA2812","UA","""2026-06-10T00:00:00.000Z""","15:40","""2026-06-10T15:40:00.000Z""","ORD","EWR",,,"archived","9","green","""2026-06-10T03:25:14.028Z""",,,,"status_unresolvable",,"""2026-06-11T00:21:20.128Z""",,,"Boeing 757-200","unknown","true","2","""2026-06-10T03:21:41.191Z""",
"225","DL182","DL","""2026-06-10T00:00:00.000Z""","17:00","""2026-06-10T17:00:00.000Z""","JFK","FCO",,,"archived","8","green","""2026-06-10T03:25:28.457Z""",,,,"EnRoute","0","""2026-06-11T00:21:20.671Z""",,,"Airbus A330-300","unknown","true","2","""2026-06-10T03:21:41.686Z""",
"226","DL3026","DL","""2026-06-10T00:00:00.000Z""","15:30","""2026-06-10T15:30:00.000Z""","ATL","HSV",,,"archived","9","green","""2026-06-10T03:25:29.437Z""",,,,"Arrived","0","""2026-06-11T00:21:21.104Z""",,,"Boeing 717-200","unknown","true","2","""2026-06-10T03:21:42.181Z""",
"227","DL434","DL","""2026-06-10T00:00:00.000Z""","18:00","""2026-06-10T18:00:00.000Z""","ATL","LGA",,,"archived","12","green","""2026-06-10T03:25:32.314Z""",,,,"EnRoute","0","""2026-06-11T00:21:21.652Z""",,,"Airbus A321","unknown","true","2","""2026-06-10T03:21:42.185Z""",
"228","WN754","WN","""2026-06-10T00:00:00.000Z""","18:25","""2026-06-10T18:25:00.000Z""","BOS","STL",,,"archived","12","green","""2026-06-10T03:25:34.128Z""",,,,"status_unresolvable",,"""2026-06-11T00:21:22.141Z""",,,"Boeing 737","unknown","true","2","""2026-06-10T03:21:43.204Z""",
"229","AA236","AA","""2026-06-10T00:00:00.000Z""","19:30","""2026-06-10T19:30:00.000Z""","JFK","FCO",,,"archived","11","green","""2026-06-10T03:25:35.692Z""",,,,"status_unresolvable",,"""2026-06-11T00:21:22.630Z""",,,"Boeing 787-9","unknown","true","2","""2026-06-10T03:21:44.619Z""",
"230","DL114","DL","""2026-06-10T00:00:00.000Z""","22:25","""2026-06-10T22:25:00.000Z""","JFK","OPO",,,"archived","12","green","""2026-06-10T03:25:38.636Z""",,,,"status_unresolvable",,"""2026-06-11T00:21:23.144Z""",,,"Boeing 767-300","unknown","true","2","""2026-06-10T03:21:44.622Z""",
"231","DL298","DL","""2026-06-10T00:00:00.000Z""","21:15","""2026-06-10T21:15:00.000Z""","ATL","FCO",,,"archived","12","green","""2026-06-10T03:25:41.151Z""",,,,"status_unresolvable",,"""2026-06-11T00:21:23.641Z""",,,"Airbus A350-900","unknown","true","2","""2026-06-10T03:21:45.188Z""",
"232","BA202","BA","""2026-06-10T00:00:00.000Z""","21:50","""2026-06-10T21:50:00.000Z""","BOS","LHR",,,"archived","13","green","""2026-06-10T03:25:42.661Z""",,,,"status_unresolvable",,"""2026-06-11T00:21:24.137Z""",,,"Boeing 777","unknown","true","2","""2026-06-10T03:21:46.118Z""",
"233","AA5243","AA","""2026-06-11T00:00:00.000Z""","07:10","""2026-06-11T07:10:00.000Z""","DFW","JAN",,,"archived","8","green","""2026-06-11T01:52:48.373Z""",,,,"Arrived","0","""2026-07-20T07:04:21.646Z""",,,"Bombardier CRJ900","unknown","true","2","""2026-06-11T00:18:33.168Z""",
"234","AA5521","AA","""2026-06-11T00:00:00.000Z""","10:16","""2026-06-11T10:16:00.000Z""","DFW","JAN",,,"archived","9","green","""2026-06-11T01:51:18.256Z""",,,,"Arrived","0","""2026-07-20T07:03:45.155Z""",,,"Canadair reg jet 700","unknown","true","2","""2026-06-11T00:18:33.177Z""",
"235","UA2361","UA","""2026-06-11T00:00:00.000Z""","07:00","""2026-06-11T07:00:00.000Z""","ORD","LAX",,,"archived","40","amber","""2026-06-11T01:52:42.054Z""",,,,"Arrived","0","""2026-07-20T07:04:22.191Z""",,"N54538","Airbus A321 NEO","unknown","true","2","""2026-06-11T00:18:33.509Z""",
"236","UA5974","UA","""2026-06-11T00:00:00.000Z""","08:45","""2026-06-11T08:45:00.000Z""","ORD","ATW",,,"archived","39","amber","""2026-06-11T01:51:38.844Z""",,,,"Arrived","0","""2026-07-20T07:03:46.163Z""",,,"Bombardier CRJ","unknown","true","2","""2026-06-11T00:18:33.524Z""",
"237","UA567","UA","""2026-06-11T00:00:00.000Z""","10:25","""2026-06-11T10:25:00.000Z""","ORD","PIT",,,"archived","41","amber","""2026-06-11T01:51:40.097Z""",,,,"Arrived","0","""2026-07-20T07:03:47.133Z""",,,"Airbus A319","unknown","true","2","""2026-06-11T00:18:33.529Z""",
"238","DL323","DL","""2026-06-11T00:00:00.000Z""","07:30","""2026-06-11T07:30:00.000Z""","ATL","LGA",,,"archived","13","green","""2026-06-11T01:51:51.906Z""",,,,"Arrived","0","""2026-07-20T07:03:48.691Z""",,,"Airbus A321","unknown","true","2","""2026-06-11T00:18:33.943Z""",
"239","DL4097","DL","""2026-06-11T00:00:00.000Z""","09:05","""2026-06-11T09:05:00.000Z""","ATL","SBN",,,"archived","8","green","""2026-06-11T01:51:52.706Z""",,,,"Arrived","0","""2026-07-20T07:03:49.146Z""",,,"Embraer 175","unknown","true","2","""2026-06-11T00:18:33.972Z""",
"240","DL984","DL","""2026-06-11T00:00:00.000Z""","10:07","""2026-06-11T10:07:00.000Z""","ATL","CTG",,,"archived","8","green","""2026-06-11T01:51:53.700Z""",,,,"EnRoute","0","""2026-07-20T07:03:50.107Z""",,,"Boeing 737-800","unknown","true","2","""2026-06-11T00:18:33.998Z""",
"241","DL979","DL","""2026-06-11T00:00:00.000Z""","07:00","""2026-06-11T07:00:00.000Z""","LAX","JFK",,,"archived","26","amber","""2026-06-11T01:51:54.670Z""",,,,"Arrived","0","""2026-07-20T07:03:51.134Z""",,,"Boeing 767-400","unknown","true","2","""2026-06-11T00:18:34.964Z""",
"242","WN2251","WN","""2026-06-11T00:00:00.000Z""","08:55","""2026-06-11T08:55:00.000Z""","LAX","AUS",,,"archived","8","green","""2026-06-11T01:52:44.322Z""",,,,"Arrived","0","""2026-07-20T07:04:20.137Z""",,,"Boeing 737","unknown","true","2","""2026-06-11T00:18:35.081Z""",
"243","DL615","DL","""2026-06-11T00:00:00.000Z""","10:11","""2026-06-11T10:11:00.000Z""","LAX","CUN",,,"archived","8","green","""2026-06-11T01:51:55.817Z""",,,,"Arrived","0","""2026-07-20T07:03:52.130Z""",,,"Boeing 737-900","unknown","true","2","""2026-06-11T00:18:35.103Z""",
"244","AA897","AA","""2026-06-11T00:00:00.000Z""","06:26","""2026-06-11T06:26:00.000Z""","BOS","PHL",,,"archived","8","green","""2026-06-11T01:51:58.117Z""",,,,"Arrived","0","""2026-07-20T07:03:53.316Z""",,,"Boeing 737-800","unknown","true","2","""2026-06-11T00:18:35.523Z""",
"245","AA1277","AA","""2026-06-11T00:00:00.000Z""","10:00","""2026-06-11T10:00:00.000Z""","BOS","LAX",,,"archived","9","green","""2026-06-11T01:51:58.949Z""",,,,"Arrived","0","""2026-07-20T07:03:54.242Z""",,,"Airbus A321","unknown","true","2","""2026-06-11T00:18:35.608Z""",
"246","AA3117","AA","""2026-06-11T00:00:00.000Z""","12:49","""2026-06-11T12:49:00.000Z""","DFW","MIA",,,"archived","9","green","""2026-06-11T01:51:59.945Z""",,,,"Arrived","0","""2026-07-20T07:03:55.304Z""",,,"Airbus A321","unknown","true","2","""2026-06-11T00:18:35.957Z""",
"247","AA727","AA","""2026-06-11T00:00:00.000Z""","14:25","""2026-06-11T14:25:00.000Z""","DFW","SEA",,,"archived","11","green","""2026-06-11T01:52:00.980Z""",,,,"Arrived","0","""2026-07-20T07:03:56.302Z""",,,"Airbus A321","unknown","true","2","""2026-06-11T00:18:35.984Z""",
"248","DL1725","DL","""2026-06-11T00:00:00.000Z""","11:15","""2026-06-11T11:15:00.000Z""","ATL","GSP",,,"archived","9","green","""2026-06-11T01:52:45.764Z""",,,,"Arrived","0","""2026-07-20T07:04:20.666Z""",,,"Boeing 717-200","unknown","true","2","""2026-06-11T00:18:36.939Z""",
"249","DL4663","DL","""2026-06-11T00:00:00.000Z""","12:36","""2026-06-11T12:36:00.000Z""","ATL","CRW",,,"archived","9","green","""2026-06-11T01:52:02.186Z""",,,,"Arrived","0","""2026-07-20T07:03:57.126Z""",,,"Bombardier CRJ900","unknown","true","2","""2026-06-11T00:18:36.948Z""",
"250","DL2546","DL","""2026-06-11T00:00:00.000Z""","14:09","""2026-06-11T14:09:00.000Z""","ATL","TRI",,,"archived","11","green","""2026-06-11T01:52:03.050Z""",,,,"Arrived","0","""2026-07-20T07:03:58.294Z""",,,"Boeing 717-200","unknown","true","2","""2026-06-11T00:18:36.952Z""",
"251","QR704","QR","""2026-06-11T00:00:00.000Z""","11:20","""2026-06-11T11:20:00.000Z""","JFK","DOH",,,"archived","26","amber","""2026-06-11T01:52:03.968Z""",,,,"Arrived","0","""2026-07-20T07:03:59.201Z""",,,"Boeing 777-300ER","unknown","true","2","""2026-06-11T00:18:37.409Z""",
"252","TK4","TK","""2026-06-11T00:00:00.000Z""","12:50","""2026-06-11T12:50:00.000Z""","JFK","IST",,,"archived","26","amber","""2026-06-11T01:52:05.252Z""",,,,"Arrived","0","""2026-07-20T07:04:00.152Z""",,,"Airbus A330-300","unknown","true","2","""2026-06-11T00:18:37.413Z""",
"253","AA4389","AA","""2026-06-11T00:00:00.000Z""","14:25","""2026-06-11T14:25:00.000Z""","JFK","CLE",,,"archived","37","amber","""2026-06-11T01:52:06.045Z""",,,,"Arrived","0","""2026-07-20T07:04:01.187Z""",,,"Embraer 175","unknown","true","2","""2026-06-11T00:18:37.424Z""",
"254","AS6","AS","""2026-06-11T00:00:00.000Z""","11:48","""2026-06-11T11:48:00.000Z""","LAX","DCA",,,"archived","9","green","""2026-06-11T01:52:46.745Z""",,,,"Arrived","0","""2026-07-20T07:04:21.180Z""",,,"Boeing 737-800","unknown","true","2","""2026-06-11T00:18:37.972Z""",
"255","UA2212","UA","""2026-06-11T00:00:00.000Z""","12:55","""2026-06-11T12:55:00.000Z""","LAX","BZN",,,"archived","10","green","""2026-06-11T01:52:07.217Z""",,,,"Arrived","0","""2026-07-20T07:04:02.190Z""",,,"Boeing 737-800","unknown","true","2","""2026-06-11T00:18:37.976Z""",
"256","WN3168","WN","""2026-06-11T00:00:00.000Z""","14:10","""2026-06-11T14:10:00.000Z""","LAX","SFO",,,"archived","25","amber","""2026-06-11T01:52:08.235Z""",,,,"Arrived","0","""2026-07-20T07:04:04.117Z""",,,,"unknown","true","2","""2026-06-11T00:18:37.979Z""",
"257","AA5596","AA","""2026-06-11T00:00:00.000Z""","15:44","""2026-06-11T15:44:00.000Z""","DFW","MCI",,,"archived","11","green","""2026-06-11T01:52:09.575Z""",,,,"Arrived","0","""2026-07-20T07:04:05.128Z""",,,"Bombardier CRJ900","unknown","true","2","""2026-06-11T00:18:38.889Z""",
"258","AA2864","AA","""2026-06-11T00:00:00.000Z""","16:57","""2026-06-11T16:57:00.000Z""","DFW","LAS",,,"archived","11","green","""2026-06-11T01:52:10.480Z""",,,,"Arrived","0","""2026-07-20T07:04:06.145Z""",,,"Boeing 737","unknown","true","2","""2026-06-11T00:18:39.000Z""",
"259","AA2766","AA","""2026-06-11T00:00:00.000Z""","18:30","""2026-06-11T18:30:00.000Z""","DFW","LAX",,,"archived","14","green","""2026-06-11T01:52:12.095Z""",,,,"Arrived","0","""2026-07-20T07:04:07.177Z""",,,"Airbus A321","unknown","true","2","""2026-06-11T00:18:39.003Z""",
"260","EI122","EI","""2026-06-11T00:00:00.000Z""","15:45","""2026-06-11T15:45:00.000Z""","ORD","DUB",,,"archived","51","red","""2026-06-11T01:49:55.220Z""",,,,"Arrived","0","""2026-07-20T07:03:11.577Z""",,,"Airbus A330-300","unknown","true","2","""2026-06-11T00:18:39.569Z""",
"261","AA3827","AA","""2026-06-11T00:00:00.000Z""","16:57","""2026-06-11T16:57:00.000Z""","ORD","TUL",,,"archived","43","amber","""2026-06-11T01:52:39.506Z""",,,,"Cancelled","0","""2026-07-20T07:04:19.672Z""",,,"Embraer 170","unknown","true","2","""2026-06-11T00:18:39.705Z""",
"262","AA4430","AA","""2026-06-11T00:00:00.000Z""","18:06","""2026-06-11T18:06:00.000Z""","ORD","CMH",,,"archived","46","amber","""2026-06-11T01:52:35.940Z""",,,,"Arrived","0","""2026-07-20T07:04:19.172Z""",,,"Embraer 175","unknown","true","2","""2026-06-11T00:18:39.872Z""",
"263","DL981","DL","""2026-06-11T00:00:00.000Z""","15:30","""2026-06-11T15:30:00.000Z""","ATL","BOG",,,"archived","10","green","""2026-06-11T01:51:13.065Z""",,,,"Arrived","0","""2026-07-20T07:04:03.092Z""",,,"Boeing 757","unknown","true","2","""2026-06-11T00:18:39.958Z""",
"264","DL2627","DL","""2026-06-11T00:00:00.000Z""","16:45","""2026-06-11T16:45:00.000Z""","ATL","JAX",,,"archived","11","green","""2026-06-11T01:51:13.938Z""",,,,"Arrived","0","""2026-07-20T07:03:44.143Z""",,,"Airbus A321","unknown","true","2","""2026-06-11T00:18:39.990Z""",
"265","DL743","DL","""2026-06-11T00:00:00.000Z""","17:59","""2026-06-11T17:59:00.000Z""","ATL","SMF",,,"archived","11","green","""2026-06-11T01:51:16.168Z""",,,,"Arrived","0","""2026-07-20T07:03:44.622Z""",,,"Boeing 737-900","unknown","true","2","""2026-06-11T00:18:40.079Z""",
"266","AA2718","AA","""2026-06-11T00:00:00.000Z""","15:37","""2026-06-11T15:37:00.000Z""","LAX","ORD",,,"archived","43","amber","""2026-06-11T01:52:13.697Z""",,,,"Cancelled","0","""2026-07-20T07:04:08.099Z""",,,"Boeing 737-800","unknown","true","2","""2026-06-11T00:18:40.910Z""",
"267","AS3476","AS","""2026-06-11T00:00:00.000Z""","17:00","""2026-06-11T17:00:00.000Z""","LAX","STS",,,"archived","11","green","""2026-06-11T01:52:14.676Z""",,,,"EnRoute","0","""2026-07-20T07:04:09.151Z""",,,"Embraer 175","unknown","true","2","""2026-06-11T00:18:40.913Z""",
"268","AS1397","AS","""2026-06-11T00:00:00.000Z""","18:27","""2026-06-11T18:27:00.000Z""","LAX","PDX",,,"archived","14","green","""2026-06-11T01:49:56.195Z""",,,,"Arrived","0","""2026-07-20T07:03:12.599Z""",,,"Boeing 737-900","unknown","true","2","""2026-06-11T00:18:40.917Z""",
"269","AC753","AC","""2026-06-11T00:00:00.000Z""","15:40","""2026-06-11T15:40:00.000Z""","BOS","YUL",,,"archived","18","green","""2026-06-11T01:52:15.690Z""",,,,"Arrived","0","""2026-07-20T07:04:10.167Z""",,,"Airbus A220-300","unknown","true","2","""2026-06-11T00:18:41.468Z""",
"270","AZ615","AZ","""2026-06-11T00:00:00.000Z""","17:05","""2026-06-11T17:05:00.000Z""","BOS","FCO",,,"archived","10","green","""2026-06-11T01:52:17.013Z""",,,,"Arrived","0","""2026-07-20T07:04:11.142Z""",,,"Airbus A330-900","unknown","true","2","""2026-06-11T00:18:41.527Z""",
"271","UA2400","UA","""2026-06-11T00:00:00.000Z""","18:10","""2026-06-11T18:10:00.000Z""","BOS","SFO",,,"archived","28","amber","""2026-06-11T01:52:17.972Z""",,,,"Arrived","0","""2026-07-20T07:04:12.162Z""",,,"Boeing 737","unknown","true","2","""2026-06-11T00:18:41.530Z""",
"272","AA1797","AA","""2026-06-11T00:00:00.000Z""","20:51","""2026-06-11T20:51:00.000Z""","DFW","LAS",,,"archived","15","green","""2026-06-11T01:52:18.891Z""",,,,"Arrived","0","""2026-07-20T07:04:13.189Z""",,,"Airbus A321","unknown","true","2","""2026-06-11T00:18:42.076Z""",
"273","AA531","AA","""2026-06-11T00:00:00.000Z""","22:38","""2026-06-11T22:38:00.000Z""","DFW","TUL",,,"archived","15","green","""2026-06-11T01:52:19.979Z""",,,,"Arrived","0","""2026-07-20T07:04:14.184Z""",,,"Boeing 737","unknown","true","2","""2026-06-11T00:18:42.096Z""",
"274","AA292","AA","""2026-06-11T00:00:00.000Z""","21:00","""2026-06-11T21:00:00.000Z""","JFK","DEL",,,"archived","32","amber","""2026-06-11T01:49:57.188Z""",,,,"Arrived","0","""2026-07-20T07:03:13.653Z""",,"N828AA","Boeing 787-9","unknown","true","2","""2026-06-11T00:18:42.909Z""",
"275","DL5481","DL","""2026-06-11T00:00:00.000Z""","22:29","""2026-06-11T22:29:00.000Z""","JFK","BTV",,,"archived","40","amber","""2026-06-11T01:52:21.490Z""",,,,"status_unresolvable",,"""2026-07-20T07:04:15.202Z""",,"N914XJ","Canadair CRJ 900","unknown","true","2","""2026-06-11T00:18:42.916Z""",
"276","DL2388","DL","""2026-06-11T00:00:00.000Z""","19:45","""2026-06-11T19:45:00.000Z""","ATL","MKE",,,"archived","14","green","""2026-06-11T01:52:22.471Z""",,,,"Arrived","0","""2026-07-20T07:04:16.277Z""",,,"Airbus A321","unknown","true","2","""2026-06-11T00:18:43.436Z""",
"277","DL5452","DL","""2026-06-11T00:00:00.000Z""","21:04","""2026-06-11T21:04:00.000Z""","ATL","MLU",,,"archived","15","green","""2026-06-11T01:52:24.337Z""",,,,"Arrived","0","""2026-07-20T07:04:17.173Z""",,,"Bombardier CRJ900","unknown","true","2","""2026-06-11T00:18:43.441Z""",
"278","DL575","DL","""2026-06-11T00:00:00.000Z""","22:49","""2026-06-11T22:49:00.000Z""","ATL","LAX",,,"archived","15","green","""2026-06-11T01:52:25.365Z""",,,,"Arrived","0","""2026-07-20T07:04:17.645Z""",,,"Boeing 757-300","unknown","true","2","""2026-06-11T00:18:43.444Z""",
"279","DL2457","DL","""2026-06-11T00:00:00.000Z""","20:00","""2026-06-11T20:00:00.000Z""","LAX","PDX",,,"archived","15","green","""2026-06-11T01:52:26.614Z""",,,,"Arrived","0","""2026-07-20T07:04:18.116Z""",,,"Boeing 737-800","unknown","true","2","""2026-06-11T00:18:43.914Z""",
"280","AS207","AS","""2026-06-11T00:00:00.000Z""","21:35","""2026-06-11T21:35:00.000Z""","LAX","PDX",,,"archived","15","green","""2026-06-11T01:51:05.146Z""",,,,"Arrived","0","""2026-07-20T07:03:20.653Z""",,,"Boeing 737-900","unknown","true","2","""2026-06-11T00:18:43.919Z""",
"281","VS24","VS","""2026-06-11T00:00:00.000Z""","23:15","""2026-06-11T23:15:00.000Z""","LAX","LHR",,,"archived","15","green","""2026-06-11T01:52:34.446Z""",,,,"Arrived","0","""2026-07-20T07:04:18.679Z""",,,"Boeing 787-9","unknown","true","2","""2026-06-11T00:18:43.924Z""",
"282","AA1324","AA","""2026-06-11T00:00:00.000Z""","07:10","""2026-06-11T07:10:00.000Z""","DFW","SJD",,,"archived","7","green","""2026-06-11T01:49:59.489Z""",,,,"EnRoute","0","""2026-07-20T07:03:14.576Z""",,,"Boeing 737-800","unknown","true","2","""2026-06-11T01:49:34.215Z""",
"283","AA3366","AA","""2026-06-11T00:00:00.000Z""","08:52","""2026-06-11T08:52:00.000Z""","DFW","ABI",,,"archived","9","green","""2026-06-11T01:50:00.611Z""",,,,"Cancelled","0","""2026-07-20T07:03:15.639Z""",,,"Embraer 175","unknown","true","2","""2026-06-11T01:49:34.620Z""",
"284","DL2836","DL","""2026-06-11T00:00:00.000Z""","07:30","""2026-06-11T07:30:00.000Z""","ATL","MIA",,,"archived","8","green","""2026-06-11T01:50:05.382Z""",,,,"Arrived","0","""2026-07-20T07:03:04.717Z""",,,"Airbus A321","unknown","true","2","""2026-06-11T01:49:36.593Z""",
"285","DL1271","DL","""2026-06-11T00:00:00.000Z""","09:05","""2026-06-11T09:05:00.000Z""","ATL","FLL",,,"archived","8","green","""2026-06-11T01:50:06.397Z""",,,,"Arrived","0","""2026-07-20T07:03:05.630Z""",,,"Airbus A321","unknown","true","2","""2026-06-11T01:49:36.665Z""",
"286","UA5795","UA","""2026-06-11T00:00:00.000Z""","08:45","""2026-06-11T08:45:00.000Z""","ORD","TUL",,,"archived","40","amber","""2026-06-11T01:51:06.688Z""",,,,"Arrived","0","""2026-07-20T07:03:21.678Z""",,,"Embraer 175","unknown","true","2","""2026-06-11T01:49:36.768Z""",
"287","DL607","DL","""2026-06-11T00:00:00.000Z""","07:00","""2026-06-11T07:00:00.000Z""","JFK","LAS",,,"archived","26","amber","""2026-06-11T01:51:07.604Z""",,,,"Arrived","0","""2026-07-20T07:03:22.615Z""",,,"Boeing 757","unknown","true","2","""2026-06-11T01:49:36.819Z""",
"288","DL1955","DL","""2026-06-11T00:00:00.000Z""","08:20","""2026-06-11T08:20:00.000Z""","JFK","MBJ",,,"archived","25","amber","""2026-06-11T01:51:09.125Z""",,,,"EnRoute","0","""2026-07-20T07:03:42.599Z""",,,"Airbus A320","unknown","true","2","""2026-06-11T01:49:36.844Z""",
"289","DL5086","DL","""2026-06-11T00:00:00.000Z""","09:45","""2026-06-11T09:45:00.000Z""","JFK","PIT",,,"archived","26","amber","""2026-06-11T01:51:10.101Z""",,,,"Arrived","0","""2026-07-20T07:03:43.652Z""",,,"Bombardier CRJ900","unknown","true","2","""2026-06-11T01:49:36.855Z""",
"290","AA2746","AA","""2026-06-11T00:00:00.000Z""","07:00","""2026-06-11T07:00:00.000Z""","LAX","DFW",,,"archived","8","green","""2026-06-11T01:50:09.227Z""",,,,"Arrived","0","""2026-07-20T07:03:06.619Z""",,,"Airbus A321","unknown","true","2","""2026-06-11T01:49:36.859Z""",
"291","DL1801","DL","""2026-06-11T00:00:00.000Z""","11:15","""2026-06-11T11:15:00.000Z""","ATL","MBJ",,,"archived","8","green","""2026-06-11T01:50:13.721Z""",,,,"EnRoute","0","""2026-07-20T07:03:16.656Z""",,,"Airbus A321","unknown","true","2","""2026-06-11T01:49:38.218Z""",
"292","AA4375","AA","""2026-06-11T00:00:00.000Z""","14:05","""2026-06-11T14:05:00.000Z""","BOS","LGA",,,"archived","16","green","""2026-06-11T01:50:14.774Z""",,,,"Arrived","0","""2026-07-20T07:03:17.653Z""",,,"Embraer 175","unknown","true","2","""2026-06-11T01:49:38.679Z""",
"293","AA6352","AA","""2026-06-11T00:00:00.000Z""","11:45","""2026-06-11T11:45:00.000Z""","ORD","STL",,,"archived","41","amber","""2026-06-11T01:50:16.412Z""",,,,"Arrived","0","""2026-07-20T07:03:18.772Z""",,,"Canadair reg jet 700","unknown","true","2","""2026-06-11T01:49:39.214Z""",
"294","AA4825","AA","""2026-06-11T00:00:00.000Z""","13:06","""2026-06-11T13:06:00.000Z""","ORD","ALO",,,"archived","41","amber","""2026-06-11T01:50:18.643Z""",,,,"Cancelled","0","""2026-07-20T07:03:19.643Z""",,,"Canadair reg jet 700","unknown","true","2","""2026-06-11T01:49:39.218Z""",
"295","UA2142","UA","""2026-06-11T00:00:00.000Z""","14:12","""2026-06-11T14:12:00.000Z""","ORD","BNA",,,"archived","43","amber","""2026-06-11T01:50:19.750Z""",,,,"Arrived","0","""2026-07-20T07:03:23.648Z""",,,"Boeing 737-700","unknown","true","2","""2026-06-11T01:49:39.222Z""",
"296","DL1194","DL","""2026-06-11T00:00:00.000Z""","11:48","""2026-06-11T11:48:00.000Z""","LAX","SLC",,,"archived","9","green","""2026-06-11T01:50:20.717Z""",,,,"Arrived","0","""2026-07-20T07:03:24.643Z""",,,"Boeing 737-900","unknown","true","2","""2026-06-11T01:49:40.080Z""",
"297","VB623","VB","""2026-06-11T00:00:00.000Z""","14:10","""2026-06-11T14:10:00.000Z""","LAX","MTY",,,"archived","10","green","""2026-06-11T01:50:22.599Z""",,,,"status_unresolvable",,"""2026-07-20T07:03:25.700Z""",,,"Airbus A321","unknown","true","2","""2026-06-11T01:49:40.095Z""",
"298","AA6421","AA","""2026-06-11T00:00:00.000Z""","16:57","""2026-06-11T16:57:00.000Z""","DFW","LBB",,,"archived","12","green","""2026-06-11T01:50:24.243Z""",,,,"Cancelled","0","""2026-07-20T07:03:26.663Z""",,,"Canadair reg jet 700","unknown","true","2","""2026-06-11T01:49:40.637Z""",
"299","AA2235","AA","""2026-06-11T00:00:00.000Z""","18:30","""2026-06-11T18:30:00.000Z""","DFW","DEN",,,"archived","14","green","""2026-06-11T01:50:44.336Z""",,,,"Arrived","0","""2026-07-20T07:03:27.638Z""",,,"Airbus A321","unknown","true","2","""2026-06-11T01:49:40.673Z""",
"300","UA516","UA","""2026-06-11T00:00:00.000Z""","15:30","""2026-06-11T15:30:00.000Z""","ATL","ORD",,,"archived","43","amber","""2026-06-11T01:50:45.248Z""",,,,"status_unresolvable",,"""2026-07-20T07:03:28.597Z""",,,"Airbus A319","unknown","true","2","""2026-06-11T01:49:41.129Z""",
"301","DL472","DL","""2026-06-11T00:00:00.000Z""","16:45","""2026-06-11T16:45:00.000Z""","ATL","SEA",,,"archived","11","green","""2026-06-11T01:50:46.310Z""",,,,"Arrived","0","""2026-07-20T07:03:29.611Z""",,,"Boeing 757-300","unknown","true","2","""2026-06-11T01:49:41.145Z""",
"302","DL5814","DL","""2026-06-11T00:00:00.000Z""","17:05","""2026-06-11T17:05:00.000Z""","BOS","JFK",,,"archived","29","amber","""2026-06-11T01:50:47.227Z""",,,,"Arrived","0","""2026-07-20T07:03:30.629Z""",,,"Embraer 175","unknown","true","2","""2026-06-11T01:49:41.544Z""",
"303","UA5953","UA","""2026-06-11T00:00:00.000Z""","15:45","""2026-06-11T15:45:00.000Z""","ORD","SLC",,,"archived","43","amber","""2026-06-11T01:50:48.644Z""",,,,"status_unresolvable",,"""2026-07-20T07:03:31.685Z""",,,"Embraer 175","unknown","true","2","""2026-06-11T01:49:42.133Z""",
"304","DL5650","DL","""2026-06-11T00:00:00.000Z""","15:45","""2026-06-11T15:45:00.000Z""","JFK","CMH",,,"archived","29","amber","""2026-06-11T01:50:49.700Z""",,,,"Cancelled","0","""2026-07-20T07:03:32.656Z""",,,"Embraer 175","unknown","true","2","""2026-06-11T01:49:42.539Z""",
"305","AS19","AS","""2026-06-11T00:00:00.000Z""","17:08","""2026-06-11T17:08:00.000Z""","JFK","PDX",,,"archived","29","amber","""2026-06-11T01:50:51.910Z""",,,,"Arrived","0","""2026-07-20T07:03:33.663Z""",,,"Boeing 737-900","unknown","true","2","""2026-06-11T01:49:42.587Z""",
"306","EI110","EI","""2026-06-11T00:00:00.000Z""","18:25","""2026-06-11T18:25:00.000Z""","JFK","SNN",,,"archived","31","amber","""2026-06-11T01:50:53.920Z""",,,,"EnRoute","0","""2026-07-20T07:03:34.617Z""",,,"Airbus A320","unknown","true","2","""2026-06-11T01:49:42.616Z""",
"307","AA143","AA","""2026-06-11T00:00:00.000Z""","15:37","""2026-06-11T15:37:00.000Z""","LAX","HNL",,,"archived","11","green","""2026-06-11T01:50:54.800Z""",,,,"Arrived","0","""2026-07-20T07:03:35.945Z""",,,"Airbus A320","unknown","true","2","""2026-06-11T01:49:43.270Z""",
"308","UA212","UA","""2026-06-11T00:00:00.000Z""","17:00","""2026-06-11T17:00:00.000Z""","LAX","ORD",,,"archived","43","amber","""2026-06-11T01:50:56.107Z""",,,,"Arrived","0","""2026-07-20T07:03:36.670Z""",,,"Airbus A320","unknown","true","2","""2026-06-11T01:49:43.362Z""",
"309","AA4065","AA","""2026-06-11T00:00:00.000Z""","22:38","""2026-06-11T22:38:00.000Z""","DFW","CRP",,,"archived","15","green","""2026-06-11T01:50:57.441Z""",,,,"Cancelled","0","""2026-07-20T07:03:37.971Z""",,,"Embraer 175","unknown","true","2","""2026-06-11T01:49:43.698Z""",
"310","DL4109","DL","""2026-06-11T00:00:00.000Z""","19:45","""2026-06-11T19:45:00.000Z""","ATL","SBN",,,"archived","14","green","""2026-06-11T01:50:58.368Z""",,,,"Arrived","0","""2026-07-20T07:03:38.641Z""",,,"Embraer 175","unknown","true","2","""2026-06-11T01:49:44.161Z""",
"311","DL1320","DL","""2026-06-11T00:00:00.000Z""","22:49","""2026-06-11T22:49:00.000Z""","ATL","CLE",,,"archived","23","amber","""2026-06-11T01:50:59.911Z""",,,,"Arrived","0","""2026-07-20T07:03:39.661Z""",,,"Airbus A321","unknown","true","2","""2026-06-11T01:49:44.188Z""",
"312","DL5851","DL","""2026-06-11T00:00:00.000Z""","20:35","""2026-06-11T20:35:00.000Z""","BOS","BWI",,,"archived","15","green","""2026-06-11T01:51:01.827Z""",,,,"Arrived","0","""2026-07-20T07:03:40.656Z""",,,"Embraer 175","unknown","true","2","""2026-06-11T01:49:44.850Z""",
"313","AA3561","AA","""2026-06-11T00:00:00.000Z""","19:46","""2026-06-11T19:46:00.000Z""","ORD","LIT",,,"archived","46","amber","""2026-06-11T01:51:04.049Z""",,,,"Cancelled","0","""2026-07-20T07:03:41.655Z""",,,"Embraer 170","unknown","true","2","""2026-06-11T01:49:45.139Z""",
"314","AA2682","AA","""2026-06-11T00:00:00.000Z""","20:59","""2026-06-11T20:59:00.000Z""","ORD","BOS",,,"archived","47","amber","""2026-06-11T01:49:49.339Z""",,,,"Arrived","0","""2026-07-20T07:03:03.643Z""",,"N891NN","Boeing 737-800","unknown","true","2","""2026-06-11T01:49:45.249Z""",
"315","UA4603","UA","""2026-06-11T00:00:00.000Z""","22:00","""2026-06-11T22:00:00.000Z""","ORD","PIA",,,"archived","48","amber","""2026-06-11T01:49:50.882Z""",,,,"Arrived","0","""2026-07-20T07:03:07.645Z""",,,,"unknown","true","2","""2026-06-11T01:49:45.271Z""",
"316","DL2639","DL","""2026-06-11T00:00:00.000Z""","21:00","""2026-06-11T21:00:00.000Z""","JFK","BOS",,,"archived","33","amber","""2026-06-11T01:49:51.944Z""",,,,"Arrived","0","""2026-07-20T07:03:08.717Z""",,,"Boeing 737-900","unknown","true","2","""2026-06-11T01:49:45.620Z""",
"317","DL114","DL","""2026-06-11T00:00:00.000Z""","22:25","""2026-06-11T22:25:00.000Z""","JFK","OPO",,,"archived","32","amber","""2026-06-11T01:49:52.856Z""",,,,"Arrived","0","""2026-07-20T07:03:09.574Z""",,"N199DN","Boeing 767-300","unknown","true","2","""2026-06-11T01:49:45.632Z""",
"318","UA2303","UA","""2026-06-11T00:00:00.000Z""","23:15","""2026-06-11T23:15:00.000Z""","LAX","EWR",,,"archived","29","amber","""2026-06-11T01:49:54.268Z""",,,,"Arrived","0","""2026-07-20T07:03:10.648Z""",,,"Boeing 777","unknown","true","2","""2026-06-11T01:49:46.134Z""",
"319","AA3290","AA","""2026-07-20T00:00:00.000Z""","07:10","""2026-07-20T07:10:00.000Z""","DFW","MIA",,,"archived","8","green","""2026-07-20T23:53:12.989Z""",,,,"Arrived","0","""2026-07-21T01:24:56.414Z""",,"N921US","Airbus A321","unknown","true","2","""2026-07-20T06:59:17.448Z""",
"320","AA1911","AA","""2026-07-20T00:00:00.000Z""","08:50","""2026-07-20T08:50:00.000Z""","DFW","RNO",,,"archived","8","green","""2026-07-20T23:54:48.595Z""",,,,"Arrived","0","""2026-07-21T01:25:31.712Z""",,"N812NN","Boeing 737-800","unknown","true","2","""2026-07-20T06:59:17.522Z""",
"321","AA5479","AA","""2026-07-20T00:00:00.000Z""","10:14","""2026-07-20T10:14:00.000Z""","DFW","JAN",,,"archived","9","green","""2026-07-20T23:50:54.721Z""",,,,"Arrived","0","""2026-07-21T01:23:14.169Z""",,"N509AE","Canadair CRJ 700","unknown","true","2","""2026-07-20T06:59:17.527Z""",
"322","AA831","AA","""2026-07-20T00:00:00.000Z""","07:00","""2026-07-20T07:00:00.000Z""","ORD","NAS",,,"archived","12","green","""2026-07-20T23:50:55.205Z""",,,,"EnRoute","0","""2026-07-21T01:23:15.187Z""",,"N344TS","Boeing 737 MAX 8","unknown","true","2","""2026-07-20T06:59:17.538Z""",
"323","UA5656","UA","""2026-07-20T00:00:00.000Z""","08:45","""2026-07-20T08:45:00.000Z""","ORD","MLI",,,"archived","13","green","""2026-07-20T23:50:55.730Z""",,,,"Arrived","0","""2026-07-21T01:23:16.155Z""",,"N767SK","Canadair CRJ-701ER","unknown","true","2","""2026-07-20T06:59:17.541Z""",
"324","UA5285","UA","""2026-07-20T00:00:00.000Z""","10:25","""2026-07-20T10:25:00.000Z""","ORD","SBN",,,"archived","19","green","""2026-07-20T23:50:56.222Z""",,,,"Arrived","0","""2026-07-21T01:23:17.157Z""",,"N445SW","Canadair CRJ 200","unknown","true","2","""2026-07-20T06:59:17.545Z""",
"325","AS825","AS","""2026-07-20T00:00:00.000Z""","09:00","""2026-07-20T09:00:00.000Z""","LAX","KOA",,,"archived","6","green","""2026-07-20T23:50:58.261Z""",,,,"EnRoute","0","""2026-07-21T01:23:18.134Z""",,"N223HA","Airbus A321","unknown","true","2","""2026-07-20T06:59:18.921Z""",
"326","DL749","DL","""2026-07-20T00:00:00.000Z""","10:11","""2026-07-20T10:11:00.000Z""","LAX","TPA",,,"archived","7","green","""2026-07-20T23:50:58.931Z""",,,,"Arrived","0","""2026-07-21T01:23:19.408Z""",,"N606DN","Airbus A321 NEO","unknown","true","2","""2026-07-20T06:59:18.964Z""",
"327","DL5630","DL","""2026-07-20T00:00:00.000Z""","10:05","""2026-07-20T10:05:00.000Z""","BOS","CLT",,,"archived","9","green","""2026-07-20T23:50:59.305Z""",,,,"Arrived","0","""2026-07-21T01:23:20.183Z""",,"N221JQ","Embraer 175","unknown","true","2","""2026-07-20T06:59:19.435Z""",
"328","AA2861","AA","""2026-07-20T00:00:00.000Z""","11:47","""2026-07-20T11:47:00.000Z""","DFW","EWR",,,"archived","14","green","""2026-07-20T23:51:00.035Z""",,,,"Arrived","0","""2026-07-21T01:23:21.187Z""",,"N919AN","Boeing 737-800","unknown","true","2","""2026-07-20T06:59:19.931Z""",
"329","AA2501","AA","""2026-07-20T00:00:00.000Z""","12:46","""2026-07-20T12:46:00.000Z""","DFW","VPS",,,"archived","9","green","""2026-07-20T23:51:00.379Z""",,,,"Arrived","0","""2026-07-21T01:23:22.193Z""",,"N586UW","Airbus A321","unknown","true","2","""2026-07-20T06:59:19.935Z""",
"330","AA1285","AA","""2026-07-20T00:00:00.000Z""","14:25","""2026-07-20T14:25:00.000Z""","DFW","CLT",,,"archived","11","green","""2026-07-20T23:51:01.239Z""",,,,"Arrived","0","""2026-07-21T01:23:23.189Z""",,"N162UW","Airbus A321","unknown","true","2","""2026-07-20T06:59:19.939Z""",
"331","DL2867","DL","""2026-07-20T00:00:00.000Z""","11:21","""2026-07-20T11:21:00.000Z""","ATL","BNA",,,"archived","9","green","""2026-07-20T23:51:01.774Z""",,,,"Arrived","0","""2026-07-21T01:23:24.157Z""",,"N957DZ","Boeing 737-900","unknown","true","2","""2026-07-20T06:59:20.963Z""",
"332","DL2827","DL","""2026-07-20T00:00:00.000Z""","12:40","""2026-07-20T12:40:00.000Z""","ATL","DAB",,,"archived","9","green","""2026-07-20T23:51:02.102Z""",,,,"Arrived","0","""2026-07-21T01:23:25.230Z""",,"N942DZ","Boeing 737-900","unknown","true","2","""2026-07-20T06:59:20.967Z""",
"333","AA621","AA","""2026-07-20T00:00:00.000Z""","14:15","""2026-07-20T14:15:00.000Z""","ATL","PHL",,,"archived","11","green","""2026-07-20T23:51:02.636Z""",,,,"Arrived","0","""2026-07-21T01:23:26.197Z""",,"N817AW","Airbus A319","unknown","true","2","""2026-07-20T06:59:20.971Z""",
"334","AA4453","AA","""2026-07-20T00:00:00.000Z""","12:59","""2026-07-20T12:59:00.000Z""","JFK","CLE",,,"archived","14","green","""2026-07-20T23:51:04.315Z""",,,,"Arrived","0","""2026-07-21T01:23:27.207Z""",,"N122HQ","Embraer 175","unknown","true","2","""2026-07-20T06:59:21.418Z""",
"335","DL5301","DL","""2026-07-20T00:00:00.000Z""","14:25","""2026-07-20T14:25:00.000Z""","JFK","RIC",,,"archived","16","green","""2026-07-20T23:51:04.677Z""",,,,"Arrived","0","""2026-07-21T01:23:28.207Z""",,"N917XJ","Canadair CRJ 900","unknown","true","2","""2026-07-20T06:59:21.424Z""",
"336","DL802","DL","""2026-07-20T00:00:00.000Z""","11:50","""2026-07-20T11:50:00.000Z""","LAX","DTW",,,"archived","7","green","""2026-07-20T23:51:05.146Z""",,,,"Arrived","0","""2026-07-21T01:23:29.141Z""",,"N589NW","Boeing 757-300","unknown","true","2","""2026-07-20T06:59:21.914Z""",
"337","AA4","AA","""2026-07-20T00:00:00.000Z""","13:00","""2026-07-20T13:00:00.000Z""","LAX","JFK",,,"archived","12","green","""2026-07-20T23:51:05.723Z""",,,,"Arrived","0","""2026-07-21T01:23:30.466Z""",,"N102NN","Airbus A321 (Sharklets)","unknown","true","2","""2026-07-20T06:59:21.918Z""",
"338","WN3168","WN","""2026-07-20T00:00:00.000Z""","14:10","""2026-07-20T14:10:00.000Z""","LAX","SFO",,,"archived","24","green","""2026-07-20T23:51:06.168Z""",,,,"Arrived","0","""2026-07-21T01:23:31.173Z""",,"N241WN","Boeing 737-700","unknown","true","2","""2026-07-20T06:59:21.922Z""",
"339","AA3083","AA","""2026-07-20T00:00:00.000Z""","15:39","""2026-07-20T15:39:00.000Z""","DFW","MIA",,,"archived","11","green","""2026-07-20T23:51:06.672Z""",,,,"EnRoute","0","""2026-07-21T01:23:32.194Z""",,"N176UW","Airbus A321","unknown","true","2","""2026-07-20T06:59:22.932Z""",
"340","AA5475","AA","""2026-07-20T00:00:00.000Z""","16:57","""2026-07-20T16:57:00.000Z""","DFW","BNA",,,"archived","11","green","""2026-07-20T23:51:07.173Z""",,,,"Arrived","0","""2026-07-21T01:23:33.486Z""",,"N641NN","Canadair CRJ 900NG","unknown","true","2","""2026-07-20T06:59:22.936Z""",
"341","AA560","AA","""2026-07-20T00:00:00.000Z""","18:30","""2026-07-20T18:30:00.000Z""","DFW","CLE",,,"archived","13","green","""2026-07-20T23:51:07.671Z""",,,,"EnRoute","0","""2026-07-21T01:23:34.177Z""",,"N905NN","Boeing 737-800","unknown","true","2","""2026-07-20T06:59:22.939Z""",
"342","AC508","AC","""2026-07-20T00:00:00.000Z""","15:45","""2026-07-20T15:45:00.000Z""","ORD","YYZ",,,"archived","16","green","""2026-07-20T23:51:08.456Z""",,,,"Arrived","0","""2026-07-21T01:23:35.565Z""",,"C-GVUO","Airbus A220-300","unknown","true","2","""2026-07-20T06:59:23.454Z""",
"343","AA3717","AA","""2026-07-20T00:00:00.000Z""","17:00","""2026-07-20T17:00:00.000Z""","ORD","MSN",,,"archived","75","red","""2026-07-20T23:51:09.808Z""","""2026-07-20T23:51:09.808Z""","""2026-07-20T23:51:09.808Z""",,"Cancelled","0","""2026-07-21T01:23:36.177Z""",,,"Embraer 175","unknown","true","2","""2026-07-20T06:59:23.457Z""",
"344","UA516","UA","""2026-07-20T00:00:00.000Z""","18:10","""2026-07-20T18:10:00.000Z""","ORD","BDL",,,"archived","18","green","""2026-07-20T23:51:59.953Z""",,,,"EnRoute","0","""2026-07-21T01:24:27.024Z""",,"N37437","Boeing 737-900","unknown","true","2","""2026-07-20T06:59:23.461Z""",
"345","DL433","DL","""2026-07-20T00:00:00.000Z""","15:30","""2026-07-20T15:30:00.000Z""","ATL","LGA",,,"archived","16","green","""2026-07-20T23:51:10.296Z""",,,,"Arrived","0","""2026-07-21T01:23:37.190Z""",,"N384DN","Airbus A321","unknown","true","2","""2026-07-20T06:59:24.355Z""",
"346","DL5115","DL","""2026-07-20T00:00:00.000Z""","16:45","""2026-07-20T16:45:00.000Z""","ATL","EVV",,,"archived","11","green","""2026-07-20T23:51:10.641Z""",,,,"Arrived","0","""2026-07-21T01:23:38.202Z""",,"N299PQ","Canadair CRJ 900","unknown","true","2","""2026-07-20T06:59:24.360Z""",
"347","DL2831","DL","""2026-07-20T00:00:00.000Z""","17:59","""2026-07-20T17:59:00.000Z""","ATL","SDF",,,"archived","11","green","""2026-07-20T23:51:11.143Z""",,,,"Arrived","0","""2026-07-21T01:23:39.158Z""",,"N935DZ","Boeing 737-900","unknown","true","2","""2026-07-20T06:59:24.371Z""",
"348","WN1571","WN","""2026-07-20T00:00:00.000Z""","17:00","""2026-07-20T17:00:00.000Z""","LAX","LAS",,,"archived","8","green","""2026-07-20T23:51:12.054Z""",,,,"Arrived","0","""2026-07-21T01:23:41.445Z""",,"N8918Q","Boeing 737 MAX 8","unknown","true","2","""2026-07-20T06:59:24.925Z""",
"349","AS1397","AS","""2026-07-20T00:00:00.000Z""","18:27","""2026-07-20T18:27:00.000Z""","LAX","PDX",,,"archived","11","green","""2026-07-20T23:51:12.349Z""",,,,"status_unresolvable",,"""2026-07-21T01:23:43.034Z""",,,"Boeing 737-900","unknown","true","2","""2026-07-20T06:59:24.928Z""",
"350","DL1655","DL","""2026-07-20T00:00:00.000Z""","17:05","""2026-07-20T17:05:00.000Z""","BOS","SFO",,,"archived","26","amber","""2026-07-20T23:51:12.890Z""",,,,"EnRoute","0","""2026-07-21T01:23:45.942Z""",,"N536DN","Airbus A321 NEO","unknown","true","2","""2026-07-20T06:59:25.441Z""",
"351","DL5831","DL","""2026-07-20T00:00:00.000Z""","18:00","""2026-07-20T18:00:00.000Z""","BOS","LGA",,,"archived","18","green","""2026-07-20T23:51:13.852Z""",,,,"Arrived","0","""2026-07-21T01:23:48.819Z""",,"N212JQ","Embraer 175","unknown","true","2","""2026-07-20T06:59:25.445Z""",
"352","AA6339","AA","""2026-07-20T00:00:00.000Z""","19:51","""2026-07-20T19:51:00.000Z""","DFW","SHV",,,"archived","13","green","""2026-07-20T23:51:29.388Z""",,,,"EnRoute","0","""2026-07-21T01:23:51.717Z""",,,"Canadair reg jet 700","unknown","true","2","""2026-07-20T06:59:25.928Z""",
"353","AA963","AA","""2026-07-20T00:00:00.000Z""","21:00","""2026-07-20T21:00:00.000Z""","DFW","GRU",,,"archived","14","green","""2026-07-20T23:51:29.886Z""",,,,"status_unresolvable",,"""2026-07-21T01:23:52.369Z""",,,"Boeing 787-9","unknown","true","2","""2026-07-20T06:59:25.931Z""",
"354","AA5465","AA","""2026-07-20T00:00:00.000Z""","22:38","""2026-07-20T22:38:00.000Z""","DFW","HOU",,,"archived","15","green","""2026-07-20T23:51:30.498Z""",,,,"status_unresolvable",,"""2026-07-21T01:23:53.306Z""",,,"Bombardier CRJ900","unknown","true","2","""2026-07-20T06:59:25.935Z""",
"355","AA236","AA","""2026-07-20T00:00:00.000Z""","19:30","""2026-07-20T19:30:00.000Z""","JFK","FCO",,,"archived","17","green","""2026-07-20T23:51:30.855Z""",,,,"EnRoute","0","""2026-07-21T01:23:54.791Z""",,"N838AA","Boeing 787-9","unknown","true","2","""2026-07-20T06:59:26.915Z""",
"356","BA172","BA","""2026-07-20T00:00:00.000Z""","20:55","""2026-07-20T20:55:00.000Z""","JFK","LHR",,,"archived","20","green","""2026-07-20T23:51:31.302Z""",,,,"status_unresolvable",,"""2026-07-21T01:23:55.254Z""",,"G-VIIN","Boeing 777-200","unknown","true","2","""2026-07-20T06:59:26.919Z""",
"357","DL114","DL","""2026-07-20T00:00:00.000Z""","22:25","""2026-07-20T22:25:00.000Z""","JFK","OPO",,,"archived","19","green","""2026-07-20T23:51:31.823Z""",,,,"status_unresolvable",,"""2026-07-21T01:23:55.762Z""",,,"Boeing 767-300","unknown","true","2","""2026-07-20T06:59:26.922Z""",
"358","DL4722","DL","""2026-07-20T00:00:00.000Z""","19:45","""2026-07-20T19:45:00.000Z""","ATL","CHA",,,"archived","13","green","""2026-07-20T23:51:35.130Z""",,,,"Arrived","0","""2026-07-21T01:23:57.303Z""",,"N228PQ","Canadair CRJ 900","unknown","true","2","""2026-07-20T06:59:27.419Z""",
"359","DL2583","DL","""2026-07-20T00:00:00.000Z""","21:14","""2026-07-20T21:14:00.000Z""","ATL","PIT",,,"archived","15","green","""2026-07-20T23:51:35.439Z""",,,,"status_unresolvable",,"""2026-07-21T01:23:58.298Z""",,,"Airbus A321","unknown","true","2","""2026-07-20T06:59:27.423Z""",
"360","DL1601","DL","""2026-07-20T00:00:00.000Z""","22:48","""2026-07-20T22:48:00.000Z""","ATL","IAH",,,"archived","15","green","""2026-07-20T23:51:35.994Z""",,,,"status_unresolvable",,"""2026-07-21T01:23:59.276Z""",,,"Airbus A321","unknown","true","2","""2026-07-20T06:59:27.427Z""",
"361","DL2457","DL","""2026-07-20T00:00:00.000Z""","20:00","""2026-07-20T20:00:00.000Z""","LAX","PDX",,,"archived","13","green","""2026-07-20T23:51:37.317Z""",,,,"status_unresolvable",,"""2026-07-21T01:23:59.774Z""",,"N775DE","Boeing 737-800","unknown","true","2","""2026-07-20T06:59:27.941Z""",
"362","AA2199","AA","""2026-07-20T00:00:00.000Z""","21:41","""2026-07-20T21:41:00.000Z""","LAX","CLT",,,"archived","13","green","""2026-07-20T23:51:37.718Z""",,,,"status_unresolvable",,"""2026-07-21T01:24:00.773Z""",,,"Airbus A321","unknown","true","2","""2026-07-20T06:59:27.946Z""",
"363","UA1730","UA","""2026-07-20T00:00:00.000Z""","23:04","""2026-07-20T23:04:00.000Z""","LAX","MCO",,,"archived","18","green","""2026-07-20T23:51:38.357Z""",,,,"status_unresolvable",,"""2026-07-21T01:24:01.822Z""",,,"Boeing 737","unknown","true","2","""2026-07-20T06:59:27.950Z""",
"364","AA5535","AA","""2026-07-20T00:00:00.000Z""","08:50","""2026-07-20T08:50:00.000Z""","DFW","LFT",,,"archived","8","green","""2026-07-20T23:53:31.296Z""",,,,"Arrived","0","""2026-07-21T01:24:58.318Z""",,"N616NN","Canadair CRJ 900NG","unknown","true","2","""2026-07-20T07:02:04.306Z""",
"365","AA1772","AA","""2026-07-20T00:00:00.000Z""","10:14","""2026-07-20T10:14:00.000Z""","DFW","SBP",,,"archived","8","green","""2026-07-20T23:51:40.170Z""",,,,"Arrived","0","""2026-07-21T01:24:05.782Z""",,"N315RJ","Boeing 737-800","unknown","true","2","""2026-07-20T07:02:04.311Z""",
"366","UA2795","UA","""2026-07-20T00:00:00.000Z""","07:00","""2026-07-20T07:00:00.000Z""","ORD","CHS",,,"archived","13","green","""2026-07-20T23:51:40.717Z""",,,,"Arrived","0","""2026-07-21T01:24:06.817Z""",,"N17753","Boeing 737-700","unknown","true","2","""2026-07-20T07:02:04.633Z""",
"367","UA5537","UA","""2026-07-20T00:00:00.000Z""","08:45","""2026-07-20T08:45:00.000Z""","ORD","FAR",,,"archived","15","green","""2026-07-20T23:51:43.389Z""",,,,"Arrived","0","""2026-07-21T01:24:07.662Z""",,"N530GJ","Canadair CRJ","unknown","true","2","""2026-07-20T07:02:04.639Z""",
"368","UA4568","UA","""2026-07-20T00:00:00.000Z""","10:25","""2026-07-20T10:25:00.000Z""","ORD","SCE",,,"archived","13","green","""2026-07-20T23:51:43.722Z""",,,,"EnRoute","0","""2026-07-21T01:24:08.496Z""",,"N563GJ","Canadair CRJ","unknown","true","2","""2026-07-20T07:02:04.654Z""",
"369","DL607","DL","""2026-07-20T00:00:00.000Z""","07:00","""2026-07-20T07:00:00.000Z""","JFK","LAS",,,"archived","12","green","""2026-07-20T23:51:44.407Z""",,,,"Arrived","0","""2026-07-21T01:24:08.807Z""",,"N556NW","Boeing 757-200","unknown","true","2","""2026-07-20T07:02:08.383Z""",
"370","DL1955","DL","""2026-07-20T00:00:00.000Z""","08:20","""2026-07-20T08:20:00.000Z""","JFK","MBJ",,,"archived","12","green","""2026-07-20T23:51:45.181Z""",,,,"EnRoute","0","""2026-07-21T01:24:09.306Z""",,"N514DE","Airbus A321 NEO","unknown","true","2","""2026-07-20T07:02:08.529Z""",
"371","DL5370","DL","""2026-07-20T00:00:00.000Z""","09:50","""2026-07-20T09:50:00.000Z""","JFK","ORF",,,"archived","18","green","""2026-07-20T23:51:45.568Z""",,,,"Arrived","0","""2026-07-21T01:24:09.827Z""",,"N918XJ","Canadair CRJ 900","unknown","true","2","""2026-07-20T07:02:08.667Z""",
"372","DL1100","DL","""2026-07-20T00:00:00.000Z""","07:30","""2026-07-20T07:30:00.000Z""","ATL","PHL",,,"archived","8","green","""2026-07-20T23:51:56.471Z""",,,,"status_unresolvable",,"""2026-07-21T01:24:22.656Z""",,"N318DX","Airbus A321","unknown","true","2","""2026-07-20T07:02:08.667Z""",
"373","DL1248","DL","""2026-07-20T00:00:00.000Z""","09:05","""2026-07-20T09:05:00.000Z""","ATL","MDT",,,"archived","8","green","""2026-07-20T23:51:57.925Z""",,,,"Arrived","0","""2026-07-21T01:24:26.178Z""",,"N964AT","Boeing 717","unknown","true","2","""2026-07-20T07:02:08.755Z""",
"374","PD616","PD","""2026-07-20T00:00:00.000Z""","10:05","""2026-07-20T10:05:00.000Z""","BOS","YYZ",,,"archived","9","green","""2026-07-20T23:51:46.062Z""",,,,"Arrived","0","""2026-07-21T01:24:10.814Z""",,"C-GKQW","Embraer 195","unknown","true","2","""2026-07-20T07:02:08.788Z""",
"375","DL1815","DL","""2026-07-20T00:00:00.000Z""","10:05","""2026-07-20T10:05:00.000Z""","ATL","SJD",,,"archived","8","green","""2026-07-20T23:51:59.560Z""",,,,"EnRoute","0","""2026-07-21T01:24:26.628Z""",,"N575DN","Airbus A321 NEO","unknown","true","2","""2026-07-20T07:02:08.842Z""",
"376","DL515","DL","""2026-07-20T00:00:00.000Z""","07:00","""2026-07-20T07:00:00.000Z""","LAX","ATL",,,"archived","6","green","""2026-07-20T23:52:50.727Z""",,,,"Arrived","0","""2026-07-21T01:24:41.698Z""",,"N516DA","Airbus A321 NEO","unknown","true","2","""2026-07-20T07:02:08.956Z""",
"377","WN3014","WN","""2026-07-20T00:00:00.000Z""","09:00","""2026-07-20T09:00:00.000Z""","LAX","OAK",,,"archived","6","green","""2026-07-20T23:52:53.880Z""",,,,"Arrived","0","""2026-07-21T01:24:42.212Z""",,"N7741C","Boeing 737-700","unknown","true","2","""2026-07-20T07:02:08.990Z""",
"378","AA2194","AA","""2026-07-20T00:00:00.000Z""","15:39","""2026-07-20T15:39:00.000Z""","DFW","MSY",,,"archived","11","green","""2026-07-20T23:52:55.456Z""",,,,"Arrived","0","""2026-07-21T01:24:42.718Z""",,"N817NN","Boeing 737-800","unknown","true","2","""2026-07-20T07:02:09.913Z""",
"379","AA2401","AA","""2026-07-20T00:00:00.000Z""","18:30","""2026-07-20T18:30:00.000Z""","DFW","TPA",,,"archived","13","green","""2026-07-20T23:52:55.799Z""",,,,"EnRoute","0","""2026-07-21T01:24:43.333Z""",,"N843NN","Boeing 737-800","unknown","true","2","""2026-07-20T07:02:09.917Z""",
"380","AA4658","AA","""2026-07-20T00:00:00.000Z""","12:59","""2026-07-20T12:59:00.000Z""","JFK","RDU",,,"archived","34","amber","""2026-07-20T23:52:57.981Z""",,,,"Arrived","0","""2026-07-21T01:24:44.087Z""",,"N438YX","Embraer 175","unknown","true","2","""2026-07-20T07:02:10.388Z""",
"381","WN4208","WN","""2026-07-20T00:00:00.000Z""","11:35","""2026-07-20T11:35:00.000Z""","BOS","DEN",,,"archived","9","green","""2026-07-20T23:52:58.293Z""",,,,"Arrived","0","""2026-07-21T01:24:44.387Z""",,"N8321D","Boeing 737-800","unknown","true","2","""2026-07-20T07:02:10.894Z""",
"382","DL3794","DL","""2026-07-20T00:00:00.000Z""","13:00","""2026-07-20T13:00:00.000Z""","LAX","GEG",,,"archived","7","green","""2026-07-20T23:52:58.848Z""",,,,"Arrived","0","""2026-07-21T01:24:44.905Z""",,"N254SY","Embraer 175","unknown","true","2","""2026-07-20T07:02:11.934Z""",
"383","WN3225","WN","""2026-07-20T00:00:00.000Z""","14:10","""2026-07-20T14:10:00.000Z""","LAX","HOU",,,"archived","9","green","""2026-07-20T23:52:59.837Z""",,,,"Arrived","0","""2026-07-21T01:24:45.910Z""",,"N8305E","Boeing 737-800","unknown","true","2","""2026-07-20T07:02:11.940Z""",
"384","UA970","UA","""2026-07-20T00:00:00.000Z""","15:45","""2026-07-20T15:45:00.000Z""","ORD","FCO",,,"archived","15","green","""2026-07-20T23:53:00.305Z""",,,,"EnRoute","0","""2026-07-21T01:24:46.429Z""",,"N12020","Boeing 787-10","unknown","true","2","""2026-07-20T07:02:12.762Z""",
"385","UA456","UA","""2026-07-20T00:00:00.000Z""","17:00","""2026-07-20T17:00:00.000Z""","ORD","DCA",,,"archived","16","green","""2026-07-20T23:53:00.826Z""",,,,"Arrived","0","""2026-07-21T01:24:46.882Z""",,"N840UA","Airbus A319","unknown","true","2","""2026-07-20T07:02:12.767Z""",
"386","UA1967","UA","""2026-07-20T00:00:00.000Z""","18:10","""2026-07-20T18:10:00.000Z""","ORD","LAX",,,"archived","17","green","""2026-07-20T23:53:01.844Z""",,,,"status_unresolvable",,"""2026-07-21T01:24:47.894Z""",,,"Boeing 757-300","unknown","true","2","""2026-07-20T07:02:12.770Z""",
"387","AA5428","AA","""2026-07-20T00:00:00.000Z""","21:00","""2026-07-20T21:00:00.000Z""","DFW","TRI",,,"archived","15","green","""2026-07-20T23:53:02.355Z""",,,,"status_unresolvable",,"""2026-07-21T01:24:48.476Z""",,,"Bombardier CRJ900","unknown","true","2","""2026-07-20T07:02:13.025Z""",
"388","AA3928","AA","""2026-07-20T00:00:00.000Z""","22:38","""2026-07-20T22:38:00.000Z""","DFW","MHK",,,"archived","15","green","""2026-07-20T23:53:02.930Z""",,,,"status_unresolvable",,"""2026-07-21T01:24:48.938Z""",,,"Embraer 175","unknown","true","2","""2026-07-20T07:02:13.028Z""",
"389","DL981","DL","""2026-07-20T00:00:00.000Z""","15:30","""2026-07-20T15:30:00.000Z""","ATL","BOG",,,"archived","10","green","""2026-07-20T23:53:03.864Z""",,,,"Arrived","0","""2026-07-21T01:24:49.962Z""",,"N1602","Boeing 767","unknown","true","2","""2026-07-20T07:02:14.418Z""",
"390","DL472","DL","""2026-07-20T00:00:00.000Z""","16:45","""2026-07-20T16:45:00.000Z""","ATL","SEA",,,"archived","11","green","""2026-07-20T23:53:04.435Z""",,,,"EnRoute","0","""2026-07-21T01:24:50.383Z""",,"N581NW","Boeing 757-300","unknown","true","2","""2026-07-20T07:02:14.424Z""",
"391","DL1132","DL","""2026-07-20T00:00:00.000Z""","17:59","""2026-07-20T17:59:00.000Z""","ATL","BHM",,,"archived","11","green","""2026-07-20T23:53:04.820Z""",,,,"Arrived","0","""2026-07-21T01:24:50.880Z""",,"N954AT","Boeing 717","unknown","true","2","""2026-07-20T07:02:14.433Z""",
"392","WN2434","WN","""2026-07-20T00:00:00.000Z""","17:00","""2026-07-20T17:00:00.000Z""","LAX","SJC",,,"archived","9","green","""2026-07-20T23:53:05.830Z""",,,,"Arrived","0","""2026-07-21T01:24:51.931Z""",,"N240WN","Boeing 737-700","unknown","true","2","""2026-07-20T07:02:14.897Z""",
"393","AA292","AA","""2026-07-20T00:00:00.000Z""","20:55","""2026-07-20T20:55:00.000Z""","JFK","DEL",,,"archived","19","green","""2026-07-20T23:53:06.334Z""",,,,"status_unresolvable",,"""2026-07-21T01:24:52.440Z""",,"N841AN","Boeing 787-9","unknown","true","2","""2026-07-20T07:02:15.959Z""",
"394","PD618","PD","""2026-07-20T00:00:00.000Z""","19:30","""2026-07-20T19:30:00.000Z""","BOS","YYZ",,,"archived","13","green","""2026-07-20T23:53:06.782Z""",,,,"EnRoute","0","""2026-07-21T01:24:52.886Z""",,"C-GKXN","Embraer 195","unknown","true","2","""2026-07-20T07:02:16.466Z""",
"395","UA2060","UA","""2026-07-20T00:00:00.000Z""","20:27","""2026-07-20T20:27:00.000Z""","BOS","EWR",,,"archived","20","green","""2026-07-20T23:53:10.289Z""",,,,"EnRoute","0","""2026-07-21T01:24:53.908Z""",,"N14523","Airbus A321 NEO","unknown","true","2","""2026-07-20T07:02:16.470Z""",
"396","DL1130","DL","""2026-07-20T00:00:00.000Z""","19:45","""2026-07-20T19:45:00.000Z""","ATL","MCI",,,"archived","13","green","""2026-07-20T23:53:11.692Z""",,,,"EnRoute","0","""2026-07-21T01:24:54.354Z""",,"N950DZ","Boeing 737-900","unknown","true","2","""2026-07-20T07:02:16.953Z""",
"397","DL3136","DL","""2026-07-20T00:00:00.000Z""","21:14","""2026-07-20T21:14:00.000Z""","ATL","GSP",,,"archived","15","green","""2026-07-20T23:53:11.994Z""",,,,"status_unresolvable",,"""2026-07-21T01:24:54.947Z""",,,"Boeing 717-200","unknown","true","2","""2026-07-20T07:02:16.957Z""",
"398","AA474","AA","""2026-07-20T00:00:00.000Z""","07:08","""2026-07-20T07:08:00.000Z""","DFW","PHX",,,"archived","8","green","""2026-07-20T23:51:38.708Z""",,,,"Arrived","0","""2026-07-21T01:24:03.104Z""",,"N923US","Airbus A321","unknown","true","2","""2026-07-20T10:11:28.735Z""",
"399","UA1358","UA","""2026-07-20T00:00:00.000Z""","07:00","""2026-07-20T07:00:00.000Z""","ORD","MIA",,,"archived","13","green","""2026-07-20T23:51:39.185Z""",,,,"Arrived","0","""2026-07-21T01:24:03.803Z""",,"B-737M9","Boeing 737 MAX 9","unknown","true","2","""2026-07-20T10:11:28.800Z""",
"400","AA249","AA","""2026-07-20T00:00:00.000Z""","08:42","""2026-07-20T08:42:00.000Z""","ORD","MEX",,,"archived","23","green","""2026-07-20T23:53:14.048Z""",,,,"EnRoute","0","""2026-07-21T01:24:56.924Z""",,"N902NN","Boeing 737-800","unknown","true","2","""2026-07-20T10:11:28.806Z""",
"401","UA4645","UA","""2026-07-20T00:00:00.000Z""","10:25","""2026-07-20T10:25:00.000Z""","ORD","FWA",,,"archived","14","green","""2026-07-20T23:51:39.698Z""","""2026-07-20T21:53:16.426Z""","""2026-07-20T21:53:16.426Z""",,"status_unresolvable",,"""2026-07-21T01:24:05.147Z""",,,"Bombardier CRJ","unknown","true","2","""2026-07-20T10:11:28.809Z""",
"402","DL668","DL","""2026-07-20T00:00:00.000Z""","07:00","""2026-07-20T07:00:00.000Z""","JFK","SFO",,,"archived","23","green","""2026-07-20T23:51:46.591Z""",,,,"Arrived","0","""2026-07-21T01:24:11.366Z""",,"N194DN","Boeing 767-300","unknown","true","2","""2026-07-20T10:11:29.610Z""",
"403","DL5733","DL","""2026-07-20T00:00:00.000Z""","09:50","""2026-07-20T09:50:00.000Z""","JFK","BOS",,,"archived","13","green","""2026-07-20T23:51:47.092Z""",,,,"Arrived","0","""2026-07-21T01:24:11.939Z""",,"N230JQ","Embraer 175","unknown","true","2","""2026-07-20T10:11:29.615Z""",
"404","AS668","AS","""2026-07-20T00:00:00.000Z""","07:00","""2026-07-20T07:00:00.000Z""","LAX","PDX",,,"archived","6","green","""2026-07-20T23:51:48.171Z""",,,,"Arrived","0","""2026-07-21T01:24:12.826Z""",,"N557AS","Boeing 737-800","unknown","true","2","""2026-07-20T10:11:30.095Z""",
"405","AS963","AS","""2026-07-20T00:00:00.000Z""","09:00","""2026-07-20T09:00:00.000Z""","LAX","LIH",,,"archived","6","green","""2026-07-20T23:53:59.059Z""",,,,"EnRoute","0","""2026-07-21T01:25:16.603Z""",,"N230HA","Airbus A321 NEO","unknown","true","2","""2026-07-20T10:11:30.099Z""",
"406","AA238","AA","""2026-07-20T00:00:00.000Z""","10:11","""2026-07-20T10:11:00.000Z""","LAX","JFK",,,"archived","12","green","""2026-07-20T23:51:49.011Z""",,,,"Arrived","0","""2026-07-21T01:24:13.898Z""",,"N305NY","Airbus A321","unknown","true","2","""2026-07-20T10:11:30.103Z""",
"407","DL5703","DL","""2026-07-20T00:00:00.000Z""","06:35","""2026-07-20T06:35:00.000Z""","BOS","BWI",,,"archived","8","green","""2026-07-20T23:53:59.976Z""",,,,"Arrived","0","""2026-07-21T01:25:17.605Z""",,"N232JQ","Embraer 175","unknown","true","2","""2026-07-20T10:11:30.599Z""",
"408","AA1868","AA","""2026-07-20T00:00:00.000Z""","14:25","""2026-07-20T14:25:00.000Z""","DFW","FLL",,,"archived","11","green","""2026-07-20T23:51:50.315Z""",,,,"Arrived","0","""2026-07-21T01:24:14.923Z""",,"N952NN","Boeing 737-800","unknown","true","2","""2026-07-20T10:11:31.096Z""",
"409","AA2627","AA","""2026-07-20T00:00:00.000Z""","11:43","""2026-07-20T11:43:00.000Z""","ORD","SMF",,,"archived","14","green","""2026-07-20T23:51:50.633Z""",,,,"Arrived","0","""2026-07-21T01:24:15.446Z""",,"N357PV","Boeing 737-800","unknown","true","2","""2026-07-20T10:11:31.586Z""",
"410","AS579","AS","""2026-07-20T00:00:00.000Z""","13:01","""2026-07-20T13:01:00.000Z""","ORD","SEA",,,"archived","14","green","""2026-07-20T23:53:32.141Z""",,,,"Arrived","0","""2026-07-21T01:24:59.147Z""",,"N525AS","Boeing 737-800","unknown","true","2","""2026-07-20T10:11:31.591Z""",
"411","AC506","AC","""2026-07-20T00:00:00.000Z""","14:15","""2026-07-20T14:15:00.000Z""","ORD","YYZ",,,"archived","16","green","""2026-07-20T23:51:51.150Z""",,,,"Arrived","0","""2026-07-21T01:24:15.821Z""",,"C-GTZH","Airbus A220-300","unknown","true","2","""2026-07-20T10:11:31.595Z""",
"412","DL3507","DL","""2026-07-20T00:00:00.000Z""","11:21","""2026-07-20T11:21:00.000Z""","ATL","SHV",,,"archived","9","green","""2026-07-20T23:53:31.787Z""",,,,"Arrived","0","""2026-07-21T01:24:58.651Z""",,"N319SY","Embraer 175","unknown","true","2","""2026-07-20T10:11:32.122Z""",
"413","DL2539","DL","""2026-07-20T00:00:00.000Z""","14:15","""2026-07-20T14:15:00.000Z""","ATL","GSO",,,"archived","11","green","""2026-07-20T23:51:52.700Z""","""2026-07-20T21:53:59.257Z""","""2026-07-20T21:53:59.257Z""",,"status_unresolvable",,"""2026-07-21T01:24:16.928Z""",,,"Boeing 717-200","unknown","true","2","""2026-07-20T10:11:32.133Z""",
"414","DL2775","DL","""2026-07-20T00:00:00.000Z""","11:27","""2026-07-20T11:27:00.000Z""","JFK","MCO",,,"archived","14","green","""2026-07-20T23:51:53.079Z""",,,,"Arrived","0","""2026-07-21T01:24:17.297Z""",,"N572DT","Airbus A321 NEO","unknown","true","2","""2026-07-20T10:11:32.611Z""",
"415","AS6","AS","""2026-07-20T00:00:00.000Z""","11:48","""2026-07-20T11:48:00.000Z""","LAX","DCA",,,"archived","7","green","""2026-07-20T23:51:54.134Z""",,,,"Arrived","0","""2026-07-21T01:24:17.808Z""",,"N589AS","Boeing 737-800","unknown","true","2","""2026-07-20T10:11:33.107Z""",
"416","AA499","AA","""2026-07-20T00:00:00.000Z""","18:30","""2026-07-20T18:30:00.000Z""","DFW","SAT",,,"archived","13","green","""2026-07-20T23:51:54.433Z""",,,,"Arrived","0","""2026-07-21T01:24:19.037Z""",,"N124US","Airbus A320","unknown","true","2","""2026-07-20T10:11:34.124Z""",
"417","UA987","UA","""2026-07-20T00:00:00.000Z""","18:10","""2026-07-20T18:10:00.000Z""","ORD","CDG",,,"archived","18","green","""2026-07-20T23:54:50.363Z""",,,,"EnRoute","0","""2026-07-21T01:25:32.218Z""",,"N12004","Boeing 787-10","unknown","true","2","""2026-07-20T10:11:34.595Z""",
"418","DL518","DL","""2026-07-20T00:00:00.000Z""","16:45","""2026-07-20T16:45:00.000Z""","ATL","BOS",,,"archived","11","green","""2026-07-20T23:51:55.073Z""",,,,"Arrived","0","""2026-07-21T01:24:19.309Z""",,"N305DN","Airbus A321","unknown","true","2","""2026-07-20T10:11:35.108Z""",
"419","DL1480","DL","""2026-07-20T00:00:00.000Z""","15:41","""2026-07-20T15:41:00.000Z""","JFK","ATL",,,"archived","16","green","""2026-07-20T23:52:00.456Z""",,,,"Arrived","0","""2026-07-21T01:24:28.020Z""",,"N864DN","Boeing 737","unknown","true","2","""2026-07-20T10:11:35.616Z""",
"420","AS19","AS","""2026-07-20T00:00:00.000Z""","17:08","""2026-07-20T17:08:00.000Z""","JFK","PDX",,,"archived","16","green","""2026-07-20T23:52:01.097Z""",,,,"EnRoute","0","""2026-07-21T01:24:28.501Z""",,"N979AK","Boeing 737 MAX 9","unknown","true","2","""2026-07-20T10:11:35.619Z""",
"421","DL4914","DL","""2026-07-20T00:00:00.000Z""","18:27","""2026-07-20T18:27:00.000Z""","JFK","IND",,,"archived","18","green","""2026-07-20T23:52:01.969Z""",,,,"Arrived","0","""2026-07-21T01:24:29.000Z""",,"N919XJ","Canadair CRJ 900","unknown","true","2","""2026-07-20T10:11:35.623Z""",
"422","VS8","VS","""2026-07-20T00:00:00.000Z""","15:50","""2026-07-20T15:50:00.000Z""","LAX","LHR",,,"archived","9","green","""2026-07-20T23:52:03.983Z""",,,,"EnRoute","0","""2026-07-21T01:24:31.715Z""",,"G-VPRD","Airbus A350","unknown","true","2","""2026-07-20T10:11:36.103Z""",
"423","UA212","UA","""2026-07-20T00:00:00.000Z""","17:00","""2026-07-20T17:00:00.000Z""","LAX","ORD",,,"archived","14","green","""2026-07-20T23:52:04.938Z""",,,,"status_unresolvable",,"""2026-07-21T01:24:32.008Z""",,"N17017","Boeing 787-10","unknown","true","2","""2026-07-20T10:11:36.108Z""",
"424","AA3887","AA","""2026-07-20T00:00:00.000Z""","19:51","""2026-07-20T19:51:00.000Z""","DFW","CMI",,,"archived","18","green","""2026-07-20T23:52:05.725Z""",,,,"status_unresolvable",,"""2026-07-21T01:24:32.546Z""",,,"Embraer 175","unknown","true","2","""2026-07-20T10:11:37.111Z""",
"425","AA2346","AA","""2026-07-20T00:00:00.000Z""","21:00","""2026-07-20T21:00:00.000Z""","DFW","ORD",,,"archived","20","green","""2026-07-20T23:52:06.081Z""",,,,"status_unresolvable",,"""2026-07-21T01:24:33.020Z""",,,"Boeing 737-800","unknown","true","2","""2026-07-20T10:11:37.118Z""",
"426","UA5768","UA","""2026-07-20T00:00:00.000Z""","19:45","""2026-07-20T19:45:00.000Z""","ORD","MSN",,,"archived","18","green","""2026-07-20T23:52:06.679Z""",,,,"status_unresolvable",,"""2026-07-21T01:24:34.068Z""",,"N131SY","Embraer 175","unknown","true","2","""2026-07-20T10:11:37.619Z""",
"427","AA1465","AA","""2026-07-20T00:00:00.000Z""","20:59","""2026-07-20T20:59:00.000Z""","ORD","LAS",,,"archived","19","green","""2026-07-20T23:52:07.137Z""",,,,"status_unresolvable",,"""2026-07-21T01:24:34.571Z""",,,"Boeing 737-800","unknown","true","2","""2026-07-20T10:11:37.623Z""",
"428","UA4603","UA","""2026-07-20T00:00:00.000Z""","22:00","""2026-07-20T22:00:00.000Z""","ORD","PIA",,,"archived","20","green","""2026-07-20T23:52:08.184Z""",,,,"status_unresolvable",,"""2026-07-21T01:24:35.065Z""",,,,"unknown","true","2","""2026-07-20T10:11:37.626Z""",
"429","DL784","DL","""2026-07-20T00:00:00.000Z""","20:55","""2026-07-20T20:55:00.000Z""","JFK","PHX",,,"archived","20","green","""2026-07-20T23:52:08.722Z""",,,,"status_unresolvable",,"""2026-07-21T01:24:36.033Z""",,,"Airbus A320","unknown","true","2","""2026-07-20T10:11:38.686Z""",
"430","AA2289","AA","""2026-07-20T00:00:00.000Z""","23:04","""2026-07-20T23:04:00.000Z""","LAX","MIA",,,"archived","13","green","""2026-07-20T23:52:09.082Z""",,,,"status_unresolvable",,"""2026-07-21T01:24:36.578Z""",,,"Airbus A321","unknown","true","2","""2026-07-20T10:11:39.096Z""",
"431","DL324","DL","""2026-07-20T00:00:00.000Z""","19:29","""2026-07-20T19:29:00.000Z""","BOS","SEA",,,"archived","13","green","""2026-07-20T23:52:11.219Z""",,,,"status_unresolvable",,"""2026-07-21T01:24:37.047Z""",,"N517DN","Airbus A321 NEO","unknown","true","2","""2026-07-20T10:11:39.604Z""",
"432","AA1792","AA","""2026-07-20T00:00:00.000Z""","07:10","""2026-07-20T07:10:00.000Z""","DFW","DTW",,,"archived","8","green","""2026-07-20T23:53:32.619Z""",,,,"Arrived","0","""2026-07-21T01:24:59.621Z""",,"N314RH","Boeing 737","unknown","true","2","""2026-07-20T13:30:03.571Z""",
"433","AA1396","AA","""2026-07-20T00:00:00.000Z""","08:45","""2026-07-20T08:45:00.000Z""","DFW","AUS",,,"archived","8","green","""2026-07-20T23:53:33.160Z""",,,,"Arrived","0","""2026-07-21T01:25:00.509Z""",,"N104UW","Airbus A320","unknown","true","2","""2026-07-20T13:30:03.582Z""",
"434","UA2361","UA","""2026-07-20T00:00:00.000Z""","07:00","""2026-07-20T07:00:00.000Z""","ORD","LAX",,,"archived","12","green","""2026-07-20T23:53:33.655Z""",,,,"Arrived","0","""2026-07-21T01:25:00.833Z""",,"N24573","Airbus A321 NEO","unknown","true","2","""2026-07-20T13:30:03.974Z""",
"435","UA2093","UA","""2026-07-20T00:00:00.000Z""","08:40","""2026-07-20T08:40:00.000Z""","ORD","MSN",,,"archived","13","green","""2026-07-20T23:53:34.153Z""",,,,"Arrived","0","""2026-07-21T01:25:01.306Z""",,"N823UA","Airbus A319","unknown","true","2","""2026-07-20T13:30:03.980Z""",
"436","UA543","UA","""2026-07-20T00:00:00.000Z""","10:25","""2026-07-20T10:25:00.000Z""","ORD","SFO",,,"archived","24","green","""2026-07-20T23:53:34.667Z""",,,,"Arrived","0","""2026-07-21T01:25:01.849Z""",,"N75854","Boeing 757-300","unknown","true","2","""2026-07-20T13:30:03.983Z""",
"437","AV43","AV","""2026-07-20T00:00:00.000Z""","06:55","""2026-07-20T06:55:00.000Z""","JFK","MDE",,,"archived","12","green","""2026-07-20T23:53:35.149Z""",,,,"EnRoute","0","""2026-07-21T01:25:02.858Z""",,"N742AV","Airbus A320","unknown","true","2","""2026-07-20T13:30:05.049Z""",
"438","DL713","DL","""2026-07-20T00:00:00.000Z""","08:00","""2026-07-20T08:00:00.000Z""","JFK","LAX",,,"archived","12","green","""2026-07-20T23:53:40.609Z""",,,,"Arrived","0","""2026-07-21T01:25:03.321Z""",,"N1604R","Boeing 767-300","unknown","true","2","""2026-07-20T13:30:05.054Z""",
"439","DL2019","DL","""2026-07-20T00:00:00.000Z""","09:53","""2026-07-20T09:53:00.000Z""","JFK","MCO",,,"archived","13","green","""2026-07-20T23:53:41.178Z""",,,,"Arrived","0","""2026-07-21T01:25:03.839Z""",,"N103DY","Airbus A321","unknown","true","2","""2026-07-20T13:30:05.057Z""",
"440","AA6336","AA","""2026-07-20T00:00:00.000Z""","07:00","""2026-07-20T07:00:00.000Z""","LAX","SFO",,,"archived","21","green","""2026-07-20T23:53:44.725Z""",,,,"Arrived","0","""2026-07-21T01:25:05.196Z""",,"N502SY","Embraer 175","unknown","true","2","""2026-07-20T13:30:05.389Z""",
"441","SQ7449","SQ","""2026-07-20T00:00:00.000Z""","08:55","""2026-07-20T08:55:00.000Z""","LAX","SYD",,,"archived","6","green","""2026-07-20T23:53:45.489Z""",,,,"Departed","0","""2026-07-21T01:25:05.575Z""",,"9V-DHA","Boeing 777","unknown","true","2","""2026-07-20T13:30:05.393Z""",
"442","UA5299","UA","""2026-07-20T00:00:00.000Z""","10:10","""2026-07-20T10:10:00.000Z""","LAX","FAT",,,"archived","7","green","""2026-07-20T23:53:45.826Z""",,,,"Arrived","0","""2026-07-21T01:25:06.354Z""",,"N110SY","Embraer 175","unknown","true","2","""2026-07-20T13:30:05.397Z""",
"443","DL695","DL","""2026-07-20T00:00:00.000Z""","06:45","""2026-07-20T06:45:00.000Z""","BOS","ATL",,,"archived","8","green","""2026-07-20T23:53:46.410Z""",,,,"Arrived","0","""2026-07-21T01:25:07.016Z""",,"N709TW","Boeing 757-200","unknown","true","2","""2026-07-20T13:30:06.219Z""",
"444","MQ4171","MQ","""2026-07-20T00:00:00.000Z""","09:55","""2026-07-20T09:55:00.000Z""","BOS","ROC",,,"archived","8","green","""2026-07-20T23:53:47.210Z""",,,,"Arrived","0","""2026-07-21T01:25:07.340Z""",,"N287NN","Embraer 175","unknown","true","2","""2026-07-20T13:30:06.225Z""",
"445","AA2524","AA","""2026-07-20T00:00:00.000Z""","11:40","""2026-07-20T11:40:00.000Z""","ORD","SEA",,,"archived","14","green","""2026-07-20T23:53:48.233Z""",,,,"Arrived","0","""2026-07-21T01:25:08.295Z""",,"N924US","Airbus A321","unknown","true","2","""2026-07-20T13:30:06.851Z""",
"446","KG5745","KG","""2026-07-20T00:00:00.000Z""","14:15","""2026-07-20T14:15:00.000Z""","ORD","MKG",,,"archived","18","green","""2026-07-20T23:53:48.673Z""",,,,"Arrived","0","""2026-07-21T01:25:08.661Z""",,"N976DC","Embraer 145","unknown","true","2","""2026-07-20T13:30:06.857Z""",
"447","DL1725","DL","""2026-07-20T00:00:00.000Z""","11:16","""2026-07-20T11:16:00.000Z""","ATL","GSP",,,"archived","9","green","""2026-07-20T23:53:49.163Z""",,,,"Arrived","0","""2026-07-21T01:25:09.117Z""",,"N927AT","Boeing 717","unknown","true","2","""2026-07-20T13:30:07.359Z""",
"448","DL895","DL","""2026-07-20T00:00:00.000Z""","12:40","""2026-07-20T12:40:00.000Z""","ATL","LAX",,,"archived","8","green","""2026-07-20T23:53:49.582Z""",,,,"Arrived","0","""2026-07-21T01:25:09.597Z""",,"N574DT","Airbus A321 NEO","unknown","true","2","""2026-07-20T13:30:07.365Z""",
"449","DL1101","DL","""2026-07-20T00:00:00.000Z""","14:10","""2026-07-20T14:10:00.000Z""","ATL","ORF",,,"archived","11","green","""2026-07-20T23:53:50.278Z""",,,,"Arrived","0","""2026-07-21T01:25:10.145Z""",,"N6716C","Boeing 757-200","unknown","true","2","""2026-07-20T13:30:07.369Z""",
"450","AA2186","AA","""2026-07-20T00:00:00.000Z""","18:30","""2026-07-20T18:30:00.000Z""","DFW","MCO",,,"archived","18","green","""2026-07-20T23:53:51.067Z""",,,,"EnRoute","0","""2026-07-21T01:25:10.593Z""",,"N906AA","Airbus A321","unknown","true","2","""2026-07-20T13:30:08.876Z""",
"451","BA294","BA","""2026-07-20T00:00:00.000Z""","17:00","""2026-07-20T17:00:00.000Z""","ORD","LHR",,,"archived","16","green","""2026-07-20T23:53:51.416Z""",,,,"EnRoute","0","""2026-07-21T01:25:11.078Z""",,"G-RAES","Boeing 777-200","unknown","true","2","""2026-07-20T13:30:09.829Z""",
"452","AA4065","AA","""2026-07-20T00:00:00.000Z""","22:38","""2026-07-20T22:38:00.000Z""","DFW","CRP",,,"archived","15","green","""2026-07-20T23:53:52.005Z""",,,,"status_unresolvable",,"""2026-07-21T01:25:11.598Z""",,,"Embraer 175","unknown","true","2","""2026-07-20T13:30:11.860Z""",
"453","AA3817","AA","""2026-07-20T00:00:00.000Z""","20:59","""2026-07-20T20:59:00.000Z""","ORD","SYR",,,"archived","20","green","""2026-07-20T23:53:52.921Z""",,,,"status_unresolvable",,"""2026-07-21T01:25:12.143Z""",,,"Embraer 175","unknown","true","2","""2026-07-20T13:30:12.859Z""",
"454","UA4576","UA","""2026-07-20T00:00:00.000Z""","22:00","""2026-07-20T22:00:00.000Z""","ORD","STL",,,"archived","20","green","""2026-07-20T23:53:53.381Z""",,,,"status_unresolvable",,"""2026-07-21T01:25:12.597Z""",,"N578GJ","Canadair CRJ 700","unknown","true","2","""2026-07-20T13:30:12.863Z""",
"455","DL1843","DL","""2026-07-20T00:00:00.000Z""","19:45","""2026-07-20T19:45:00.000Z""","ATL","GEG",,,"archived","13","green","""2026-07-20T23:53:54.428Z""",,,,"EnRoute","0","""2026-07-21T01:25:13.173Z""",,"N924DZ","Boeing 737","unknown","true","2","""2026-07-20T13:30:13.704Z""",
"456","DL3117","DL","""2026-07-20T00:00:00.000Z""","22:48","""2026-07-20T22:48:00.000Z""","ATL","JAN",,,"archived","15","green","""2026-07-20T23:53:54.765Z""",,,,"status_unresolvable",,"""2026-07-21T01:25:13.725Z""",,,"Boeing 717-200","unknown","true","2","""2026-07-20T13:30:13.714Z""",
"457","DL1253","DL","""2026-07-20T00:00:00.000Z""","19:30","""2026-07-20T19:30:00.000Z""","JFK","DTW",,,"archived","18","green","""2026-07-20T23:53:55.246Z""",,,,"EnRoute","0","""2026-07-21T01:25:14.113Z""",,"N322NB","Airbus A319","unknown","true","2","""2026-07-20T13:30:14.005Z""",
"458","SQ25","SQ","""2026-07-20T00:00:00.000Z""","20:55","""2026-07-20T20:55:00.000Z""","JFK","FRA",,,"archived","20","green","""2026-07-20T23:53:55.971Z""",,,,"status_unresolvable",,"""2026-07-21T01:25:14.608Z""",,"9V-SWO","Boeing 777-300","unknown","true","2","""2026-07-20T13:30:14.009Z""",
"459","AM405","AM","""2026-07-20T00:00:00.000Z""","08:04","""2026-07-20T08:04:00.000Z""","JFK","MEX",,,"archived","23","green","""2026-07-20T23:54:46.041Z""",,,,"EnRoute","0","""2026-07-21T01:25:31.168Z""",,"XA-MIJ","Boeing 737 MAX 9","unknown","true","2","""2026-07-20T21:51:00.945Z""",
"460","AM407","AM","""2026-07-20T00:00:00.000Z""","09:30","""2026-07-20T09:30:00.000Z""","JFK","MTY",,,"archived","12","green","""2026-07-20T23:52:46.532Z""",,,,"EnRoute","0","""2026-07-21T01:24:41.408Z""",,"XA-MLI","Boeing 737 MAX 8","unknown","true","2","""2026-07-20T21:51:01.020Z""",
"461","DL2828","DL","""2026-07-20T00:00:00.000Z""","06:59","""2026-07-20T06:59:00.000Z""","ORD","BOS",,,"archived","13","green","""2026-07-20T23:51:48.449Z""",,,,"Arrived","0","""2026-07-21T01:24:13.300Z""",,"N306DU","Airbus A220-300","unknown","true","2","""2026-07-20T21:51:01.071Z""",
"462","AA1106","AA","""2026-07-20T00:00:00.000Z""","07:00","""2026-07-20T07:00:00.000Z""","DFW","ORD",,,"archived","13","green","""2026-07-20T23:51:56.040Z""",,,,"Arrived","0","""2026-07-21T01:24:21.353Z""",,"N951XV","Airbus A321","unknown","true","2","""2026-07-20T21:51:01.105Z""",
"463","UA5304","UA","""2026-07-20T00:00:00.000Z""","08:40","""2026-07-20T08:40:00.000Z""","ORD","BNA",,,"archived","13","green","""2026-07-20T23:52:35.361Z""",,,,"Arrived","0","""2026-07-21T01:24:40.157Z""",,"N132SY","Embraer 175","unknown","true","2","""2026-07-20T21:51:01.151Z""",
"464","AA6388","AA","""2026-07-20T00:00:00.000Z""","08:30","""2026-07-20T08:30:00.000Z""","DFW","ASE",,,"archived","8","green","""2026-07-20T23:51:56.980Z""",,,,"Arrived","0","""2026-07-21T01:24:24.777Z""",,"N760EV","Canadair CRJ-701ER","unknown","true","2","""2026-07-20T21:51:01.162Z""",
"465","AA2555","AA","""2026-07-20T00:00:00.000Z""","07:00","""2026-07-20T07:00:00.000Z""","BOS","DFW",,,"archived","8","green","""2026-07-20T23:53:56.346Z""",,,,"status_unresolvable",,"""2026-07-21T01:25:15.137Z""",,"N146AA","Airbus A321","unknown","true","2","""2026-07-20T21:51:01.172Z""",
"466","MQ3476","MQ","""2026-07-20T00:00:00.000Z""","10:00","""2026-07-20T10:00:00.000Z""","ORD","CMI",,,"archived","19","green","""2026-07-20T23:52:46.134Z""",,,,"Arrived","0","""2026-07-21T01:24:40.610Z""",,"N785BR","Embraer 170","unknown","true","2","""2026-07-20T21:51:01.172Z""",
"467","DL5654","DL","""2026-07-20T00:00:00.000Z""","08:11","""2026-07-20T08:11:00.000Z""","BOS","CMH",,,"archived","8","green","""2026-07-20T23:53:57.459Z""",,,,"Arrived","0","""2026-07-21T01:25:15.782Z""",,"N210JQ","Embraer 175","unknown","true","2","""2026-07-20T21:51:01.197Z""",
"468","CNS235","CNS","""2026-07-20T00:00:00.000Z""","10:00","""2026-07-20T10:00:00.000Z""","BOS","BED",,,"archived","9","green","""2026-07-20T23:53:58.641Z""",,,,"Arrived","0","""2026-07-21T01:25:16.149Z""",,"N531AF","Pilatus PC-12","unknown","true","2","""2026-07-20T21:51:01.222Z""",
"469","UA1941","UA","""2026-07-20T00:00:00.000Z""","07:00","""2026-07-20T07:00:00.000Z""","LAX","ORD",,,"archived","11","green","""2026-07-20T23:53:59.520Z""",,,,"Arrived","0","""2026-07-21T01:25:17.166Z""",,"N77867","Boeing 757-300","unknown","true","2","""2026-07-20T21:51:01.228Z""",
"470","AA119","AA","""2026-07-20T00:00:00.000Z""","08:48","""2026-07-20T08:48:00.000Z""","LAX","LIH",,,"archived","6","green","""2026-07-20T23:54:50.696Z""",,,,"EnRoute","0","""2026-07-21T01:25:32.720Z""",,"N458AL","Airbus A321 NEO","unknown","true","2","""2026-07-20T21:51:01.236Z""",
"471","WN4322","WN","""2026-07-20T00:00:00.000Z""","10:15","""2026-07-20T10:15:00.000Z""","LAX","SLC",,,"archived","7","green","""2026-07-20T23:54:54.906Z""",,,,"Arrived","0","""2026-07-21T01:25:33.172Z""",,"N8993Q","Boeing 737 MAX 8","unknown","true","2","""2026-07-20T21:51:01.243Z""",
"472","DL2862","DL","""2026-07-20T00:00:00.000Z""","15:15","""2026-07-20T15:15:00.000Z""","ATL","OKC",,,"archived","11","green","""2026-07-20T23:54:55.218Z""",,,,"Arrived","0","""2026-07-21T01:25:33.659Z""",,"N894AT","Boeing 717","unknown","true","2","""2026-07-20T21:51:01.586Z""",
"473","DL3083","DL","""2026-07-20T00:00:00.000Z""","17:07","""2026-07-20T17:07:00.000Z""","ATL","VPS",,,"archived","11","green","""2026-07-20T23:53:12.544Z""",,,,"Arrived","0","""2026-07-21T01:24:55.947Z""",,"N934AT","Boeing 717-200","unknown","true","2","""2026-07-20T21:51:01.589Z""",
"474","DL434","DL","""2026-07-20T00:00:00.000Z""","18:00","""2026-07-20T18:00:00.000Z""","ATL","LGA",,,"archived","18","green","""2026-07-20T23:54:02.527Z""",,,,"Arrived","0","""2026-07-21T01:25:18.117Z""",,"N114DN","Airbus A321","unknown","true","2","""2026-07-20T21:51:01.594Z""",
"475","AR1909","AR","""2026-07-20T00:00:00.000Z""","12:00","""2026-07-20T12:00:00.000Z""","JFK","EZE",,,"archived","13","green","""2026-07-20T23:54:02.954Z""",,,,"EnRoute","0","""2026-07-21T01:25:18.824Z""",,"LV-GHQ","Airbus A330","unknown","true","2","""2026-07-20T21:51:02.022Z""",
"476","NH109","NH","""2026-07-20T00:00:00.000Z""","13:30","""2026-07-20T13:30:00.000Z""","JFK","HND",,,"archived","14","green","""2026-07-20T23:54:03.389Z""",,,,"EnRoute","0","""2026-07-21T01:25:19.120Z""",,"JA794A","Boeing 777","unknown","true","2","""2026-07-20T21:51:02.027Z""",
"477","UA1332","UA","""2026-07-20T00:00:00.000Z""","11:00","""2026-07-20T11:00:00.000Z""","ORD","MYR",,,"archived","14","green","""2026-07-20T23:54:04.419Z""",,,,"Arrived","0","""2026-07-21T01:25:19.746Z""",,"N874UA","Airbus A319","unknown","true","2","""2026-07-20T21:51:02.536Z""",
"478","UA6033","UA","""2026-07-20T00:00:00.000Z""","12:45","""2026-07-20T12:45:00.000Z""","ORD","TVC",,,"archived","16","green","""2026-07-20T23:54:05.341Z""",,,,"Arrived","0","""2026-07-21T01:25:20.176Z""",,"N767SK","Canadair CRJ-701ER","unknown","true","2","""2026-07-20T21:51:02.540Z""",
"479","MQ3785","MQ","""2026-07-20T00:00:00.000Z""","13:33","""2026-07-20T13:33:00.000Z""","ORD","ABE",,,"archived","14","green","""2026-07-20T23:54:05.662Z""",,,,"Arrived","0","""2026-07-21T01:25:20.691Z""",,"N768RD","Embraer 170","unknown","true","2","""2026-07-20T21:51:02.544Z""",
"480","DL5803","DL","""2026-07-20T00:00:00.000Z""","11:25","""2026-07-20T11:25:00.000Z""","BOS","SAV",,,"archived","9","green","""2026-07-20T23:52:11.547Z""",,,,"Arrived","0","""2026-07-21T01:24:37.572Z""",,"N242JQ","Embraer 175","unknown","true","2","""2026-07-20T21:51:03.549Z""",
"481","SY252","SY","""2026-07-20T00:00:00.000Z""","11:51","""2026-07-20T11:51:00.000Z""","BOS","MSP",,,"archived","11","green","""2026-07-20T23:54:06.202Z""",,,,"Arrived","0","""2026-07-21T01:25:21.147Z""",,"N847SY","Boeing 737-800","unknown","true","2","""2026-07-20T21:51:03.553Z""",
"482","DL5829","DL","""2026-07-20T00:00:00.000Z""","12:55","""2026-07-20T12:55:00.000Z""","BOS","EWR",,,"archived","14","green","""2026-07-20T23:54:08.067Z""",,,,"Arrived","0","""2026-07-21T01:25:21.625Z""",,"N230JQ","Embraer 175","unknown","true","2","""2026-07-20T21:51:03.557Z""",
"483","AA3124","AA","""2026-07-20T00:00:00.000Z""","12:25","""2026-07-20T12:25:00.000Z""","LAX","MIA",,,"archived","7","green","""2026-07-20T23:54:08.429Z""",,,,"Arrived","0","""2026-07-21T01:25:22.172Z""",,"N508AY","Airbus A321","unknown","true","2","""2026-07-20T21:51:04.048Z""",
"484","AA6221","AA","""2026-07-20T00:00:00.000Z""","14:00","""2026-07-20T14:00:00.000Z""","LAX","SFO",,,"archived","24","green","""2026-07-20T23:54:08.905Z""",,,,"Arrived","0","""2026-07-21T01:25:22.617Z""",,"N515SY","Embraer 175","unknown","true","2","""2026-07-20T21:51:04.053Z""",
"485","DL1473","DL","""2026-07-20T00:00:00.000Z""","19:42","""2026-07-20T19:42:00.000Z""","ATL","GSO",,,"archived","13","green","""2026-07-20T23:52:12.041Z""",,,,"EnRoute","0","""2026-07-21T01:24:38.046Z""",,"N925AT","Boeing 717","unknown","true","2","""2026-07-20T21:51:04.535Z""",
"486","DL2911","DL","""2026-07-20T00:00:00.000Z""","22:48","""2026-07-20T22:48:00.000Z""","ATL","MCI",,,"archived","15","green","""2026-07-20T23:54:09.923Z""",,,,"status_unresolvable",,"""2026-07-21T01:25:23.158Z""",,,"Boeing 737-900","unknown","true","2","""2026-07-20T21:51:04.539Z""",
"487","VB101","VB","""2026-07-20T00:00:00.000Z""","15:05","""2026-07-20T15:05:00.000Z""","JFK","MEX",,,"archived","26","amber","""2026-07-20T23:54:10.729Z""",,,,"EnRoute","0","""2026-07-21T01:25:23.661Z""",,"XA-VMI","Airbus A320 (Sharklets)","unknown","true","2","""2026-07-20T21:51:05.046Z""",
"488","DL5798","DL","""2026-07-20T00:00:00.000Z""","17:30","""2026-07-20T17:30:00.000Z""","JFK","BOS",,,"archived","16","green","""2026-07-20T23:54:11.275Z""",,,,"Arrived","0","""2026-07-21T01:25:24.147Z""",,"N231JQ","Embraer 175","unknown","true","2","""2026-07-20T21:51:05.051Z""",
"489","UA4388","UA","""2026-07-20T00:00:00.000Z""","15:46","""2026-07-20T15:46:00.000Z""","ORD","CVG",,,"archived","16","green","""2026-07-20T23:52:13.056Z""",,,,"Departed","0","""2026-07-21T01:24:38.616Z""",,"N564GJ","Canadair CRJ","unknown","true","2","""2026-07-20T21:51:05.589Z""",
"490","UA5064","UA","""2026-07-20T00:00:00.000Z""","16:45","""2026-07-20T16:45:00.000Z""","ORD","DEC",,,"archived","75","red","""2026-07-20T23:54:11.856Z""","""2026-07-20T23:54:11.856Z""","""2026-07-20T23:54:11.856Z""",,"Cancelled","0","""2026-07-21T01:25:24.686Z""",,,"Bombardier CRJ","unknown","true","2","""2026-07-20T21:51:05.593Z""",
"491","UA1623","UA","""2026-07-20T00:00:00.000Z""","18:00","""2026-07-20T18:00:00.000Z""","ORD","LGA",,,"archived","18","green","""2026-07-20T23:54:12.200Z""",,,,"EnRoute","0","""2026-07-21T01:25:25.191Z""",,"N37290","Boeing 737-800","unknown","true","2","""2026-07-20T21:51:05.596Z""",
"492","AA4967","AA","""2026-07-20T00:00:00.000Z""","14:36","""2026-07-20T14:36:00.000Z""","DFW","SAT",,,"archived","11","green","""2026-07-20T23:54:12.711Z""",,,,"Arrived","0","""2026-07-21T01:25:25.672Z""",,"N631SK","Bombardier CRJ700","unknown","true","2","""2026-07-20T21:51:06.088Z""",
"493","AA2474","AA","""2026-07-20T00:00:00.000Z""","16:50","""2026-07-20T16:50:00.000Z""","DFW","ORD",,,"archived","16","green","""2026-07-20T23:54:13.514Z""",,,,"Arrived","0","""2026-07-21T01:25:26.162Z""",,"N920US","Airbus A321","unknown","true","2","""2026-07-20T21:51:06.092Z""",
"494","AA3484","AA","""2026-07-20T00:00:00.000Z""","18:15","""2026-07-20T18:15:00.000Z""","DFW","CRP",,,"archived","13","green","""2026-07-20T23:54:16.335Z""",,,,"Cancelled","0","""2026-07-21T01:25:26.638Z""",,,"Embraer 175","unknown","true","2","""2026-07-20T21:51:06.096Z""",
"495","AC8543","AC","""2026-07-20T00:00:00.000Z""","14:45","""2026-07-20T14:45:00.000Z""","BOS","YTZ",,,"archived","10","green","""2026-07-20T23:52:13.552Z""",,,,"Arrived","0","""2026-07-21T01:24:39.166Z""",,"C-GJZA","De Havilland Canada DHC-8-400 Dash 8Q","regional","true","2","""2026-07-20T21:51:06.519Z""",
"496","DL571","DL","""2026-07-20T00:00:00.000Z""","17:10","""2026-07-20T17:10:00.000Z""","BOS","SAN",,,"archived","11","green","""2026-07-20T23:54:18.019Z""",,,,"EnRoute","0","""2026-07-21T01:25:27.123Z""",,"N518DQ","Airbus A321 NEO","unknown","true","2","""2026-07-20T21:51:06.523Z""",
"497","UA923","UA","""2026-07-20T00:00:00.000Z""","15:35","""2026-07-20T15:35:00.000Z""","LAX","LHR",,,"archived","9","green","""2026-07-20T23:54:18.700Z""",,,,"EnRoute","0","""2026-07-21T01:25:27.681Z""",,"N29977","Boeing 787-9","unknown","true","2","""2026-07-20T21:51:07.037Z""",
"498","UA5459","UA","""2026-07-20T00:00:00.000Z""","16:55","""2026-07-20T16:55:00.000Z""","LAX","RDD",,,"archived","9","green","""2026-07-20T23:54:19.076Z""",,,,"status_unresolvable",,"""2026-07-21T01:25:28.193Z""",,,"Embraer 175","unknown","true","2","""2026-07-20T21:51:07.042Z""",
"499","EK206","EK","""2026-07-20T00:00:00.000Z""","22:20","""2026-07-20T22:20:00.000Z""","JFK","MXP",,,"archived","19","green","""2026-07-20T23:54:20.038Z""",,,,"status_unresolvable",,"""2026-07-21T01:25:28.863Z""",,"A6-EVN","Airbus A380-800","unknown","true","2","""2026-07-20T21:51:07.521Z""",
"500","UA5719","UA","""2026-07-20T00:00:00.000Z""","19:45","""2026-07-20T19:45:00.000Z""","ORD","TUS",,,"archived","17","green","""2026-07-20T23:54:40.153Z""",,,,"status_unresolvable",,"""2026-07-21T01:25:29.200Z""",,,"Embraer 175","unknown","true","2","""2026-07-20T21:51:08.031Z""",
"501","UA630","UA","""2026-07-20T00:00:00.000Z""","22:00","""2026-07-20T22:00:00.000Z""","ORD","MSN",,,"archived","20","green","""2026-07-20T23:52:30.341Z""",,,,"status_unresolvable",,"""2026-07-21T01:24:39.755Z""",,,"Boeing 737-800","unknown","true","2","""2026-07-20T21:51:08.041Z""",
"502","AA3412","AA","""2026-07-20T00:00:00.000Z""","22:38","""2026-07-20T22:38:00.000Z""","DFW","BRO",,,"archived","15","green","""2026-07-20T23:54:40.617Z""",,,,"status_unresolvable",,"""2026-07-21T01:25:29.668Z""",,,"Embraer 175","unknown","true","2","""2026-07-20T21:51:08.548Z""",
"503","PD2948","PD","""2026-07-20T00:00:00.000Z""","20:25","""2026-07-20T20:25:00.000Z""","BOS","YTZ",,,"archived","14","green","""2026-07-20T23:54:40.981Z""",,,,"status_unresolvable",,"""2026-07-21T01:25:30.261Z""",,,"Bombardier Dash 8 Q400 / DHC-8-400","regional","true","2","""2026-07-20T21:51:09.040Z""",
"504","AF331","AF","""2026-07-20T00:00:00.000Z""","21:45","""2026-07-20T21:45:00.000Z""","BOS","CDG",,,"archived","15","green","""2026-07-20T23:54:44.947Z""",,,,"status_unresolvable",,"""2026-07-21T01:25:30.678Z""",,"F-HUVD","Airbus A350-900","unknown","true","2","""2026-07-20T21:51:09.045Z""",
"505","AA2814","AA","""2026-07-21T00:00:00.000Z""","07:10","""2026-07-21T07:10:00.000Z""","DFW","TPA",,,"archived","6","green","""2026-07-21T21:22:00.307Z""",,,,"Arrived","0","""2026-07-22T00:08:54.674Z""",,"N933AN","Boeing 737-800","unknown","true","2","""2026-07-21T01:22:14.576Z""",
"506","AA355","AA","""2026-07-21T00:00:00.000Z""","10:14","""2026-07-21T10:14:00.000Z""","DFW","GCM",,,"archived","7","green","""2026-07-21T21:21:13.104Z""",,,,"Arrived","0","""2026-07-22T00:08:37.934Z""",,"N968NN","Boeing 737-800","unknown","true","2","""2026-07-21T01:22:14.586Z""",
"507","UA1657","UA","""2026-07-21T00:00:00.000Z""","07:00","""2026-07-21T07:00:00.000Z""","ORD","LGA",,,"archived","41","amber","""2026-07-21T21:22:01.344Z""",,,,"Arrived","0","""2026-07-22T00:08:56.679Z""",,"N86534","Boeing 737-800","unknown","true","2","""2026-07-21T01:22:14.597Z""",
"508","UA1803","UA","""2026-07-21T00:00:00.000Z""","08:42","""2026-07-21T08:42:00.000Z""","ORD","DSM",,,"archived","6","green","""2026-07-21T21:22:59.435Z""",,,,"EnRoute","0","""2026-07-22T00:09:50.035Z""",,"N889UA","Airbus A319","unknown","true","2","""2026-07-21T01:22:14.611Z""",
"509","UA4543","UA","""2026-07-21T00:00:00.000Z""","10:25","""2026-07-21T10:25:00.000Z""","ORD","CHA",,,"archived","7","green","""2026-07-21T21:21:55.868Z""",,,,"Arrived","0","""2026-07-22T00:08:46.727Z""",,"N547GJ","Canadair Regional Jet","unknown","true","2","""2026-07-21T01:22:14.616Z""",
"510","DL515","DL","""2026-07-21T00:00:00.000Z""","07:00","""2026-07-21T07:00:00.000Z""","LAX","ATL",,,"archived","6","green","""2026-07-21T21:21:56.151Z""",,,,"Arrived","0","""2026-07-22T00:08:48.583Z""",,"N505DZ","Airbus A321 NEO","unknown","true","2","""2026-07-21T01:22:15.938Z""",
"511","UA2373","UA","""2026-07-21T00:00:00.000Z""","09:00","""2026-07-21T09:00:00.000Z""","LAX","KOA",,,"archived","6","green","""2026-07-21T21:25:14.754Z""",,,,"EnRoute","0","""2026-07-22T00:10:52.626Z""",,"N37547","Boeing 737 MAX 9","unknown","true","2","""2026-07-21T01:22:15.942Z""",
"512","UA4700","UA","""2026-07-21T00:00:00.000Z""","10:17","""2026-07-21T10:17:00.000Z""","LAX","ASE",,,"archived","7","green","""2026-07-21T21:21:56.803Z""",,,,"Arrived","0","""2026-07-22T00:08:49.266Z""",,"N627SY","Embraer 175","unknown","true","2","""2026-07-21T01:22:15.947Z""",
"513","LXJ224","LXJ","""2026-07-21T00:00:00.000Z""","06:37","""2026-07-21T06:37:00.000Z""","BOS","BED",,,"archived","41","amber","""2026-07-21T21:21:57.327Z""",,,,"Arrived","0","""2026-07-22T00:08:49.738Z""",,"N224FX","Bombardier Challenger 350","unknown","true","2","""2026-07-21T01:22:16.462Z""",
"514","AA1550","AA","""2026-07-21T00:00:00.000Z""","08:19","""2026-07-21T08:19:00.000Z""","BOS","DCA",,,"archived","41","amber","""2026-07-21T21:21:09.859Z""",,,,"Arrived","0","""2026-07-22T00:08:36.923Z""",,"N760US","Airbus A319","unknown","true","2","""2026-07-21T01:22:16.466Z""",
"515","AA377","AA","""2026-07-21T00:00:00.000Z""","10:04","""2026-07-21T10:04:00.000Z""","BOS","PHX",,,"archived","42","amber","""2026-07-21T21:21:57.878Z""",,,,"Arrived","0","""2026-07-22T00:08:50.813Z""",,"N323SG","Boeing 737-800","unknown","true","2","""2026-07-21T01:22:16.472Z""",
"516","AA1827","AA","""2026-07-21T00:00:00.000Z""","12:52","""2026-07-21T12:52:00.000Z""","DFW","FAT",,,"archived","7","green","""2026-07-21T21:21:58.538Z""",,,,"EnRoute","0","""2026-07-22T00:08:51.834Z""",,"N970AN","Boeing 737-800","unknown","true","2","""2026-07-21T01:22:16.961Z""",
"517","AA3485","AA","""2026-07-21T00:00:00.000Z""","14:25","""2026-07-21T14:25:00.000Z""","DFW","CRP",,,"archived","75","red","""2026-07-21T21:21:59.346Z""","""2026-07-21T21:21:59.346Z""","""2026-07-21T21:21:59.346Z""",,"Cancelled","0","""2026-07-22T00:08:52.833Z""",,,"Embraer 175","unknown","true","2","""2026-07-21T01:22:16.966Z""",
"518","AA891","AA","""2026-07-21T00:00:00.000Z""","11:21","""2026-07-21T11:21:00.000Z""","ATL","DFW",,,"archived","7","green","""2026-07-21T21:21:59.695Z""",,,,"Arrived","0","""2026-07-22T00:08:53.721Z""",,"N979NN","Boeing 737-800","unknown","true","2","""2026-07-21T01:22:17.935Z""",
"519","WN4154","WN","""2026-07-21T00:00:00.000Z""","12:40","""2026-07-21T12:40:00.000Z""","ATL","HOU",,,"archived","7","green","""2026-07-21T21:22:00.758Z""",,,,"Arrived","0","""2026-07-22T00:08:55.660Z""",,"N7881A","Boeing 737","unknown","true","2","""2026-07-21T01:22:17.939Z""",
"520","WN225","WN","""2026-07-21T00:00:00.000Z""","14:10","""2026-07-21T14:10:00.000Z""","ATL","STL",,,"archived","9","green","""2026-07-21T21:22:01.847Z""",,,,"Arrived","0","""2026-07-22T00:08:57.661Z""",,"N264LV","Boeing 737-700","unknown","true","2","""2026-07-21T01:22:17.943Z""",
"521","DL2775","DL","""2026-07-21T00:00:00.000Z""","11:27","""2026-07-21T11:27:00.000Z""","JFK","MCO",,,"archived","29","amber","""2026-07-21T21:22:02.141Z""",,,,"status_unresolvable",,"""2026-07-22T00:08:58.644Z""",,"N605DN","Airbus A321 NEO","unknown","true","2","""2026-07-21T01:22:18.456Z""",
"522","DL2343","DL","""2026-07-21T00:00:00.000Z""","12:59","""2026-07-21T12:59:00.000Z""","JFK","DTW",,,"archived","75","red","""2026-07-21T21:22:02.683Z""","""2026-07-21T19:51:50.890Z""","""2026-07-21T19:51:50.890Z""",,"Cancelled","0","""2026-07-22T00:08:59.650Z""",,,"Airbus A319","unknown","true","2","""2026-07-21T01:22:18.459Z""",
"523","AS6","AS","""2026-07-21T00:00:00.000Z""","11:48","""2026-07-21T11:48:00.000Z""","LAX","DCA",,,"archived","32","amber","""2026-07-21T21:22:04.752Z""",,,,"Arrived","0","""2026-07-22T00:09:00.669Z""",,"N559AS","Boeing 737-800","unknown","true","2","""2026-07-21T01:22:18.955Z""",
"524","UA2212","UA","""2026-07-21T00:00:00.000Z""","12:50","""2026-07-21T12:50:00.000Z""","LAX","BZN",,,"archived","7","green","""2026-07-21T21:22:05.440Z""",,,,"Arrived","0","""2026-07-22T00:09:01.685Z""",,"N33284","Boeing 737-800","unknown","true","2","""2026-07-21T01:22:18.960Z""",
"525","AF21","AF","""2026-07-21T00:00:00.000Z""","14:00","""2026-07-21T14:00:00.000Z""","LAX","CDG",,,"archived","9","green","""2026-07-21T21:21:13.431Z""",,,,"EnRoute","0","""2026-07-22T00:08:38.382Z""",,"F-GSQY","Boeing 777-300","unknown","true","2","""2026-07-21T01:22:18.964Z""",
"526","AA2194","AA","""2026-07-21T00:00:00.000Z""","15:41","""2026-07-21T15:41:00.000Z""","DFW","MSY",,,"archived","9","green","""2026-07-21T21:22:06.237Z""",,,,"Arrived","0","""2026-07-22T00:09:02.681Z""",,"N328RR","Boeing 737-800","unknown","true","2","""2026-07-21T01:22:19.981Z""",
"527","AA6437","AA","""2026-07-21T00:00:00.000Z""","16:53","""2026-07-21T16:53:00.000Z""","DFW","MLU",,,"archived","9","green","""2026-07-21T21:22:06.616Z""",,,,"Arrived","0","""2026-07-22T00:09:03.673Z""",,"N720EV","Canadair CRJ 700","unknown","true","2","""2026-07-21T01:22:19.985Z""",
"528","AA5517","AA","""2026-07-21T00:00:00.000Z""","18:30","""2026-07-21T18:30:00.000Z""","DFW","HRL",,,"archived","11","green","""2026-07-21T21:21:13.944Z""",,,,"status_unresolvable",,"""2026-07-22T00:08:38.931Z""",,,"Bombardier CRJ900","unknown","true","2","""2026-07-21T01:22:19.992Z""",
"529","EI122","EI","""2026-07-21T00:00:00.000Z""","15:45","""2026-07-21T15:45:00.000Z""","ORD","DUB",,,"archived","9","green","""2026-07-21T21:22:07.054Z""",,,,"EnRoute","0","""2026-07-22T00:09:04.624Z""",,"EI-EIK","Airbus A330-300","unknown","true","2","""2026-07-21T01:22:20.460Z""",
"530","AA3846","AA","""2026-07-21T00:00:00.000Z""","17:00","""2026-07-21T17:00:00.000Z""","ORD","XNA",,,"archived","9","green","""2026-07-21T21:22:07.629Z""",,,,"status_unresolvable",,"""2026-07-22T00:09:05.683Z""",,,"Embraer 170","unknown","true","2","""2026-07-21T01:22:20.465Z""",
"531","UA1967","UA","""2026-07-21T00:00:00.000Z""","18:10","""2026-07-21T18:10:00.000Z""","ORD","LAX",,,"archived","11","green","""2026-07-21T21:21:14.972Z""",,,,"EnRoute","0","""2026-07-22T00:08:39.879Z""",,,"Boeing 757-300","unknown","true","2","""2026-07-21T01:22:20.468Z""",
"532","DL518","DL","""2026-07-21T00:00:00.000Z""","16:45","""2026-07-21T16:45:00.000Z""","ATL","BOS",,,"archived","44","amber","""2026-07-21T21:22:08.308Z""",,,,"EnRoute","0","""2026-07-22T00:09:06.672Z""",,"N312DN","Airbus A321","unknown","true","2","""2026-07-21T01:22:20.953Z""",
"533","DL14","DL","""2026-07-21T00:00:00.000Z""","18:00","""2026-07-21T18:00:00.000Z""","ATL","FRA",,,"archived","11","green","""2026-07-21T21:22:11.773Z""",,,,"EnRoute","0","""2026-07-22T00:09:11.677Z""",,"N853NW","Airbus A330-200","unknown","true","2","""2026-07-21T01:22:20.957Z""",
"534","DL2120","DL","""2026-07-21T00:00:00.000Z""","15:32","""2026-07-21T15:32:00.000Z""","LAX","LAS",,,"archived","9","green","""2026-07-21T21:21:49.994Z""",,,,"Arrived","0","""2026-07-22T00:08:42.410Z""",,"N3739P","Boeing 737-800","unknown","true","2","""2026-07-21T01:22:21.984Z""",
"535","WN4541","WN","""2026-07-21T00:00:00.000Z""","17:00","""2026-07-21T17:00:00.000Z""","LAX","MDW",,,"archived","9","green","""2026-07-21T21:22:08.661Z""",,,,"Arrived","0","""2026-07-22T00:09:07.700Z""",,"N8541W","Boeing 737-800","unknown","true","2","""2026-07-21T01:22:21.988Z""",
"536","AA6224","AA","""2026-07-21T00:00:00.000Z""","18:32","""2026-07-21T18:32:00.000Z""","LAX","OMA",,,"archived","11","green","""2026-07-21T21:22:09.456Z""",,,,"status_unresolvable",,"""2026-07-22T00:09:08.916Z""",,,"Embraer 175","unknown","true","2","""2026-07-21T01:22:22.000Z""",
"537","WN696","WN","""2026-07-21T00:00:00.000Z""","15:45","""2026-07-21T15:45:00.000Z""","BOS","AUS",,,"archived","44","amber","""2026-07-21T21:22:10.091Z""",,,,"status_unresolvable",,"""2026-07-22T00:09:09.687Z""",,"N8656B","Boeing 737-800","unknown","true","2","""2026-07-21T01:22:22.481Z""",
"538","DL5814","DL","""2026-07-21T00:00:00.000Z""","17:05","""2026-07-21T17:05:00.000Z""","BOS","JFK",,,"archived","49","amber","""2026-07-21T21:22:11.340Z""",,,,"Cancelled","0","""2026-07-22T00:09:11.002Z""",,,"Embraer 175","unknown","true","2","""2026-07-21T01:22:22.485Z""",
"539","AA2937","AA","""2026-07-21T00:00:00.000Z""","19:49","""2026-07-21T19:49:00.000Z""","DFW","FSD",,,"archived","11","green","""2026-07-21T21:22:17.838Z""",,,,"status_unresolvable",,"""2026-07-22T00:09:12.704Z""",,,"Airbus A319","unknown","true","2","""2026-07-21T01:22:22.966Z""",
"540","AA1797","AA","""2026-07-21T00:00:00.000Z""","20:54","""2026-07-21T20:54:00.000Z""","DFW","LAS",,,"archived","13","green","""2026-07-21T21:22:18.622Z""",,,,"status_unresolvable",,"""2026-07-22T00:09:13.671Z""",,,"Airbus A321","unknown","true","2","""2026-07-21T01:22:22.970Z""",
"541","AA3412","AA","""2026-07-21T00:00:00.000Z""","22:38","""2026-07-21T22:38:00.000Z""","DFW","BRO",,,"archived","13","green","""2026-07-21T21:22:18.970Z""",,,,"status_unresolvable",,"""2026-07-22T00:09:14.638Z""",,,"Embraer 175","unknown","true","2","""2026-07-21T01:22:22.974Z""",
"542","DL1130","DL","""2026-07-21T00:00:00.000Z""","19:45","""2026-07-21T19:45:00.000Z""","ATL","MCI",,,"archived","11","green","""2026-07-21T21:22:19.436Z""",,,,"EnRoute","0","""2026-07-22T00:09:15.659Z""",,"N950DZ","Boeing 737-900","unknown","true","2","""2026-07-21T01:22:23.991Z""",
"543","DL1076","DL","""2026-07-21T00:00:00.000Z""","21:15","""2026-07-21T21:15:00.000Z""","ATL","MDW",,,"archived","13","green","""2026-07-21T21:22:20.013Z""",,,,"status_unresolvable",,"""2026-07-22T00:09:16.634Z""",,,"Airbus A319","unknown","true","2","""2026-07-21T01:22:23.998Z""",
"544","DL2810","DL","""2026-07-21T00:00:00.000Z""","22:49","""2026-07-21T22:49:00.000Z""","ATL","DAB",,,"archived","13","green","""2026-07-21T21:21:50.627Z""",,,,"status_unresolvable",,"""2026-07-22T00:08:43.204Z""",,"N948DZ","Boeing 737-900","unknown","true","2","""2026-07-21T01:22:24.001Z""",
"545","AA2689","AA","""2026-07-21T00:00:00.000Z""","19:30","""2026-07-21T19:30:00.000Z""","JFK","PHX",,,"archived","33","amber","""2026-07-21T21:22:22.445Z""","""2026-07-21T14:22:53.538Z""",,,"status_unresolvable",,"""2026-07-22T00:09:17.707Z""",,,"Boeing 737","unknown","true","2","""2026-07-21T01:22:24.841Z""",
"546","SQ25","SQ","""2026-07-21T00:00:00.000Z""","20:55","""2026-07-21T20:55:00.000Z""","JFK","FRA",,,"archived","35","amber","""2026-07-21T21:21:29.266Z""","""2026-07-21T14:21:12.304Z""",,,"status_unresolvable",,"""2026-07-22T00:08:40.878Z""",,"9V-SWG","Boeing 777","unknown","true","2","""2026-07-21T01:22:24.846Z""",
"547","WN2380","WN","""2026-07-21T00:00:00.000Z""","19:50","""2026-07-21T19:50:00.000Z""","LAX","AUS",,,"archived","9","green","""2026-07-21T21:21:49.531Z""",,,,"status_unresolvable",,"""2026-07-22T00:08:41.895Z""",,,"Boeing 737","unknown","true","2","""2026-07-21T01:22:25.051Z""",
"548","QF94","QF","""2026-07-21T00:00:00.000Z""","21:50","""2026-07-21T21:50:00.000Z""","LAX","MEL",,,"archived","12","green","""2026-07-21T21:21:51.197Z""",,,,"status_unresolvable",,"""2026-07-22T00:08:44.221Z""",,,"Boeing 787-9","unknown","true","2","""2026-07-21T01:22:25.055Z""",
"549","DL89","DL","""2026-07-21T00:00:00.000Z""","23:15","""2026-07-21T23:15:00.000Z""","LAX","HKG",,,"archived","12","green","""2026-07-21T21:21:53.722Z""",,,,"status_unresolvable",,"""2026-07-22T00:08:44.526Z""",,,"Airbus A350-900","unknown","true","2","""2026-07-21T01:22:25.059Z""",
"550","AA3167","AA","""2026-07-21T00:00:00.000Z""","08:53","""2026-07-21T08:53:00.000Z""","DFW","GRR",,,"archived","6","green","""2026-07-21T21:22:50.498Z""",,,,"Arrived","0","""2026-07-22T00:09:44.992Z""",,"N865NN","Boeing 737-800","unknown","true","2","""2026-07-21T05:22:33.718Z""",
"551","UA1358","UA","""2026-07-21T00:00:00.000Z""","07:00","""2026-07-21T07:00:00.000Z""","ORD","MIA",,,"archived","6","green","""2026-07-21T21:22:51.187Z""",,,,"Arrived","0","""2026-07-22T00:09:46.040Z""",,"N17583","Boeing 737 MAX 9","unknown","true","2","""2026-07-21T05:22:33.748Z""",
"552","AA5479","AA","""2026-07-21T00:00:00.000Z""","10:14","""2026-07-21T10:14:00.000Z""","DFW","JAN",,,"archived","7","green","""2026-07-21T21:21:03.681Z""",,,,"Arrived","0","""2026-07-22T00:08:32.441Z""",,"N509AE","Canadair CRJ 700","unknown","true","2","""2026-07-21T05:22:33.749Z""",
"553","UA441","UA","""2026-07-21T00:00:00.000Z""","10:25","""2026-07-21T10:25:00.000Z""","ORD","DFW",,,"archived","7","green","""2026-07-21T21:22:53.523Z""",,,,"Arrived","0","""2026-07-22T00:09:47.049Z""",,"N75429","Boeing 737-900","unknown","true","2","""2026-07-21T05:22:33.770Z""",
"554","BW521","BW","""2026-07-21T00:00:00.000Z""","07:00","""2026-07-21T07:00:00.000Z""","JFK","POS",,,"archived","27","amber","""2026-07-21T21:21:09.113Z""",,,,"EnRoute","0","""2026-07-22T00:08:36.340Z""",,"9Y-GUY","Boeing 737 MAX 8","unknown","true","2","""2026-07-21T05:22:38.726Z""",
"555","DL1585","DL","""2026-07-21T00:00:00.000Z""","07:30","""2026-07-21T07:30:00.000Z""","ATL","IAH",,,"archived","6","green","""2026-07-21T21:21:28.781Z""",,,,"Arrived","0","""2026-07-22T00:08:40.387Z""",,"N305DN","Airbus A321","unknown","true","2","""2026-07-21T05:22:38.751Z""",
"556","DL5207","DL","""2026-07-21T00:00:00.000Z""","08:22","""2026-07-21T08:22:00.000Z""","JFK","SAV",,,"archived","28","amber","""2026-07-21T21:23:02.839Z""",,,,"Arrived","0","""2026-07-22T00:09:52.038Z""",,"N915XJ","Canadair CRJ 900","unknown","true","2","""2026-07-21T05:22:38.794Z""",
"557","DL1137","DL","""2026-07-21T00:00:00.000Z""","09:03","""2026-07-21T09:03:00.000Z""","ATL","ALB",,,"archived","6","green","""2026-07-21T21:22:23.607Z""",,,,"Arrived","0","""2026-07-22T00:09:18.672Z""",,"N303DN","Airbus A321","unknown","true","2","""2026-07-21T05:22:38.833Z""",
"558","AA1894","AA","""2026-07-21T00:00:00.000Z""","14:25","""2026-07-21T14:25:00.000Z""","DFW","GSO",,,"archived","11","green","""2026-07-21T21:23:07.621Z""",,,,"Arrived","0","""2026-07-22T00:09:53.078Z""",,"N826NN","Boeing 737-800","unknown","true","2","""2026-07-21T05:22:38.924Z""",
"559","DL1929","DL","""2026-07-21T00:00:00.000Z""","10:05","""2026-07-21T10:05:00.000Z""","ATL","MTY",,,"archived","6","green","""2026-07-21T21:25:02.967Z""",,,,"Arrived","0","""2026-07-22T00:10:47.657Z""",,"N349NB","Airbus A319","unknown","true","2","""2026-07-21T05:22:38.926Z""",
"560","AS748","AS","""2026-07-21T00:00:00.000Z""","07:00","""2026-07-21T07:00:00.000Z""","LAX","SEA",,,"archived","6","green","""2026-07-21T21:23:09.735Z""",,,,"Arrived","0","""2026-07-22T00:09:55.053Z""",,"N294AK","Boeing 737","unknown","true","2","""2026-07-21T05:22:38.927Z""",
"561","AS482","AS","""2026-07-21T00:00:00.000Z""","09:00","""2026-07-21T09:00:00.000Z""","LAX","SEA",,,"archived","6","green","""2026-07-21T21:23:10.085Z""",,,,"Arrived","0","""2026-07-22T00:09:56.043Z""",,"N809AK","Boeing 737 MAX 8","unknown","true","2","""2026-07-21T05:22:38.979Z""",
"562","AA3164","AA","""2026-07-21T00:00:00.000Z""","10:16","""2026-07-21T10:16:00.000Z""","LAX","PHL",,,"archived","53","amber","""2026-07-21T21:23:10.565Z""",,,,"Arrived","0","""2026-07-22T00:09:57.021Z""",,"N469AN","Airbus A321 NEO","unknown","true","2","""2026-07-21T05:22:39.055Z""",
"563","AA1743","AA","""2026-07-21T00:00:00.000Z""","11:40","""2026-07-21T11:40:00.000Z""","ORD","PHL",,,"archived","53","amber","""2026-07-21T21:23:11.171Z""",,,,"status_unresolvable",,"""2026-07-22T00:09:58.072Z""",,"N976AN","Boeing 737-800","unknown","true","2","""2026-07-21T05:22:39.172Z""",
"564","AA1936","AA","""2026-07-21T00:00:00.000Z""","13:10","""2026-07-21T13:10:00.000Z""","ORD","EWR",,,"archived","87","red","""2026-07-21T21:23:49.249Z""","""2026-07-21T21:23:49.249Z""","""2026-07-21T21:23:49.249Z""",,"Cancelled","0","""2026-07-22T00:10:16.810Z""",,,"Boeing 737-800","unknown","true","2","""2026-07-21T05:22:39.175Z""",
"565","UA2451","UA","""2026-07-21T00:00:00.000Z""","14:15","""2026-07-21T14:15:00.000Z""","ORD","IAH",,,"archived","9","green","""2026-07-21T21:23:56.587Z""",,,,"Arrived","0","""2026-07-22T00:10:23.870Z""",,"N34547","Airbus A321 NEO","unknown","true","2","""2026-07-21T05:22:39.179Z""",
"566","SY252","SY","""2026-07-21T00:00:00.000Z""","11:40","""2026-07-21T11:40:00.000Z""","BOS","MSP",,,"archived","42","amber","""2026-07-21T21:22:23.952Z""",,,,"Arrived","0","""2026-07-22T00:09:19.688Z""",,"N834SY","Boeing 737-800","unknown","true","2","""2026-07-21T05:22:40.633Z""",
"567","WN4917","WN","""2026-07-21T00:00:00.000Z""","12:50","""2026-07-21T12:50:00.000Z""","BOS","STL",,,"archived","42","amber","""2026-07-21T21:22:24.421Z""",,,,"Arrived","0","""2026-07-22T00:09:20.658Z""",,"N7889A","Boeing 737-700","unknown","true","2","""2026-07-21T05:22:40.638Z""",
"568","DL5837","DL","""2026-07-21T00:00:00.000Z""","14:13","""2026-07-21T14:13:00.000Z""","BOS","CLT",,,"archived","44","amber","""2026-07-21T21:22:25.495Z""",,,,"Arrived","0","""2026-07-22T00:09:21.682Z""",,"N214JQ","Embraer 175","unknown","true","2","""2026-07-21T05:22:40.642Z""",
"569","DL2867","DL","""2026-07-21T00:00:00.000Z""","11:21","""2026-07-21T11:21:00.000Z""","ATL","BNA",,,"archived","7","green","""2026-07-21T21:22:25.987Z""",,,,"Arrived","0","""2026-07-22T00:09:22.653Z""",,"N963DZ","Boeing 737-900","unknown","true","2","""2026-07-21T05:22:41.159Z""",
"570","WN3225","WN","""2026-07-21T00:00:00.000Z""","12:50","""2026-07-21T12:50:00.000Z""","LAX","HOU",,,"archived","7","green","""2026-07-21T21:22:26.333Z""",,,,"Arrived","0","""2026-07-22T00:09:23.693Z""",,"N8584Z","Boeing 737-800","unknown","true","2","""2026-07-21T05:22:41.635Z""",
"571","DL2606","DL","""2026-07-21T00:00:00.000Z""","14:00","""2026-07-21T14:00:00.000Z""","LAX","SEA",,,"archived","9","green","""2026-07-21T21:22:26.862Z""",,,,"Arrived","0","""2026-07-22T00:09:24.682Z""",,"N3756","Boeing 737-800","unknown","true","2","""2026-07-21T05:22:41.640Z""",
"572","AA6245","AA","""2026-07-21T00:00:00.000Z""","15:45","""2026-07-21T15:45:00.000Z""","ORD","LEX",,,"archived","17","green","""2026-07-21T21:22:30.169Z""",,,,"Arrived","0","""2026-07-22T00:09:25.690Z""",,"N755EV","Canadair CRJ-701ER","unknown","true","2","""2026-07-21T05:22:42.152Z""",
"573","UA2306","UA","""2026-07-21T00:00:00.000Z""","17:00","""2026-07-21T17:00:00.000Z""","ORD","LGA",,,"archived","44","amber","""2026-07-21T21:22:30.899Z""",,,,"status_unresolvable",,"""2026-07-22T00:09:26.694Z""",,"N77518","Boeing 737-800","unknown","true","2","""2026-07-21T05:22:42.155Z""",
"574","AA1620","AA","""2026-07-21T00:00:00.000Z""","18:09","""2026-07-21T18:09:00.000Z""","ORD","SFO",,,"archived","21","green","""2026-07-21T21:22:31.277Z""",,,,"EnRoute","0","""2026-07-22T00:09:27.700Z""",,,"Boeing 737-800","unknown","true","2","""2026-07-21T05:22:42.159Z""",
"575","SK924","SK","""2026-07-21T00:00:00.000Z""","17:10","""2026-07-21T17:10:00.000Z""","JFK","OSL",,,"archived","30","amber","""2026-07-21T21:22:32.830Z""",,,,"EnRoute","0","""2026-07-22T00:09:28.648Z""",,"SE-DMO","Airbus A321 NEO","unknown","true","2","""2026-07-21T05:22:42.640Z""",
"576","EI110","EI","""2026-07-21T00:00:00.000Z""","18:25","""2026-07-21T18:25:00.000Z""","JFK","SNN",,,"archived","32","amber","""2026-07-21T21:22:33.134Z""",,,,"EnRoute","0","""2026-07-22T00:09:29.676Z""",,"EI-LRH","Airbus A321 NEO","unknown","true","2","""2026-07-21T05:22:42.644Z""",
"577","DL2928","DL","""2026-07-21T00:00:00.000Z""","16:45","""2026-07-21T16:45:00.000Z""","ATL","BWI",,,"archived","29","amber","""2026-07-21T21:22:34.140Z""",,,,"status_unresolvable",,"""2026-07-22T00:09:30.687Z""",,"N316DN","Airbus A321","unknown","true","2","""2026-07-21T05:22:43.654Z""",
"578","UA285","UA","""2026-07-21T00:00:00.000Z""","18:00","""2026-07-21T18:00:00.000Z""","ATL","SFO",,,"archived","21","green","""2026-07-21T21:22:34.753Z""",,,,"EnRoute","0","""2026-07-22T00:09:31.654Z""",,"N37427","Boeing 737-900","unknown","true","2","""2026-07-21T05:22:43.657Z""",
"579","AA3127","AA","""2026-07-21T00:00:00.000Z""","19:45","""2026-07-21T19:45:00.000Z""","ORD","CHS",,,"archived","13","green","""2026-07-21T21:22:35.518Z""",,,,"status_unresolvable",,"""2026-07-22T00:09:34.437Z""",,,"Boeing 737-800","unknown","true","2","""2026-07-21T05:22:45.026Z""",
"580","AA3607","AA","""2026-07-21T00:00:00.000Z""","20:59","""2026-07-21T20:59:00.000Z""","ORD","GSP",,,"archived","15","green","""2026-07-21T21:22:37.723Z""",,,,"status_unresolvable",,"""2026-07-22T00:09:35.100Z""",,,"Embraer 170","unknown","true","2","""2026-07-21T05:22:45.030Z""",
"581","AA3960","AA","""2026-07-21T00:00:00.000Z""","21:59","""2026-07-21T21:59:00.000Z""","ORD","XNA",,,"archived","13","green","""2026-07-21T21:22:38.125Z""",,,,"status_unresolvable",,"""2026-07-22T00:09:36.069Z""",,,"Embraer 175","unknown","true","2","""2026-07-21T05:22:45.033Z""",
"582","DL1253","DL","""2026-07-21T00:00:00.000Z""","19:30","""2026-07-21T19:30:00.000Z""","JFK","DTW",,,"archived","35","amber","""2026-07-21T21:22:38.533Z""","""2026-07-21T14:23:26.996Z""",,,"status_unresolvable",,"""2026-07-22T00:09:37.046Z""",,,"Airbus A319","unknown","true","2","""2026-07-21T05:22:45.240Z""",
"583","AA292","AA","""2026-07-21T00:00:00.000Z""","20:55","""2026-07-21T20:55:00.000Z""","JFK","DEL",,,"archived","34","amber","""2026-07-21T21:22:39.553Z""","""2026-07-21T14:23:27.514Z""",,,"status_unresolvable",,"""2026-07-22T00:09:38.154Z""",,,"Boeing 787-9","unknown","true","2","""2026-07-21T05:22:45.244Z""",
"584","DL114","DL","""2026-07-21T00:00:00.000Z""","22:25","""2026-07-21T22:25:00.000Z""","JFK","OPO",,,"archived","34","amber","""2026-07-21T21:22:44.510Z""","""2026-07-21T14:23:27.937Z""",,,"status_unresolvable",,"""2026-07-22T00:09:39.182Z""",,,"Boeing 767-300","unknown","true","2","""2026-07-21T05:22:45.248Z""",
"585","DL324","DL","""2026-07-21T00:00:00.000Z""","19:29","""2026-07-21T19:29:00.000Z""","BOS","SEA",,,"archived","46","amber","""2026-07-21T21:22:45.787Z""",,,,"EnRoute","0","""2026-07-22T00:09:39.994Z""",,,"Airbus A320","unknown","true","2","""2026-07-21T05:22:45.631Z""",
"586","LX53","LX","""2026-07-21T00:00:00.000Z""","21:40","""2026-07-21T21:40:00.000Z""","BOS","ZRH",,,"archived","47","amber","""2026-07-21T21:22:46.162Z""",,,,"status_unresolvable",,"""2026-07-22T00:09:41.039Z""",,"HB-JHN","Airbus A330","unknown","true","2","""2026-07-21T05:22:45.639Z""",
"587","DL4118","DL","""2026-07-21T00:00:00.000Z""","19:45","""2026-07-21T19:45:00.000Z""","ATL","FAR",,,"archived","13","green","""2026-07-21T21:22:46.643Z""",,,,"status_unresolvable",,"""2026-07-22T00:09:42.043Z""",,,"Embraer 175","unknown","true","2","""2026-07-21T05:22:46.182Z""",
"588","DL5130","DL","""2026-07-21T00:00:00.000Z""","21:15","""2026-07-21T21:15:00.000Z""","ATL","XNA",,,"archived","13","green","""2026-07-21T21:22:47.247Z""",,,,"status_unresolvable",,"""2026-07-22T00:09:43.012Z""",,,"Bombardier CRJ900","unknown","true","2","""2026-07-21T05:22:46.185Z""",
"589","WN2385","WN","""2026-07-21T00:00:00.000Z""","21:50","""2026-07-21T21:50:00.000Z""","LAX","BWI",,,"archived","33","amber","""2026-07-21T21:22:48.645Z""",,,,"status_unresolvable",,"""2026-07-22T00:09:44.022Z""",,,"Boeing 737","unknown","true","2","""2026-07-21T05:22:47.013Z""",
"590","UA402","UA","""2026-07-21T00:00:00.000Z""","16:53","""2026-07-21T16:53:00.000Z""","DFW","EWR",,,"archived","49","amber","""2026-07-21T21:22:58.128Z""",,,,"status_unresolvable",,"""2026-07-22T00:09:48.068Z""",,,"Boeing 737-700","unknown","true","2","""2026-07-21T05:22:52.157Z""",
"591","AA2235","AA","""2026-07-21T00:00:00.000Z""","18:30","""2026-07-21T18:30:00.000Z""","DFW","DEN",,,"archived","11","green","""2026-07-21T21:22:58.682Z""",,,,"EnRoute","0","""2026-07-22T00:09:49.003Z""",,,"Airbus A321","unknown","true","2","""2026-07-21T05:22:52.160Z""",
"592","AA3928","AA","""2026-07-21T00:00:00.000Z""","22:38","""2026-07-21T22:38:00.000Z""","DFW","MHK",,,"archived","13","green","""2026-07-21T21:23:00.905Z""",,,,"status_unresolvable",,"""2026-07-22T00:09:51.062Z""",,,"Embraer 175","unknown","true","2","""2026-07-21T05:22:53.381Z""",
"593","AA3426","AA","""2026-07-21T00:00:00.000Z""","07:10","""2026-07-21T07:10:00.000Z""","DFW","TUL",,,"archived","75","red","""2026-07-21T21:23:11.750Z""","""2026-07-21T14:24:14.797Z""","""2026-07-21T14:24:14.797Z""",,"Cancelled","0","""2026-07-22T00:09:59.113Z""",,,"Embraer 175","unknown","true","2","""2026-07-21T06:00:00.413Z""",
"594","AA1772","AA","""2026-07-21T00:00:00.000Z""","10:14","""2026-07-21T10:14:00.000Z""","DFW","SBP",,,"archived","7","green","""2026-07-21T21:23:25.237Z""",,,,"Arrived","0","""2026-07-22T00:10:00.055Z""",,"N961AN","Boeing 737-800","unknown","true","2","""2026-07-21T06:00:00.507Z""",
"595","DL2633","DL","""2026-07-21T00:00:00.000Z""","07:00","""2026-07-21T07:00:00.000Z""","ORD","LGA",,,"archived","41","amber","""2026-07-21T21:23:25.678Z""",,,,"Departed","0","""2026-07-22T00:10:01.392Z""",,"N140SY","Embraer 175","unknown","true","2","""2026-07-21T06:00:00.816Z""",
"596","AA249","AA","""2026-07-21T00:00:00.000Z""","08:42","""2026-07-21T08:42:00.000Z""","ORD","MEX",,,"archived","6","green","""2026-07-21T21:25:15.878Z""",,,,"Departed","0","""2026-07-22T00:10:53.146Z""",,"N326VN","Boeing 737 MAX 8","unknown","true","2","""2026-07-21T06:00:00.819Z""",
"597","UA4460","UA","""2026-07-21T00:00:00.000Z""","10:25","""2026-07-21T10:25:00.000Z""","ORD","ATW",,,"archived","9","green","""2026-07-21T21:24:58.903Z""",,,,"Arrived","0","""2026-07-22T00:10:46.779Z""",,"N564GJ","Canadair CRJ","unknown","true","2","""2026-07-21T06:00:00.823Z""",
"598","DL607","DL","""2026-07-21T00:00:00.000Z""","07:00","""2026-07-21T07:00:00.000Z""","JFK","LAS",,,"archived","28","amber","""2026-07-21T21:25:12.301Z""",,,,"Arrived","0","""2026-07-22T00:10:50.758Z""",,"N685DA","Boeing 757-200","unknown","true","2","""2026-07-21T06:00:01.832Z""",
"599","DL5086","DL","""2026-07-21T00:00:00.000Z""","09:50","""2026-07-21T09:50:00.000Z""","JFK","PIT",,,"archived","27","amber","""2026-07-21T21:23:37.828Z""","""2026-07-21T16:53:44.435Z""",,,"status_unresolvable",,"""2026-07-22T00:10:01.816Z""",,"N293PQ","Canadair CRJ 900","unknown","true","2","""2026-07-21T06:00:01.837Z""",
"600","AA2524","AA","""2026-07-21T00:00:00.000Z""","11:40","""2026-07-21T11:40:00.000Z""","ORD","SEA",,,"archived","7","green","""2026-07-21T21:23:38.227Z""",,,,"EnRoute","0","""2026-07-22T00:10:02.151Z""",,"N131NN","Airbus A321","unknown","true","2","""2026-07-21T06:00:03.847Z""",
"601","AA5008","AA","""2026-07-21T00:00:00.000Z""","13:10","""2026-07-21T13:10:00.000Z""","ORD","DAY",,,"archived","7","green","""2026-07-21T21:23:39.598Z""",,,,"Arrived","0","""2026-07-22T00:10:02.774Z""",,"N759EV","Canadair CRJ-701ER","unknown","true","2","""2026-07-21T06:00:03.851Z""",
"602","AC506","AC","""2026-07-21T00:00:00.000Z""","14:15","""2026-07-21T14:15:00.000Z""","ORD","YYZ",,,"archived","29","amber","""2026-07-21T21:23:39.967Z""",,,,"Arrived","0","""2026-07-22T00:10:03.711Z""",,"C-GJXW","Airbus A220-300","unknown","true","2","""2026-07-21T06:00:03.854Z""",
"603","DL2438","DL","""2026-07-21T00:00:00.000Z""","12:40","""2026-07-21T12:40:00.000Z""","ATL","SRQ",,,"archived","9","green","""2026-07-21T21:23:41.335Z""",,,,"Arrived","0","""2026-07-22T00:10:04.719Z""",,"N853DN","Boeing 737","unknown","true","2","""2026-07-21T06:00:04.311Z""",
"604","DL1101","DL","""2026-07-21T00:00:00.000Z""","14:10","""2026-07-21T14:10:00.000Z""","ATL","ORF",,,"archived","9","green","""2026-07-21T21:23:41.651Z""",,,,"Arrived","0","""2026-07-22T00:10:05.204Z""",,"N6704Z","Boeing 757-200","unknown","true","2","""2026-07-21T06:00:04.316Z""",
"605","AA4658","AA","""2026-07-21T00:00:00.000Z""","12:59","""2026-07-21T12:59:00.000Z""","JFK","RDU",,,"archived","31","amber","""2026-07-21T21:23:42.198Z""",,,,"status_unresolvable",,"""2026-07-22T00:10:05.734Z""",,"N114HQ","Embraer 175","unknown","true","2","""2026-07-21T06:00:04.813Z""",
"606","AA560","AA","""2026-07-21T00:00:00.000Z""","18:30","""2026-07-21T18:30:00.000Z""","DFW","CLE",,,"archived","11","green","""2026-07-21T21:23:42.658Z""",,,,"EnRoute","0","""2026-07-22T00:10:06.241Z""",,,"Boeing 737-800","unknown","true","2","""2026-07-21T06:00:06.314Z""",
"607","AA1354","AA","""2026-07-21T00:00:00.000Z""","17:00","""2026-07-21T17:00:00.000Z""","ORD","ANC",,,"archived","11","green","""2026-07-21T21:23:43.172Z""",,,,"EnRoute","0","""2026-07-22T00:10:06.693Z""",,"N468AN","Airbus A321 NEO","unknown","true","2","""2026-07-21T06:00:06.862Z""",
"608","AA341","AA","""2026-07-21T00:00:00.000Z""","15:40","""2026-07-21T15:40:00.000Z""","JFK","LAX",,,"archived","31","amber","""2026-07-21T21:23:43.683Z""",,,,"status_unresolvable",,"""2026-07-22T00:10:07.182Z""",,,"Airbus A321","unknown","true","2","""2026-07-21T06:00:07.802Z""",
"609","DL692","DL","""2026-07-21T00:00:00.000Z""","18:32","""2026-07-21T18:32:00.000Z""","LAX","AUS",,,"archived","11","green","""2026-07-21T21:23:44.243Z""",,,,"status_unresolvable",,"""2026-07-22T00:10:08.172Z""",,,"Boeing 737-800","unknown","true","2","""2026-07-21T06:00:08.311Z""",
"610","DL2889","DL","""2026-07-21T00:00:00.000Z""","15:40","""2026-07-21T15:40:00.000Z""","BOS","SEA",,,"archived","44","amber","""2026-07-21T21:23:44.677Z""",,,,"EnRoute","0","""2026-07-22T00:10:09.183Z""",,"N575DN","Airbus A321 NEO","unknown","true","2","""2026-07-21T06:00:08.813Z""",
"611","UA3614","UA","""2026-07-21T00:00:00.000Z""","19:45","""2026-07-21T19:45:00.000Z""","ORD","CMH",,,"archived","11","green","""2026-07-21T21:23:45.194Z""",,,,"status_unresolvable",,"""2026-07-22T00:10:10.209Z""",,,"Embraer 175","unknown","true","2","""2026-07-21T06:00:09.825Z""",
"612","AA1465","AA","""2026-07-21T00:00:00.000Z""","20:59","""2026-07-21T20:59:00.000Z""","ORD","LAS",,,"archived","13","green","""2026-07-21T21:23:45.695Z""",,,,"status_unresolvable",,"""2026-07-22T00:10:11.302Z""",,,"Boeing 737-800","unknown","true","2","""2026-07-21T06:00:09.829Z""",
"613","VS110","VS","""2026-07-21T00:00:00.000Z""","19:45","""2026-07-21T19:45:00.000Z""","ATL","MAN",,,"archived","11","green","""2026-07-21T21:23:46.138Z""",,,,"EnRoute","0","""2026-07-22T00:10:12.709Z""",,"G-VGEM","Airbus A330-300","unknown","true","2","""2026-07-21T06:00:10.312Z""",
"614","DL2416","DL","""2026-07-21T00:00:00.000Z""","21:15","""2026-07-21T21:15:00.000Z""","ATL","YUL",,,"archived","35","amber","""2026-07-21T21:23:46.668Z""",,,,"Delayed","0","""2026-07-22T00:10:13.709Z""",,,"Airbus A321","unknown","true","2","""2026-07-21T06:00:10.317Z""",
"615","DL4441","DL","""2026-07-21T00:00:00.000Z""","22:49","""2026-07-21T22:49:00.000Z""","ATL","XNA",,,"archived","13","green","""2026-07-21T21:23:47.251Z""",,,,"status_unresolvable",,"""2026-07-22T00:10:15.059Z""",,,"Embraer 175","unknown","true","2","""2026-07-21T06:00:10.320Z""",
"616","AA236","AA","""2026-07-21T00:00:00.000Z""","19:30","""2026-07-21T19:30:00.000Z""","JFK","FCO",,,"archived","32","amber","""2026-07-21T21:23:48.382Z""",,,,"EnRoute","0","""2026-07-22T00:10:16.041Z""",,,"Boeing 787-9","unknown","true","2","""2026-07-21T06:00:10.809Z""",
"617","DL5610","DL","""2026-07-21T00:00:00.000Z""","20:25","""2026-07-21T20:25:00.000Z""","BOS","PHL",,,"archived","59","amber","""2026-07-21T21:23:48.703Z""","""2026-07-21T16:24:16.777Z""",,,"status_unresolvable",,"""2026-07-22T00:10:16.330Z""",,,"Embraer 175","unknown","true","2","""2026-07-21T06:00:11.815Z""",
"618","AA1792","AA","""2026-07-21T00:00:00.000Z""","07:10","""2026-07-21T07:10:00.000Z""","DFW","DTW",,,"archived","8","green","""2026-07-21T21:23:49.724Z""",,,,"Arrived","0","""2026-07-22T00:10:17.915Z""",,"N802NN","Boeing 737-800","unknown","true","2","""2026-07-21T07:06:05.797Z""",
"619","DL323","DL","""2026-07-21T00:00:00.000Z""","07:30","""2026-07-21T07:30:00.000Z""","ATL","LGA",,,"archived","41","amber","""2026-07-21T21:23:50.223Z""",,,,"Arrived","0","""2026-07-22T00:10:18.578Z""",,"N392DN","Airbus A321","unknown","true","2","""2026-07-21T07:06:06.627Z""",
"620","DL2952","DL","""2026-07-21T00:00:00.000Z""","09:03","""2026-07-21T09:03:00.000Z""","ATL","IND",,,"archived","8","green","""2026-07-21T21:23:52.046Z""",,,,"Arrived","0","""2026-07-22T00:10:18.930Z""",,"N930DZ","Boeing 737","unknown","true","2","""2026-07-21T07:06:06.633Z""",
"621","DL2401","DL","""2026-07-21T00:00:00.000Z""","10:05","""2026-07-21T10:05:00.000Z""","ATL","EWR",,,"archived","47","amber","""2026-07-21T21:23:52.368Z""",,,,"Arrived","0","""2026-07-22T00:10:19.860Z""",,"N361DN","Airbus A321","unknown","true","2","""2026-07-21T07:06:06.639Z""",
"622","DL742","DL","""2026-07-21T00:00:00.000Z""","07:00","""2026-07-21T07:00:00.000Z""","JFK","LAX",,,"archived","28","amber","""2026-07-21T21:23:52.848Z""",,,,"Arrived","0","""2026-07-22T00:10:20.338Z""",,"N408DX","Airbus A330","unknown","true","2","""2026-07-21T07:06:07.107Z""",
"623","DL1955","DL","""2026-07-21T00:00:00.000Z""","08:20","""2026-07-21T08:20:00.000Z""","JFK","MBJ",,,"archived","27","amber","""2026-07-21T21:23:54.206Z""",,,,"Departed","0","""2026-07-22T00:10:20.954Z""",,"N549DN","Airbus A321 NEO","unknown","true","2","""2026-07-21T07:06:07.113Z""",
"624","DL5370","DL","""2026-07-21T00:00:00.000Z""","09:50","""2026-07-21T09:50:00.000Z""","JFK","ORF",,,"archived","28","amber","""2026-07-21T21:23:57.050Z""",,,,"Arrived","0","""2026-07-22T00:10:24.485Z""",,"N479PX","Canadair CRJ 900","unknown","true","2","""2026-07-21T07:06:07.117Z""",
"625","DL1421","DL","""2026-07-21T00:00:00.000Z""","07:00","""2026-07-21T07:00:00.000Z""","LAX","SFO",,,"archived","16","green","""2026-07-21T21:24:03.476Z""",,,,"Arrived","0","""2026-07-22T00:10:24.870Z""",,"N391DA","Boeing 737-800","unknown","true","2","""2026-07-21T07:06:07.643Z""",
"626","DL5703","DL","""2026-07-21T00:00:00.000Z""","06:35","""2026-07-21T06:35:00.000Z""","BOS","BWI",,,"archived","41","amber","""2026-07-21T21:24:06.763Z""",,,,"Arrived","0","""2026-07-22T00:10:25.870Z""",,"N241JQ","Embraer 175","unknown","true","2","""2026-07-21T07:06:08.122Z""",
"627","AA2861","AA","""2026-07-21T00:00:00.000Z""","11:47","""2026-07-21T11:47:00.000Z""","DFW","EWR",,,"archived","87","red","""2026-07-21T21:24:07.786Z""","""2026-07-21T20:54:32.702Z""","""2026-07-21T20:54:32.702Z""",,"Cancelled","0","""2026-07-22T00:10:26.349Z""",,,"Boeing 737-800","unknown","true","2","""2026-07-21T07:06:08.629Z""",
"628","AA1100","AA","""2026-07-21T00:00:00.000Z""","14:25","""2026-07-21T14:25:00.000Z""","DFW","PHL",,,"archived","55","amber","""2026-07-21T21:24:08.399Z""",,,,"Cancelled","0","""2026-07-22T00:10:27.188Z""",,,"Airbus A320","unknown","true","2","""2026-07-21T07:06:08.636Z""",
"629","DL3507","DL","""2026-07-21T00:00:00.000Z""","11:21","""2026-07-21T11:21:00.000Z""","ATL","SHV",,,"archived","7","green","""2026-07-21T21:24:10.848Z""",,,,"Arrived","0","""2026-07-22T00:10:28.143Z""",,"N270SY","Embraer 175","unknown","true","2","""2026-07-21T07:06:09.650Z""",
"630","DL2827","DL","""2026-07-21T00:00:00.000Z""","12:40","""2026-07-21T12:40:00.000Z""","ATL","DAB",,,"archived","7","green","""2026-07-21T21:24:12.653Z""",,,,"Arrived","0","""2026-07-22T00:10:28.467Z""",,"N949DZ","Boeing 737-900","unknown","true","2","""2026-07-21T07:06:09.655Z""",
"631","MS986","MS","""2026-07-21T00:00:00.000Z""","12:55","""2026-07-21T12:55:00.000Z""","JFK","CAI",,,"archived","28","amber","""2026-07-21T21:24:17.361Z""",,,,"EnRoute","0","""2026-07-22T00:10:29.041Z""",,"SU-GGI","Airbus A350-900","unknown","true","2","""2026-07-21T07:06:10.130Z""",
"632","DL5301","DL","""2026-07-21T00:00:00.000Z""","14:25","""2026-07-21T14:25:00.000Z""","JFK","RIC",,,"archived","31","amber","""2026-07-21T21:24:17.794Z""","""2026-07-21T16:55:27.721Z""",,,"Arrived","0","""2026-07-22T00:10:30.015Z""",,"N217JQ","Embraer 175","unknown","true","2","""2026-07-21T07:06:10.135Z""",
"633","WN1698","WN","""2026-07-21T00:00:00.000Z""","12:50","""2026-07-21T12:50:00.000Z""","LAX","BNA",,,"archived","7","green","""2026-07-21T21:24:21.032Z""",,,,"Arrived","0","""2026-07-22T00:10:30.917Z""",,"N8939Q","Boeing 737 MAX 8","unknown","true","2","""2026-07-21T07:06:10.641Z""",
"634","JL15","JL","""2026-07-21T00:00:00.000Z""","14:00","""2026-07-21T14:00:00.000Z""","LAX","HND",,,"archived","9","green","""2026-07-21T21:24:21.486Z""",,,,"status_unresolvable",,"""2026-07-22T00:10:31.203Z""",,"JA02WJ","Airbus A350-1000","unknown","true","2","""2026-07-21T07:06:10.646Z""",
"635","DL5598","DL","""2026-07-21T00:00:00.000Z""","11:40","""2026-07-21T11:40:00.000Z""","BOS","CVG",,,"archived","42","amber","""2026-07-21T21:24:22.054Z""",,,,"Arrived","0","""2026-07-22T00:10:31.780Z""",,"N230JQ","Embraer 175","unknown","true","2","""2026-07-21T07:06:11.106Z""",
"636","AA3843","AA","""2026-07-21T00:00:00.000Z""","18:30","""2026-07-21T18:30:00.000Z""","DFW","XNA",,,"archived","11","green","""2026-07-21T21:24:22.931Z""",,,,"status_unresolvable",,"""2026-07-22T00:10:32.190Z""",,,"Embraer 175","unknown","true","2","""2026-07-21T07:06:11.649Z""",
"637","AA3717","AA","""2026-07-21T00:00:00.000Z""","17:00","""2026-07-21T17:00:00.000Z""","ORD","MSN",,,"archived","9","green","""2026-07-21T21:24:23.437Z""",,,,"Arrived","0","""2026-07-22T00:10:32.740Z""",,,"Embraer 175","unknown","true","2","""2026-07-21T07:06:12.154Z""",
"638","UA987","UA","""2026-07-21T00:00:00.000Z""","18:10","""2026-07-21T18:10:00.000Z""","ORD","CDG",,,"archived","11","green","""2026-07-21T21:24:28.280Z""",,,,"EnRoute","0","""2026-07-22T00:10:33.225Z""",,"N17015","Boeing 787-10","unknown","true","2","""2026-07-21T07:06:12.160Z""",
"639","DL472","DL","""2026-07-21T00:00:00.000Z""","16:45","""2026-07-21T16:45:00.000Z""","ATL","SEA",,,"archived","9","green","""2026-07-21T21:24:29.402Z""",,,,"EnRoute","0","""2026-07-22T00:10:33.763Z""",,"N587NW","Boeing 757-300","unknown","true","2","""2026-07-21T07:06:12.633Z""",
"640","AS783","AS","""2026-07-21T00:00:00.000Z""","18:00","""2026-07-21T18:00:00.000Z""","ATL","PDX",,,"archived","11","green","""2026-07-21T21:24:29.767Z""",,,,"EnRoute","0","""2026-07-22T00:10:34.273Z""",,"N815AK","Boeing 737 MAX 8","unknown","true","2","""2026-07-21T07:06:12.638Z""",
"641","UA212","UA","""2026-07-21T00:00:00.000Z""","17:00","""2026-07-21T17:00:00.000Z""","LAX","ORD",,,"archived","9","green","""2026-07-21T21:24:30.641Z""",,,,"status_unresolvable",,"""2026-07-22T00:10:34.713Z""",,,"Airbus A320","unknown","true","2","""2026-07-21T07:06:13.650Z""",
"642","AZ615","AZ","""2026-07-21T00:00:00.000Z""","17:05","""2026-07-21T17:05:00.000Z""","BOS","FCO",,,"archived","43","amber","""2026-07-21T21:24:31.067Z""",,,,"EnRoute","0","""2026-07-22T00:10:35.624Z""",,"EI-HJS","Airbus A330","unknown","true","2","""2026-07-21T07:06:14.118Z""",
"643","AA4065","AA","""2026-07-21T00:00:00.000Z""","22:38","""2026-07-21T22:38:00.000Z""","DFW","CRP",,,"archived","13","green","""2026-07-21T21:24:44.346Z""",,,,"status_unresolvable",,"""2026-07-22T00:10:35.921Z""",,,"Embraer 175","unknown","true","2","""2026-07-21T07:06:14.628Z""",
"644","UA5499","UA","""2026-07-21T00:00:00.000Z""","19:45","""2026-07-21T19:45:00.000Z""","ORD","SBN",,,"archived","13","green","""2026-07-21T21:24:44.771Z""",,,,"status_unresolvable",,"""2026-07-22T00:10:36.423Z""",,,"Bombardier CRJ","unknown","true","2","""2026-07-21T07:06:15.480Z""",
"645","BA172","BA","""2026-07-21T00:00:00.000Z""","20:55","""2026-07-21T20:55:00.000Z""","JFK","LHR",,,"archived","35","amber","""2026-07-21T21:23:54.527Z""","""2026-07-21T14:24:49.507Z""",,,"status_unresolvable",,"""2026-07-22T00:10:21.949Z""",,,"Boeing 777","unknown","true","2","""2026-07-21T07:06:16.146Z""",
"646","UA2303","UA","""2026-07-21T00:00:00.000Z""","23:15","""2026-07-21T23:15:00.000Z""","LAX","EWR",,,"archived","53","amber","""2026-07-21T21:23:55.022Z""",,,,"status_unresolvable",,"""2026-07-22T00:10:22.394Z""",,,"Boeing 777","unknown","true","2","""2026-07-21T07:06:16.654Z""",
"647","PD2948","PD","""2026-07-21T00:00:00.000Z""","20:25","""2026-07-21T20:25:00.000Z""","BOS","YTZ",,,"archived","47","amber","""2026-07-21T21:23:56.010Z""",,,,"status_unresolvable",,"""2026-07-22T00:10:22.872Z""",,,"Bombardier Dash 8 Q400 / DHC-8-400","regional","true","2","""2026-07-21T07:06:17.127Z""",
"648","AA3290","AA","""2026-07-21T00:00:00.000Z""","07:10","""2026-07-21T07:10:00.000Z""","DFW","MIA",,,"archived","6","green","""2026-07-21T21:24:47.345Z""",,,,"Arrived","0","""2026-07-22T00:10:36.889Z""",,"N563UW","Airbus A321","unknown","true","2","""2026-07-21T09:51:01.420Z""",
"649","AA4918","AA","""2026-07-21T00:00:00.000Z""","08:51","""2026-07-21T08:51:00.000Z""","DFW","GJT",,,"archived","6","green","""2026-07-21T21:21:04.446Z""",,,,"Arrived","0","""2026-07-22T00:08:34.432Z""",,"N715SK","Canadair CRJ-701ER","unknown","true","2","""2026-07-21T09:51:01.430Z""",
"650","UA2361","UA","""2026-07-21T00:00:00.000Z""","07:00","""2026-07-21T07:00:00.000Z""","ORD","LAX",,,"archived","6","green","""2026-07-21T21:24:59.867Z""",,,,"Arrived","0","""2026-07-22T00:10:47.155Z""",,"N14549","Airbus A321 NEO","unknown","true","2","""2026-07-21T09:51:01.447Z""",
"651","UA2093","UA","""2026-07-21T00:00:00.000Z""","08:40","""2026-07-21T08:40:00.000Z""","ORD","MSN",,,"archived","6","green","""2026-07-21T21:24:47.721Z""",,,,"Arrived","0","""2026-07-22T00:10:37.958Z""",,"N447UA","Airbus A320","unknown","true","2","""2026-07-21T09:51:01.451Z""",
"652","UA5285","UA","""2026-07-21T00:00:00.000Z""","10:25","""2026-07-21T10:25:00.000Z""","ORD","SBN",,,"archived","9","green","""2026-07-21T21:24:48.261Z""",,,,"Arrived","0","""2026-07-22T00:10:38.442Z""",,"N693BR","Canadair CRJ 200","unknown","true","2","""2026-07-21T09:51:01.455Z""",
"653","AA481","AA","""2026-07-21T00:00:00.000Z""","11:46","""2026-07-21T11:46:00.000Z""","DFW","JFK",,,"archived","75","red","""2026-07-21T21:24:48.699Z""","""2026-07-21T21:24:48.699Z""","""2026-07-21T21:24:48.699Z""",,"Cancelled","0","""2026-07-22T00:10:39.278Z""",,,"Boeing 737-800","unknown","true","2","""2026-07-21T09:51:03.821Z""",
"654","AA1005","AA","""2026-07-21T00:00:00.000Z""","12:48","""2026-07-21T12:48:00.000Z""","DFW","NAS",,,"archived","6","green","""2026-07-21T21:25:16.559Z""",,,,"Departed","0","""2026-07-22T00:10:53.670Z""",,"N899NN","Boeing 737-800","unknown","true","2","""2026-07-21T09:51:03.825Z""",
"655","AA1285","AA","""2026-07-21T00:00:00.000Z""","14:25","""2026-07-21T14:25:00.000Z""","DFW","CLT",,,"archived","9","green","""2026-07-21T21:24:49.228Z""",,,,"Arrived","0","""2026-07-22T00:10:39.586Z""",,"N910AU","Airbus A321","unknown","true","2","""2026-07-21T09:51:03.837Z""",
"656","AA2049","AA","""2026-07-21T00:00:00.000Z""","11:21","""2026-07-21T11:21:00.000Z""","JFK","DFW",,,"archived","29","amber","""2026-07-21T21:24:49.757Z""",,,,"Arrived","0","""2026-07-22T00:10:40.777Z""",,"N827NN","Boeing 737-800","unknown","true","2","""2026-07-21T09:51:05.312Z""",
"657","AA2009","AA","""2026-07-21T00:00:00.000Z""","16:53","""2026-07-21T16:53:00.000Z""","DFW","SEA",,,"archived","9","green","""2026-07-21T21:24:50.201Z""",,,,"status_unresolvable",,"""2026-07-22T00:10:41.101Z""",,"N434AN","Airbus A321 NEO","unknown","true","2","""2026-07-21T09:51:06.823Z""",
"658","UA970","UA","""2026-07-21T00:00:00.000Z""","15:45","""2026-07-21T15:45:00.000Z""","ORD","FCO",,,"archived","8","green","""2026-07-21T21:24:50.713Z""",,,,"EnRoute","0","""2026-07-22T00:10:41.678Z""",,"N12020","Boeing 787-10","unknown","true","2","""2026-07-21T09:51:07.307Z""",
"659","AA1951","AA","""2026-07-21T00:00:00.000Z""","17:00","""2026-07-21T17:00:00.000Z""","ORD","IND",,,"archived","11","green","""2026-07-21T21:24:51.603Z""",,,,"Arrived","0","""2026-07-22T00:10:42.174Z""",,,"Airbus A319","unknown","true","2","""2026-07-21T09:51:07.311Z""",
"660","AA86","AA","""2026-07-21T00:00:00.000Z""","18:10","""2026-07-21T18:10:00.000Z""","ORD","LHR",,,"archived","11","green","""2026-07-21T21:24:52.057Z""",,,,"EnRoute","0","""2026-07-22T00:10:42.727Z""",,,"Boeing 787-9","unknown","true","2","""2026-07-21T09:51:07.314Z""",
"661","DL3026","DL","""2026-07-21T00:00:00.000Z""","15:29","""2026-07-21T15:29:00.000Z""","ATL","HSV",,,"archived","9","green","""2026-07-21T21:24:52.882Z""",,,,"Arrived","0","""2026-07-22T00:10:43.096Z""",,"N950AT","Boeing 717","unknown","true","2","""2026-07-21T09:51:07.805Z""",
"662","DL653","DL","""2026-07-21T00:00:00.000Z""","18:00","""2026-07-21T18:00:00.000Z""","ATL","SLC",,,"archived","11","green","""2026-07-21T21:24:54.537Z""",,,,"EnRoute","0","""2026-07-22T00:10:43.609Z""",,"N590DT","Airbus A321 NEO","unknown","true","2","""2026-07-21T09:51:07.810Z""",
"663","AA3309","AA","""2026-07-21T00:00:00.000Z""","17:05","""2026-07-21T17:05:00.000Z""","BOS","PHL",,,"archived","55","amber","""2026-07-21T21:24:54.861Z""",,,,"Cancelled","0","""2026-07-22T00:10:44.232Z""",,,"Boeing 737-800","unknown","true","2","""2026-07-21T09:51:09.293Z""",
"664","DL1843","DL","""2026-07-21T00:00:00.000Z""","19:45","""2026-07-21T19:45:00.000Z""","ATL","GEG",,,"archived","11","green","""2026-07-21T21:24:55.727Z""",,,,"EnRoute","0","""2026-07-22T00:10:44.625Z""",,"N924DZ","Boeing 737","unknown","true","2","""2026-07-21T09:51:10.816Z""",
"665","DL1251","DL","""2026-07-21T00:00:00.000Z""","21:05","""2026-07-21T21:05:00.000Z""","ATL","TUS",,,"archived","13","green","""2026-07-21T21:24:56.022Z""",,,,"status_unresolvable",,"""2026-07-22T00:10:45.078Z""",,,"Boeing 737-900","unknown","true","2","""2026-07-21T09:51:10.821Z""",
"666","DL2911","DL","""2026-07-21T00:00:00.000Z""","22:48","""2026-07-21T22:48:00.000Z""","ATL","MCI",,,"archived","13","green","""2026-07-21T21:24:58.044Z""",,,,"status_unresolvable",,"""2026-07-22T00:10:45.780Z""",,,"Boeing 737-900","unknown","true","2","""2026-07-21T09:51:10.833Z""",
"667","WN2423","WN","""2026-07-21T00:00:00.000Z""","21:55","""2026-07-21T21:55:00.000Z""","LAX","PHX",,,"archived","13","green","""2026-07-21T21:24:58.339Z""",,,,"status_unresolvable",,"""2026-07-22T00:10:46.101Z""",,,,"unknown","true","2","""2026-07-21T09:51:11.815Z""",
"668","DL2351","DL","""2026-07-21T00:00:00.000Z""","07:15","""2026-07-21T07:15:00.000Z""","DFW","BOS",,,"archived","41","amber","""2026-07-21T21:25:06.835Z""",,,,"Arrived","0","""2026-07-22T00:10:48.094Z""",,"N325NB","Airbus A319","unknown","true","2","""2026-07-21T15:51:03.806Z""",
"669","AA1849","AA","""2026-07-21T00:00:00.000Z""","08:40","""2026-07-21T08:40:00.000Z""","DFW","SFO",,,"archived","16","green","""2026-07-21T21:25:07.174Z""",,,,"Arrived","0","""2026-07-22T00:10:48.694Z""",,"N916US","Airbus A321","unknown","true","2","""2026-07-21T15:51:03.813Z""",
"670","UA1421","UA","""2026-07-21T00:00:00.000Z""","07:00","""2026-07-21T07:00:00.000Z""","ORD","FLL",,,"archived","6","green","""2026-07-21T21:25:10.761Z""",,,,"Arrived","0","""2026-07-22T00:10:49.119Z""",,"N54561","Airbus A321 NEO","unknown","true","2","""2026-07-21T15:51:04.213Z""",
"671","AA1979","AA","""2026-07-21T00:00:00.000Z""","09:00","""2026-07-21T09:00:00.000Z""","ORD","LAX",,,"archived","6","green","""2026-07-21T21:25:11.114Z""",,,,"Arrived","0","""2026-07-22T00:10:49.845Z""",,"N905NN","Boeing 737-800","unknown","true","2","""2026-07-21T15:51:04.219Z""",
"672","AA4412","AA","""2026-07-21T00:00:00.000Z""","10:30","""2026-07-21T10:30:00.000Z""","ORD","CVG",,,"archived","7","green","""2026-07-21T21:25:11.656Z""",,,,"Arrived","0","""2026-07-22T00:10:50.217Z""",,"N402YX","Embraer 175","unknown","true","2","""2026-07-21T15:51:04.223Z""",
"673","AA763","AA","""2026-07-21T00:00:00.000Z""","06:59","""2026-07-21T06:59:00.000Z""","JFK","AUS",,,"archived","28","amber","""2026-07-21T21:25:12.814Z""",,,,"Arrived","0","""2026-07-22T00:10:51.170Z""",,"N311UN","Boeing 737 MAX 8","unknown","true","2","""2026-07-21T15:51:04.842Z""",
"674","VS26","VS","""2026-07-21T00:00:00.000Z""","08:15","""2026-07-21T08:15:00.000Z""","JFK","LHR",,,"archived","28","amber","""2026-07-21T21:25:13.116Z""",,,,"Arrived","0","""2026-07-22T00:10:51.646Z""",,"G-VWOO","Boeing 787-9","unknown","true","2","""2026-07-21T15:51:04.848Z""",
"675","AA118","AA","""2026-07-21T00:00:00.000Z""","06:00","""2026-07-21T06:00:00.000Z""","LAX","JFK",,,"archived","26","amber","""2026-07-21T21:25:14.207Z""",,,,"EnRoute","0","""2026-07-22T00:10:52.180Z""",,"N105NN","Airbus A321 (Sharklets)","unknown","true","2","""2026-07-21T15:51:05.390Z""",
"676","UA1185","UA","""2026-07-21T00:00:00.000Z""","08:51","""2026-07-21T08:51:00.000Z""","LAX","SJD",,,"archived","5","green","""2026-07-21T21:25:17.316Z""",,,,"Departed","0","""2026-07-22T00:10:54.143Z""",,"N37263","Boeing 737-800","unknown","true","2","""2026-07-21T15:51:05.395Z""",
"677","DL479","DL","""2026-07-21T00:00:00.000Z""","06:20","""2026-07-21T06:20:00.000Z""","BOS","LAX",,,"archived","41","amber","""2026-07-21T21:25:17.891Z""",,,,"Arrived","0","""2026-07-22T00:10:54.717Z""",,"N721TW","Boeing 757-200","unknown","true","2","""2026-07-21T15:51:06.171Z""",
"678","DL467","DL","""2026-07-21T00:00:00.000Z""","11:30","""2026-07-21T11:30:00.000Z""","ATL","LGA",,,"archived","82","red","""2026-07-21T21:25:34.515Z""","""2026-07-21T18:26:52.099Z""","""2026-07-21T18:26:52.099Z""",,"Cancelled","0","""2026-07-22T00:10:55.154Z""",,,"Airbus A321","unknown","true","2","""2026-07-21T15:51:06.837Z""",
"679","DL602","DL","""2026-07-21T00:00:00.000Z""","12:27","""2026-07-21T12:27:00.000Z""","ATL","MEX",,,"archived","7","green","""2026-07-21T21:25:34.924Z""",,,,"Departed","0","""2026-07-22T00:10:55.631Z""",,"N659DL","Boeing 757-200","unknown","true","2","""2026-07-21T15:51:06.842Z""",
"680","AA4954","AA","""2026-07-21T00:00:00.000Z""","11:18","""2026-07-21T11:18:00.000Z""","ORD","CMH",,,"archived","7","green","""2026-07-21T21:25:40.032Z""",,,,"Arrived","0","""2026-07-22T00:10:56.209Z""",,"N753SK","Canadair CRJ-701ER","unknown","true","2","""2026-07-21T15:51:07.363Z""",
"681","DL5035","DL","""2026-07-21T00:00:00.000Z""","13:00","""2026-07-21T13:00:00.000Z""","ORD","JFK",,,"archived","27","amber","""2026-07-21T21:25:40.767Z""",,,,"Departed","0","""2026-07-22T00:10:56.991Z""",,"N318DU","Airbus A220-300","unknown","true","2","""2026-07-21T15:51:07.366Z""",
"682","UA2091","UA","""2026-07-21T00:00:00.000Z""","14:13","""2026-07-21T14:13:00.000Z""","ORD","RDU",,,"archived","11","green","""2026-07-21T21:25:41.401Z""",,,,"Arrived","0","""2026-07-22T00:10:57.288Z""",,"N66814","Boeing 737-900","unknown","true","2","""2026-07-21T15:51:07.369Z""",
"683","DL5028","DL","""2026-07-21T00:00:00.000Z""","12:30","""2026-07-21T12:30:00.000Z""","JFK","RDU",,,"archived","31","amber","""2026-07-21T21:25:42.251Z""",,,,"Arrived","0","""2026-07-22T00:10:57.808Z""",,"N397DA","Boeing 737-800","unknown","true","2","""2026-07-21T15:51:07.823Z""",
"684","AA1774","AA","""2026-07-21T00:00:00.000Z""","18:30","""2026-07-21T18:30:00.000Z""","DFW","BZN",,,"archived","11","green","""2026-07-21T21:25:42.543Z""",,,,"status_unresolvable",,"""2026-07-22T00:10:58.861Z""",,,"Boeing 737","unknown","true","2","""2026-07-21T15:51:08.851Z""",
"685","AA1548","AA","""2026-07-21T00:00:00.000Z""","10:13","""2026-07-21T10:13:00.000Z""","BOS","CLT",,,"archived","42","amber","""2026-07-21T21:25:43.071Z""",,,,"Arrived","0","""2026-07-22T00:10:59.364Z""",,"N901AN","Boeing 737-800","unknown","true","2","""2026-07-21T15:51:09.371Z""",
"686","DL5857","DL","""2026-07-21T00:00:00.000Z""","12:35","""2026-07-21T12:35:00.000Z""","BOS","DCA",,,"archived","42","amber","""2026-07-21T21:25:43.574Z""",,,,"status_unresolvable",,"""2026-07-22T00:10:59.809Z""",,"N236JQ","Embraer 175","unknown","true","2","""2026-07-21T15:51:09.375Z""",
"687","DL1005","DL","""2026-07-21T00:00:00.000Z""","15:28","""2026-07-21T15:28:00.000Z""","ATL","DTW",,,"archived","11","green","""2026-07-21T21:25:46.960Z""",,,,"Arrived","0","""2026-07-22T00:11:00.826Z""",,"N822DX","Boeing 757","unknown","true","2","""2026-07-21T15:51:09.885Z""",
"688","DL5408","DL","""2026-07-21T00:00:00.000Z""","15:38","""2026-07-21T15:38:00.000Z""","JFK","MCI",,,"archived","31","amber","""2026-07-21T21:25:47.266Z""",,,,"Cancelled","0","""2026-07-22T00:11:01.342Z""",,,"Bombardier CRJ900","unknown","true","2","""2026-07-21T15:51:10.831Z""",
"689","DL1601","DL","""2026-07-21T00:00:00.000Z""","22:48","""2026-07-21T22:48:00.000Z""","ATL","IAH",,,"archived","13","green","""2026-07-21T21:25:47.823Z""",,,,"status_unresolvable",,"""2026-07-22T00:11:01.854Z""",,"N348DN","Airbus A321","unknown","true","2","""2026-07-21T15:51:12.847Z""",
"690","UA341","UA","""2026-07-22T00:00:00.000Z""","07:00","""2026-07-22T07:00:00.000Z""","ORD","SEA",,,"archived","7","green","""2026-07-22T17:58:59.505Z""",,,,"Arrived","0","""2026-07-23T00:29:30.279Z""",,"N54525","Airbus A321 NEO","unknown","true","2","""2026-07-22T00:07:31.769Z""",
"691","UA1803","UA","""2026-07-22T00:00:00.000Z""","08:42","""2026-07-22T08:42:00.000Z""","ORD","DSM",,,"archived","7","green","""2026-07-22T17:59:03.742Z""",,,,"Arrived","0","""2026-07-23T00:29:31.212Z""",,"N68834","Boeing 737","unknown","true","2","""2026-07-22T00:07:31.781Z""",
"692","UA4382","UA","""2026-07-22T00:00:00.000Z""","10:25","""2026-07-22T10:25:00.000Z""","ORD","BUF",,,"archived","8","green","""2026-07-22T17:59:05.380Z""",,,,"Arrived","0","""2026-07-23T00:29:32.272Z""",,"N520GJ","Canadair Regional Jet","unknown","true","2","""2026-07-22T00:07:31.789Z""",
"693","AA3426","AA","""2026-07-22T00:00:00.000Z""","07:10","""2026-07-22T07:10:00.000Z""","DFW","TUL",,,"archived","75","red","""2026-07-22T18:01:14.952Z""","""2026-07-22T14:01:22.051Z""","""2026-07-22T14:01:22.051Z""",,"Cancelled","0","""2026-07-23T00:30:36.898Z""",,,"Embraer 175","unknown","true","2","""2026-07-22T00:07:31.819Z""",
"694","AA3167","AA","""2026-07-22T00:00:00.000Z""","08:53","""2026-07-22T08:53:00.000Z""","DFW","GRR",,,"archived","7","green","""2026-07-22T17:59:05.776Z""",,,,"Arrived","0","""2026-07-23T00:29:33.211Z""",,"N906AN","Boeing 737-800","unknown","true","2","""2026-07-22T00:07:31.823Z""",
"695","AA937","AA","""2026-07-22T00:00:00.000Z""","10:09","""2026-07-22T10:09:00.000Z""","DFW","SAL",,,"archived","7","green","""2026-07-22T17:59:06.547Z""",,,,"EnRoute","0","""2026-07-23T00:29:34.193Z""",,"N881NN","Boeing 737-800","unknown","true","2","""2026-07-22T00:07:31.828Z""",
"696","AA3210","AA","""2026-07-22T00:00:00.000Z""","07:00","""2026-07-22T07:00:00.000Z""","JFK","BDA",,,"archived","6","green","""2026-07-22T17:59:06.896Z""",,,,"Arrived","0","""2026-07-23T00:29:35.212Z""",,"N303RE","Boeing 737-800","unknown","true","2","""2026-07-22T00:07:32.657Z""",
"697","DL5207","DL","""2026-07-22T00:00:00.000Z""","08:22","""2026-07-22T08:22:00.000Z""","JFK","SAV",,,"archived","7","green","""2026-07-22T18:00:43.861Z""",,,,"Arrived","0","""2026-07-23T00:30:15.830Z""",,"N482PX","Canadair CRJ 900","unknown","true","2","""2026-07-22T00:07:32.662Z""",
"698","DL5649","DL","""2026-07-22T00:00:00.000Z""","09:50","""2026-07-22T09:50:00.000Z""","JFK","CMH",,,"archived","7","green","""2026-07-22T18:01:32.141Z""",,,,"Arrived","0","""2026-07-23T00:30:39.614Z""",,"N223JQ","Embraer 175","unknown","true","2","""2026-07-22T00:07:32.666Z""",
"699","AS53","AS","""2026-07-22T00:00:00.000Z""","07:00","""2026-07-22T07:00:00.000Z""","LAX","ANC",,,"archived","14","green","""2026-07-22T17:59:07.437Z""",,,,"Arrived","0","""2026-07-23T00:29:36.232Z""",,"N428AS","Boeing 737","unknown","true","2","""2026-07-22T00:07:33.148Z""",
"700","UA4643","UA","""2026-07-22T00:00:00.000Z""","09:00","""2026-07-22T09:00:00.000Z""","LAX","SAN",,,"archived","14","green","""2026-07-22T17:59:07.961Z""",,,,"Cancelled","0","""2026-07-23T00:29:37.210Z""",,,"Embraer 175","unknown","true","2","""2026-07-22T00:07:33.152Z""",
"701","UA4700","UA","""2026-07-22T00:00:00.000Z""","10:17","""2026-07-22T10:17:00.000Z""","LAX","ASE",,,"archived","15","green","""2026-07-22T17:59:13.570Z""",,,,"Arrived","0","""2026-07-23T00:29:38.252Z""",,"N626SY","Embraer 175","unknown","true","2","""2026-07-22T00:07:33.156Z""",
"702","DL695","DL","""2026-07-22T00:00:00.000Z""","06:45","""2026-07-22T06:45:00.000Z""","BOS","ATL",,,"archived","7","green","""2026-07-22T17:59:13.971Z""",,,,"Arrived","0","""2026-07-23T00:29:39.253Z""",,"N548DN","Airbus A321 NEO","unknown","true","2","""2026-07-22T00:07:33.616Z""",
"703","PD616","PD","""2026-07-22T00:00:00.000Z""","10:05","""2026-07-22T10:05:00.000Z""","BOS","YYZ",,,"archived","8","green","""2026-07-22T17:59:14.390Z""",,,,"Arrived","0","""2026-07-23T00:29:40.174Z""",,"C-GKQT","Embraer 195","unknown","true","2","""2026-07-22T00:07:33.621Z""",
"704","AA2524","AA","""2026-07-22T00:00:00.000Z""","11:40","""2026-07-22T11:40:00.000Z""","ORD","SEA",,,"archived","8","green","""2026-07-22T17:59:14.935Z""",,,,"Arrived","0","""2026-07-23T00:29:41.285Z""",,"N536UW","Airbus A321","unknown","true","2","""2026-07-22T00:07:34.150Z""",
"705","AS579","AS","""2026-07-22T00:00:00.000Z""","13:01","""2026-07-22T13:01:00.000Z""","ORD","SEA",,,"archived","8","green","""2026-07-22T17:59:19.345Z""",,,,"Arrived","0","""2026-07-23T00:29:42.239Z""",,"N838AK","Boeing 737 MAX 8","unknown","true","2","""2026-07-22T00:07:34.154Z""",
"706","UA2451","UA","""2026-07-22T00:00:00.000Z""","14:15","""2026-07-22T14:15:00.000Z""","ORD","IAH",,,"archived","10","green","""2026-07-22T17:59:25.183Z""",,,,"Arrived","0","""2026-07-23T00:29:43.232Z""",,"N873UA","Airbus A319","unknown","true","2","""2026-07-22T00:07:34.157Z""",
"707","AA2861","AA","""2026-07-22T00:00:00.000Z""","11:47","""2026-07-22T11:47:00.000Z""","DFW","EWR",,,"archived","8","green","""2026-07-22T18:01:32.729Z""",,,,"Arrived","0","""2026-07-23T00:30:40.752Z""",,"N809NN","Boeing 737-800","unknown","true","2","""2026-07-22T00:07:34.635Z""",
"708","AA2501","AA","""2026-07-22T00:00:00.000Z""","12:46","""2026-07-22T12:46:00.000Z""","DFW","VPS",,,"archived","8","green","""2026-07-22T17:59:29.075Z""",,,,"Arrived","0","""2026-07-23T00:29:44.239Z""",,"N991AU","Airbus A321","unknown","true","2","""2026-07-22T00:07:34.639Z""",
"709","AA1167","AA","""2026-07-22T00:00:00.000Z""","14:25","""2026-07-22T14:25:00.000Z""","DFW","MIA",,,"archived","10","green","""2026-07-22T17:59:40.508Z""",,,,"Arrived","0","""2026-07-23T00:29:45.258Z""",,,"Airbus A321","unknown","true","2","""2026-07-22T00:07:34.643Z""",
"710","WN3903","WN","""2026-07-22T00:00:00.000Z""","11:20","""2026-07-22T11:20:00.000Z""","ATL","MDW",,,"archived","8","green","""2026-07-22T17:59:41.022Z""",,,,"Arrived","0","""2026-07-23T00:29:46.249Z""",,"N219WN","Boeing 737-700","unknown","true","2","""2026-07-22T00:07:35.138Z""",
"711","DL2827","DL","""2026-07-22T00:00:00.000Z""","12:40","""2026-07-22T12:40:00.000Z""","ATL","DAB",,,"archived","8","green","""2026-07-22T17:59:41.402Z""",,,,"Arrived","0","""2026-07-23T00:29:47.331Z""",,"N946DZ","Boeing 737-900","unknown","true","2","""2026-07-22T00:07:35.141Z""",
"712","DL2467","DL","""2026-07-22T00:00:00.000Z""","14:12","""2026-07-22T14:12:00.000Z""","ATL","MYR",,,"archived","10","green","""2026-07-22T17:59:42.189Z""",,,,"Arrived","0","""2026-07-23T00:29:48.262Z""",,"N925AT","Boeing 717","unknown","true","2","""2026-07-22T00:07:35.145Z""",
"713","DL3773","DL","""2026-07-22T00:00:00.000Z""","11:44","""2026-07-22T11:44:00.000Z""","LAX","BOI",,,"archived","24","green","""2026-07-22T17:59:45.745Z""",,,,"Arrived","0","""2026-07-23T00:29:49.226Z""",,"N308SY","Embraer 175","unknown","true","2","""2026-07-22T00:07:36.124Z""",
"714","WN4950","WN","""2026-07-22T00:00:00.000Z""","12:55","""2026-07-22T12:55:00.000Z""","LAX","SFO",,,"archived","25","amber","""2026-07-22T17:59:46.185Z""",,,,"Arrived","0","""2026-07-23T00:29:50.230Z""",,,"Boeing 737","unknown","true","2","""2026-07-22T00:07:36.128Z""",
"715","JL15","JL","""2026-07-22T00:00:00.000Z""","14:00","""2026-07-22T14:00:00.000Z""","LAX","HND",,,"archived","17","green","""2026-07-22T18:01:15.469Z""",,,,"EnRoute","0","""2026-07-23T00:30:37.764Z""",,,"Airbus A350-1000","unknown","true","2","""2026-07-22T00:07:36.132Z""",
"716","SY1606","SY","""2026-07-22T00:00:00.000Z""","11:40","""2026-07-22T11:40:00.000Z""","BOS","MSP",,,"archived","8","green","""2026-07-22T17:59:47.716Z""",,,,"Arrived","0","""2026-07-23T00:29:51.246Z""",,"N813SY","Boeing 737-800","unknown","true","2","""2026-07-22T00:07:36.948Z""",
"717","DL5789","DL","""2026-07-22T00:00:00.000Z""","14:12","""2026-07-22T14:12:00.000Z""","BOS","CVG",,,"archived","10","green","""2026-07-22T17:59:48.061Z""",,,,"Arrived","0","""2026-07-23T00:29:52.301Z""",,"N245JQ","Embraer 175","unknown","true","2","""2026-07-22T00:07:36.953Z""",
"718","AA4425","AA","""2026-07-22T00:00:00.000Z""","15:43","""2026-07-22T15:43:00.000Z""","ORD","MSP",,,"archived","10","green","""2026-07-22T17:59:48.527Z""",,,,"Arrived","0","""2026-07-23T00:29:53.269Z""",,,"Embraer 175","unknown","true","2","""2026-07-22T00:07:37.243Z""",
"719","AA3477","AA","""2026-07-22T00:00:00.000Z""","17:00","""2026-07-22T17:00:00.000Z""","ORD","CMI",,,"archived","10","green","""2026-07-22T17:59:50.539Z""",,,,"Cancelled","0","""2026-07-23T00:29:54.277Z""",,,"Embraer 170","unknown","true","2","""2026-07-22T00:07:37.247Z""",
"720","UA1401","UA","""2026-07-22T00:00:00.000Z""","18:08","""2026-07-22T18:08:00.000Z""","ORD","PWM",,,"archived","12","green","""2026-07-22T17:59:51.140Z""",,,,"EnRoute","0","""2026-07-23T00:29:55.468Z""",,,"Boeing 737","unknown","true","2","""2026-07-22T00:07:37.250Z""",
"721","VB683","VB","""2026-07-22T00:00:00.000Z""","15:40","""2026-07-22T15:40:00.000Z""","DFW","MTY",,,"archived","9","green","""2026-07-22T17:59:56.533Z""",,,,"EnRoute","0","""2026-07-23T00:29:56.253Z""",,"XA-VAR","Airbus A320","unknown","true","2","""2026-07-22T00:07:37.644Z""",
"722","AA2458","AA","""2026-07-22T00:00:00.000Z""","16:53","""2026-07-22T16:53:00.000Z""","DFW","SAN",,,"archived","10","green","""2026-07-22T18:00:16.704Z""",,,,"EnRoute","0","""2026-07-23T00:30:06.870Z""",,"N542UW","Airbus A321","unknown","true","2","""2026-07-22T00:07:37.649Z""",
"723","AA2235","AA","""2026-07-22T00:00:00.000Z""","18:30","""2026-07-22T18:30:00.000Z""","DFW","DEN",,,"archived","12","green","""2026-07-22T17:58:08.761Z""",,,,"status_unresolvable",,"""2026-07-23T00:29:23.830Z""",,,"Airbus A321","unknown","true","2","""2026-07-22T00:07:37.655Z""",
"724","DL3026","DL","""2026-07-22T00:00:00.000Z""","15:29","""2026-07-22T15:29:00.000Z""","ATL","HSV",,,"archived","10","green","""2026-07-22T17:58:09.391Z""",,,,"Arrived","0","""2026-07-23T00:29:24.245Z""",,,"Boeing 717-200","unknown","true","2","""2026-07-22T00:07:38.177Z""",
"725","UA285","UA","""2026-07-22T00:00:00.000Z""","18:00","""2026-07-22T18:00:00.000Z""","ATL","SFO",,,"archived","22","green","""2026-07-22T17:58:27.274Z""",,,,"EnRoute","0","""2026-07-23T00:29:24.734Z""",,,"Boeing 737-800","unknown","true","2","""2026-07-22T00:07:38.182Z""",
"726","AA341","AA","""2026-07-22T00:00:00.000Z""","15:40","""2026-07-22T15:40:00.000Z""","JFK","LAX",,,"archived","15","green","""2026-07-22T17:58:30.464Z""",,,,"EnRoute","0","""2026-07-23T00:29:25.237Z""",,,"Airbus A321","unknown","true","2","""2026-07-22T00:07:38.639Z""",
"727","AS19","AS","""2026-07-22T00:00:00.000Z""","17:08","""2026-07-22T17:08:00.000Z""","JFK","PDX",,,"archived","10","green","""2026-07-22T17:58:34.231Z""",,,,"EnRoute","0","""2026-07-23T00:29:25.753Z""",,,"Boeing 737-900","unknown","true","2","""2026-07-22T00:07:38.642Z""",
"728","EI110","EI","""2026-07-22T00:00:00.000Z""","18:25","""2026-07-22T18:25:00.000Z""","JFK","SNN",,,"archived","11","green","""2026-07-22T18:01:05.237Z""",,,,"EnRoute","0","""2026-07-23T00:30:29.915Z""",,,"Airbus A320","unknown","true","2","""2026-07-22T00:07:38.646Z""",
"729","UA923","UA","""2026-07-22T00:00:00.000Z""","15:35","""2026-07-22T15:35:00.000Z""","LAX","LHR",,,"archived","17","green","""2026-07-22T17:58:54.351Z""",,,,"EnRoute","0","""2026-07-23T00:29:26.240Z""",,,"Boeing 787-9","unknown","true","2","""2026-07-22T00:07:39.179Z""",
"730","BA280","BA","""2026-07-22T00:00:00.000Z""","17:05","""2026-07-22T17:05:00.000Z""","LAX","LHR",,,"archived","17","green","""2026-07-22T17:58:54.807Z""",,,,"status_unresolvable",,"""2026-07-23T00:29:27.207Z""",,,"Boeing 777-300ER","unknown","true","2","""2026-07-22T00:07:39.183Z""",
"731","WN2418","WN","""2026-07-22T00:00:00.000Z""","18:35","""2026-07-22T18:35:00.000Z""","LAX","OAK",,,"archived","19","green","""2026-07-22T17:58:55.191Z""",,,,"status_unresolvable",,"""2026-07-23T00:29:28.257Z""",,,"Boeing 737","unknown","true","2","""2026-07-22T00:07:39.188Z""",
"732","DL5689","DL","""2026-07-22T00:00:00.000Z""","15:45","""2026-07-22T15:45:00.000Z""","BOS","DCA",,,"archived","15","green","""2026-07-22T17:58:55.678Z""",,,,"Arrived","0","""2026-07-23T00:29:29.224Z""",,,"Embraer 175","unknown","true","2","""2026-07-22T00:07:39.648Z""",
"733","DL5814","DL","""2026-07-22T00:00:00.000Z""","17:05","""2026-07-22T17:05:00.000Z""","BOS","JFK",,,"archived","10","green","""2026-07-22T17:59:56.895Z""",,,,"Arrived","0","""2026-07-23T00:29:57.246Z""",,,"Embraer 175","unknown","true","2","""2026-07-22T00:07:39.654Z""",
"734","TP218","TP","""2026-07-22T00:00:00.000Z""","18:05","""2026-07-22T18:05:00.000Z""","BOS","LIS",,,"archived","11","green","""2026-07-22T18:01:31.333Z""","""2026-07-22T00:09:36.536Z""",,,"status_unresolvable",,"""2026-07-23T00:30:38.130Z""",,"CS-TXI","Airbus A321 NEO","unknown","true","2","""2026-07-22T00:07:39.660Z""",
"735","EI124","EI","""2026-07-22T00:00:00.000Z""","21:00","""2026-07-22T21:00:00.000Z""","ORD","DUB",,,"archived","14","green","""2026-07-22T17:59:57.367Z""",,,,"status_unresolvable",,"""2026-07-23T00:29:58.210Z""",,"EI-GCF","Airbus A330-300","unknown","true","2","""2026-07-22T00:07:40.133Z""",
"736","UA4610","UA","""2026-07-22T00:00:00.000Z""","22:00","""2026-07-22T22:00:00.000Z""","ORD","GRB",,,"archived","14","green","""2026-07-22T17:59:59.738Z""",,,,"status_unresolvable",,"""2026-07-23T00:29:59.217Z""",,,,"unknown","true","2","""2026-07-22T00:07:40.137Z""",
"737","AA813","AA","""2026-07-22T00:00:00.000Z""","19:42","""2026-07-22T19:42:00.000Z""","DFW","ECP",,,"archived","12","green","""2026-07-22T18:00:00.050Z""",,,,"status_unresolvable",,"""2026-07-23T00:30:00.234Z""",,,"Airbus A319","unknown","true","2","""2026-07-22T00:07:40.621Z""",
"738","AA3735","AA","""2026-07-22T00:00:00.000Z""","20:57","""2026-07-22T20:57:00.000Z""","DFW","AGU",,,"archived","13","green","""2026-07-22T18:00:03.907Z""",,,,"status_unresolvable",,"""2026-07-23T00:30:00.714Z""",,,"Embraer 170","unknown","true","2","""2026-07-22T00:07:40.626Z""",
"739","AA4065","AA","""2026-07-22T00:00:00.000Z""","22:38","""2026-07-22T22:38:00.000Z""","DFW","CRP",,,"archived","14","green","""2026-07-22T18:00:04.347Z""",,,,"status_unresolvable",,"""2026-07-23T00:30:01.249Z""",,,"Embraer 175","unknown","true","2","""2026-07-22T00:07:40.630Z""",
"740","WN266","WN","""2026-07-22T00:00:00.000Z""","19:40","""2026-07-22T19:40:00.000Z""","ATL","STL",,,"archived","12","green","""2026-07-22T18:00:04.774Z""",,,,"status_unresolvable",,"""2026-07-23T00:30:01.742Z""",,,"Boeing 737","unknown","true","2","""2026-07-22T00:07:41.152Z""",
"741","DL1076","DL","""2026-07-22T00:00:00.000Z""","21:15","""2026-07-22T21:15:00.000Z""","ATL","MDW",,,"archived","14","green","""2026-07-22T18:00:05.210Z""",,,,"status_unresolvable",,"""2026-07-23T00:30:02.298Z""",,,"Airbus A319","unknown","true","2","""2026-07-22T00:07:41.156Z""",
"742","DL1268","DL","""2026-07-22T00:00:00.000Z""","22:52","""2026-07-22T22:52:00.000Z""","ATL","MKE",,,"archived","14","green","""2026-07-22T18:01:31.832Z""",,,,"status_unresolvable",,"""2026-07-23T00:30:38.787Z""",,,"Airbus A321","unknown","true","2","""2026-07-22T00:07:41.160Z""",
"743","AA236","AA","""2026-07-22T00:00:00.000Z""","19:30","""2026-07-22T19:30:00.000Z""","JFK","FCO",,,"archived","11","green","""2026-07-22T18:00:22.783Z""",,,,"EnRoute","0","""2026-07-23T00:30:12.990Z""",,,"Boeing 787-9","unknown","true","2","""2026-07-22T00:07:41.635Z""",
"744","LO27","LO","""2026-07-22T00:00:00.000Z""","22:20","""2026-07-22T22:20:00.000Z""","JFK","WAW",,,"archived","13","green","""2026-07-22T18:00:26.986Z""",,,,"status_unresolvable",,"""2026-07-23T00:30:13.280Z""",,"EC-OJL","Boeing 777-200","unknown","true","2","""2026-07-22T00:07:41.639Z""",
"745","WN2380","WN","""2026-07-22T00:00:00.000Z""","19:50","""2026-07-22T19:50:00.000Z""","LAX","AUS",,,"archived","19","green","""2026-07-22T18:00:30.243Z""",,,,"status_unresolvable",,"""2026-07-23T00:30:13.915Z""",,"N8513F","Boeing 737","unknown","true","2","""2026-07-22T00:07:42.164Z""",
"746","DL2986","DL","""2026-07-22T00:00:00.000Z""","21:40","""2026-07-22T21:40:00.000Z""","LAX","SFO",,,"archived","31","amber","""2026-07-22T18:00:37.842Z""",,,,"status_unresolvable",,"""2026-07-23T00:30:14.901Z""",,,"Boeing 737-900","unknown","true","2","""2026-07-22T00:07:42.253Z""",
"747","DL89","DL","""2026-07-22T00:00:00.000Z""","23:15","""2026-07-22T23:15:00.000Z""","LAX","HKG",,,"archived","19","green","""2026-07-22T18:00:43.330Z""",,,,"status_unresolvable",,"""2026-07-23T00:30:15.288Z""",,,"Airbus A350-900","unknown","true","2","""2026-07-22T00:07:42.257Z""",
"748","PD618","PD","""2026-07-22T00:00:00.000Z""","19:30","""2026-07-22T19:30:00.000Z""","BOS","YYZ",,,"archived","12","green","""2026-07-22T18:00:07.245Z""","""2026-07-22T00:09:56.512Z""",,,"status_unresolvable",,"""2026-07-23T00:30:03.728Z""",,,,"unknown","true","2","""2026-07-22T00:07:42.655Z""",
"749","DL5610","DL","""2026-07-22T00:00:00.000Z""","20:25","""2026-07-22T20:25:00.000Z""","BOS","PHL",,,"archived","19","green","""2026-07-22T18:00:12.584Z""","""2026-07-22T00:09:58.922Z""",,,"status_unresolvable",,"""2026-07-23T00:30:04.277Z""",,,"Embraer 175","unknown","true","2","""2026-07-22T00:07:42.660Z""",
"750","DL5704","DL","""2026-07-22T00:00:00.000Z""","21:48","""2026-07-22T21:48:00.000Z""","BOS","DCA",,,"archived","19","green","""2026-07-22T18:00:16.027Z""","""2026-07-22T00:10:02.527Z""",,,"status_unresolvable",,"""2026-07-23T00:30:04.719Z""",,,"Embraer 175","unknown","true","2","""2026-07-22T00:07:42.664Z""",
"751","UA2361","UA","""2026-07-22T00:00:00.000Z""","07:00","""2026-07-22T07:00:00.000Z""","ORD","LAX",,,"archived","12","green","""2026-07-22T18:02:27.312Z""",,,,"Arrived","0","""2026-07-23T00:30:56.059Z""",,"N94556","Airbus A321 NEO","unknown","true","2","""2026-07-22T06:28:04.077Z""",
"752","AA249","AA","""2026-07-22T00:00:00.000Z""","08:42","""2026-07-22T08:42:00.000Z""","ORD","MEX",,,"archived","7","green","""2026-07-22T18:00:06.213Z""",,,,"EnRoute","0","""2026-07-23T00:30:02.716Z""",,"N319TE","Boeing 737 MAX 8","unknown","true","2","""2026-07-22T06:28:04.099Z""",
"753","AA1949","AA","""2026-07-22T00:00:00.000Z""","07:10","""2026-07-22T07:10:00.000Z""","DFW","SFO",,,"archived","17","green","""2026-07-22T18:02:27.851Z""",,,,"Arrived","0","""2026-07-23T00:30:56.535Z""",,"N422AN","Airbus A321 NEO","unknown","true","2","""2026-07-22T06:28:04.103Z""",
"754","UA5684","UA","""2026-07-22T00:00:00.000Z""","10:25","""2026-07-22T10:25:00.000Z""","ORD","MSP",,,"archived","8","green","""2026-07-22T18:02:31.612Z""",,,,"Arrived","0","""2026-07-23T00:30:57.070Z""",,"N625UX","Embraer 175","unknown","true","2","""2026-07-22T06:28:04.105Z""",
"755","BW553","BW","""2026-07-22T00:00:00.000Z""","07:00","""2026-07-22T07:00:00.000Z""","JFK","SVD",,,"archived","6","green","""2026-07-22T18:02:33.427Z""",,,,"EnRoute","0","""2026-07-23T00:30:57.978Z""",,"9Y-SUR","Boeing 737 MAX 8","unknown","true","2","""2026-07-22T06:28:04.708Z""",
"756","DL5370","DL","""2026-07-22T00:00:00.000Z""","09:50","""2026-07-22T09:50:00.000Z""","JFK","ORF",,,"archived","7","green","""2026-07-22T18:02:34.588Z""",,,,"status_unresolvable",,"""2026-07-23T00:30:58.496Z""",,"N914XJ","Canadair CRJ 900","unknown","true","2","""2026-07-22T06:28:04.714Z""",
"757","AS668","AS","""2026-07-22T00:00:00.000Z""","07:00","""2026-07-22T07:00:00.000Z""","LAX","PDX",,,"archived","14","green","""2026-07-22T18:01:33.283Z""",,,,"Arrived","0","""2026-07-23T00:30:41.084Z""",,"N590AS","Boeing 737-800","unknown","true","2","""2026-07-22T06:28:05.219Z""",
"758","UA2039","UA","""2026-07-22T00:00:00.000Z""","09:00","""2026-07-22T09:00:00.000Z""","LAX","PIT",,,"archived","14","green","""2026-07-22T18:01:11.073Z""",,,,"Arrived","0","""2026-07-23T00:30:32.984Z""",,"N17329","Boeing 737 MAX 8","unknown","true","2","""2026-07-22T06:28:05.225Z""",
"759","DL895","DL","""2026-07-22T00:00:00.000Z""","12:40","""2026-07-22T12:40:00.000Z""","ATL","LAX",,,"archived","13","green","""2026-07-22T18:01:33.658Z""",,,,"Arrived","0","""2026-07-23T00:30:41.534Z""",,"N600DZ","Airbus A321 NEO","unknown","true","2","""2026-07-22T06:28:06.223Z""",
"760","AA2229","AA","""2026-07-22T00:00:00.000Z""","14:25","""2026-07-22T14:25:00.000Z""","DFW","OMA",,,"archived","10","green","""2026-07-22T18:01:34.181Z""",,,,"Arrived","0","""2026-07-23T00:30:42.062Z""",,,"Airbus A319","unknown","true","2","""2026-07-22T06:28:06.717Z""",
"761","UA5932","UA","""2026-07-22T00:00:00.000Z""","11:34","""2026-07-22T11:34:00.000Z""","ORD","ILM",,,"archived","10","green","""2026-07-22T18:01:41.620Z""",,,,"Arrived","0","""2026-07-23T00:30:42.667Z""",,"N140SY","Embraer 175","unknown","true","2","""2026-07-22T06:28:07.227Z""",
"762","KG5745","KG","""2026-07-22T00:00:00.000Z""","14:15","""2026-07-22T14:15:00.000Z""","ORD","MKG",,,"archived","10","green","""2026-07-22T18:01:42.030Z""",,,,"Arrived","0","""2026-07-23T00:30:43.056Z""",,,"Embraer RJ145","unknown","true","2","""2026-07-22T06:28:07.233Z""",
"763","DL2775","DL","""2026-07-22T00:00:00.000Z""","11:27","""2026-07-22T11:27:00.000Z""","JFK","MCO",,,"archived","8","green","""2026-07-22T18:01:42.420Z""",,,,"Arrived","0","""2026-07-23T00:30:43.548Z""",,"N574D","Airbus A321 NEO","unknown","true","2","""2026-07-22T06:28:07.699Z""",
"764","DL2343","DL","""2026-07-22T00:00:00.000Z""","12:59","""2026-07-22T12:59:00.000Z""","JFK","DTW",,,"archived","8","green","""2026-07-22T18:01:43.414Z""",,,,"Arrived","0","""2026-07-23T00:30:44.120Z""",,"N332NB","Airbus A319","unknown","true","2","""2026-07-22T06:28:07.704Z""",
"765","AF21","AF","""2026-07-22T00:00:00.000Z""","14:00","""2026-07-22T14:00:00.000Z""","LAX","CDG",,,"archived","17","green","""2026-07-22T18:01:43.769Z""",,,,"EnRoute","0","""2026-07-23T00:30:44.548Z""",,"F-GZND","Boeing 777-300","unknown","true","2","""2026-07-22T06:28:08.220Z""",
"766","DL5598","DL","""2026-07-22T00:00:00.000Z""","11:40","""2026-07-22T11:40:00.000Z""","BOS","CVG",,,"archived","8","green","""2026-07-22T18:01:45.657Z""",,,,"Arrived","0","""2026-07-23T00:30:45.205Z""",,"N214JQ","Embraer 175","unknown","true","2","""2026-07-22T06:28:08.693Z""",
"767","WN887","WN","""2026-07-22T00:00:00.000Z""","12:50","""2026-07-22T12:50:00.000Z""","BOS","DEN",,,"archived","8","green","""2026-07-22T18:01:46.028Z""",,,,"EnRoute","0","""2026-07-23T00:30:45.600Z""",,"N8515X","Boeing 737-800","unknown","true","2","""2026-07-22T06:28:08.699Z""",
"768","DL1206","DL","""2026-07-22T00:00:00.000Z""","15:29","""2026-07-22T15:29:00.000Z""","ATL","MKE",,,"archived","10","green","""2026-07-22T18:01:46.445Z""",,,,"Arrived","0","""2026-07-23T00:30:46.122Z""",,"N849DN","Boeing 737","unknown","true","2","""2026-07-22T06:28:09.229Z""",
"769","DL2211","DL","""2026-07-22T00:00:00.000Z""","16:48","""2026-07-22T16:48:00.000Z""","ATL","PNS",,,"archived","12","green","""2026-07-22T18:01:48.311Z""",,,,"Arrived","0","""2026-07-23T00:30:46.624Z""",,,"Boeing 737-900","unknown","true","2","""2026-07-22T06:28:09.233Z""",
"770","DL2035","DL","""2026-07-22T00:00:00.000Z""","18:00","""2026-07-22T18:00:00.000Z""","ATL","MCO",,,"archived","12","green","""2026-07-22T18:01:48.643Z""",,,,"Arrived","0","""2026-07-23T00:30:47.200Z""",,,"Airbus A321","unknown","true","2","""2026-07-22T06:28:09.237Z""",
"771","AA560","AA","""2026-07-22T00:00:00.000Z""","18:30","""2026-07-22T18:30:00.000Z""","DFW","CLE",,,"archived","12","green","""2026-07-22T18:01:51.626Z""",,,,"EnRoute","0","""2026-07-23T00:30:47.928Z""",,,"Boeing 737-800","unknown","true","2","""2026-07-22T06:28:09.703Z""",
"772","AC508","AC","""2026-07-22T00:00:00.000Z""","15:45","""2026-07-22T15:45:00.000Z""","ORD","YYZ",,,"archived","10","green","""2026-07-22T18:01:53.752Z""",,,,"Arrived","0","""2026-07-23T00:30:48.469Z""",,"C-GMZR","Airbus A220-300","unknown","true","2","""2026-07-22T06:28:10.240Z""",
"773","AA3717","AA","""2026-07-22T00:00:00.000Z""","17:00","""2026-07-22T17:00:00.000Z""","ORD","MSN",,,"archived","10","green","""2026-07-22T18:01:57.105Z""",,,,"Cancelled","0","""2026-07-23T00:30:49.271Z""",,,"Embraer 175","unknown","true","2","""2026-07-22T06:28:10.243Z""",
"774","DL148","DL","""2026-07-22T00:00:00.000Z""","17:05","""2026-07-22T17:05:00.000Z""","JFK","MLA",,,"archived","9","green","""2026-07-22T18:01:57.403Z""",,,,"EnRoute","0","""2026-07-23T00:30:49.646Z""",,,"Boeing 767-300","unknown","true","2","""2026-07-22T06:28:10.699Z""",
"775","UA1170","UA","""2026-07-22T00:00:00.000Z""","17:05","""2026-07-22T17:05:00.000Z""","LAX","HNL",,,"archived","17","green","""2026-07-22T18:01:57.919Z""",,,,"status_unresolvable",,"""2026-07-23T00:30:50.112Z""",,,"Boeing 777","unknown","true","2","""2026-07-22T06:28:11.217Z""",
"776","DL1287","DL","""2026-07-22T00:00:00.000Z""","18:35","""2026-07-22T18:35:00.000Z""","LAX","IAH",,,"archived","19","green","""2026-07-22T18:01:59.191Z""",,,,"status_unresolvable",,"""2026-07-23T00:30:50.582Z""",,,"Airbus A319","unknown","true","2","""2026-07-22T06:28:11.221Z""",
"777","WN4106","WN","""2026-07-22T00:00:00.000Z""","15:45","""2026-07-22T15:45:00.000Z""","BOS","MDW",,,"archived","10","green","""2026-07-22T18:02:01.335Z""",,,,"Arrived","0","""2026-07-23T00:30:51.130Z""",,"N8678E","Boeing 737-800","unknown","true","2","""2026-07-22T06:28:11.694Z""",
"778","UA3543","UA","""2026-07-22T00:00:00.000Z""","18:05","""2026-07-22T18:05:00.000Z""","BOS","IAD",,,"archived","12","green","""2026-07-22T18:02:02.557Z""",,,,"status_unresolvable",,"""2026-07-23T00:30:51.638Z""",,,"Embraer 175","unknown","true","2","""2026-07-22T06:28:11.698Z""",
"779","DL357","DL","""2026-07-22T00:00:00.000Z""","19:40","""2026-07-22T19:40:00.000Z""","ATL","PDX",,,"archived","12","green","""2026-07-22T18:02:02.892Z""",,,,"EnRoute","0","""2026-07-23T00:30:52.104Z""",,,"Boeing 737-900","unknown","true","2","""2026-07-22T06:28:12.209Z""",
"780","DL2416","DL","""2026-07-22T00:00:00.000Z""","21:15","""2026-07-22T21:15:00.000Z""","ATL","YUL",,,"archived","16","green","""2026-07-22T18:02:05.225Z""",,,,"status_unresolvable",,"""2026-07-23T00:30:52.926Z""",,,"Airbus A321","unknown","true","2","""2026-07-22T06:28:12.213Z""",
"781","AA531","AA","""2026-07-22T00:00:00.000Z""","22:38","""2026-07-22T22:38:00.000Z""","DFW","TUL",,,"archived","14","green","""2026-07-22T18:02:05.934Z""",,,,"status_unresolvable",,"""2026-07-23T00:30:53.441Z""",,,"Boeing 737","unknown","true","2","""2026-07-22T06:28:12.746Z""",
"782","UA5768","UA","""2026-07-22T00:00:00.000Z""","19:45","""2026-07-22T19:45:00.000Z""","ORD","MSN",,,"archived","12","green","""2026-07-22T18:02:06.801Z""",,,,"status_unresolvable",,"""2026-07-23T00:30:54.184Z""",,,"Embraer 175","unknown","true","2","""2026-07-22T06:28:13.202Z""",
"783","UA5336","UA","""2026-07-22T00:00:00.000Z""","22:00","""2026-07-22T22:00:00.000Z""","ORD","COU",,,"archived","14","green","""2026-07-22T18:02:09.632Z""",,,,"status_unresolvable",,"""2026-07-23T00:30:54.554Z""",,,,"unknown","true","2","""2026-07-22T06:28:13.207Z""",
"784","EK206","EK","""2026-07-22T00:00:00.000Z""","22:20","""2026-07-22T22:20:00.000Z""","JFK","MXP",,,"archived","13","green","""2026-07-22T18:02:11.904Z""",,,,"status_unresolvable",,"""2026-07-23T00:30:54.963Z""",,,"Airbus A380-800","unknown","true","2","""2026-07-22T06:28:14.079Z""",
"785","AA2114","AA","""2026-07-22T00:00:00.000Z""","07:15","""2026-07-22T07:15:00.000Z""","DFW","MEM",,,"archived","7","green","""2026-07-22T18:00:06.893Z""",,,,"Arrived","0","""2026-07-23T00:30:03.229Z""",,"N710UW","Airbus A319","unknown","true","2","""2026-07-22T12:28:09.389Z""",
"786","AA1916","AA","""2026-07-22T00:00:00.000Z""","08:35","""2026-07-22T08:35:00.000Z""","DFW","IAH",,,"archived","7","green","""2026-07-22T18:00:18.744Z""",,,,"Arrived","0","""2026-07-23T00:30:09.143Z""",,"N990NN","Boeing 737-800","unknown","true","2","""2026-07-22T12:28:09.404Z""",
"787","AA1998","AA","""2026-07-22T00:00:00.000Z""","10:01","""2026-07-22T10:01:00.000Z""","DFW","JAX",,,"archived","8","green","""2026-07-22T18:00:19.449Z""",,,,"Arrived","0","""2026-07-23T00:30:11.601Z""",,"N894NN","Boeing 737-800","unknown","true","2","""2026-07-22T12:28:09.410Z""",
"788","AA3489","AA","""2026-07-22T00:00:00.000Z""","07:06","""2026-07-22T07:06:00.000Z""","ORD","CVG",,,"archived","75","red","""2026-07-22T18:00:50.283Z""","""2026-07-22T14:29:32.696Z""","""2026-07-22T14:29:32.696Z""",,"Cancelled","0","""2026-07-23T00:30:19.012Z""",,,"Embraer 170","unknown","true","2","""2026-07-22T12:28:09.431Z""",
"789","UA4537","UA","""2026-07-22T00:00:00.000Z""","08:40","""2026-07-22T08:40:00.000Z""","ORD","GRB",,,"archived","7","green","""2026-07-22T18:00:50.702Z""",,,,"Arrived","0","""2026-07-23T00:30:19.575Z""",,"N578GJ","Canadair CRJ 700","unknown","true","2","""2026-07-22T12:28:09.439Z""",
"790","AA388","AA","""2026-07-22T00:00:00.000Z""","10:20","""2026-07-22T10:20:00.000Z""","ORD","LGA",,,"archived","13","green","""2026-07-22T18:00:51.173Z""",,,,"Arrived","0","""2026-07-23T00:30:20.129Z""",,"N326VN","Boeing 737 MAX 8","unknown","true","2","""2026-07-22T12:28:09.446Z""",
"791","UA703","UA","""2026-07-22T00:00:00.000Z""","07:00","""2026-07-22T07:00:00.000Z""","LAX","DEN",,,"archived","14","green","""2026-07-22T18:00:51.594Z""",,,,"Arrived","0","""2026-07-23T00:30:20.529Z""",,"N37474","Boeing 737-900","unknown","true","2","""2026-07-22T12:28:10.781Z""",
"792","WN2397","WN","""2026-07-22T00:00:00.000Z""","09:00","""2026-07-22T09:00:00.000Z""","LAX","HNL",,,"archived","14","green","""2026-07-22T18:00:52.159Z""",,,,"Arrived","0","""2026-07-23T00:30:22.035Z""",,"N8759Q","Boeing 737 MAX 8","unknown","true","2","""2026-07-22T12:28:10.787Z""",
"793","MQ3814","MQ","""2026-07-22T00:00:00.000Z""","07:00","""2026-07-22T07:00:00.000Z""","BOS","STL",,,"archived","7","green","""2026-07-22T18:00:52.679Z""",,,,"Arrived","0","""2026-07-23T00:30:22.347Z""",,"N246NN","Embraer 175","unknown","true","2","""2026-07-22T12:28:11.302Z""",
"794","AA4635","AA","""2026-07-22T00:00:00.000Z""","08:36","""2026-07-22T08:36:00.000Z""","BOS","SYR",,,"archived","7","green","""2026-07-22T18:00:53.832Z""",,,,"Arrived","0","""2026-07-23T00:30:22.874Z""",,"N116HQ","Embraer 175","unknown","true","2","""2026-07-22T12:28:11.317Z""",
"795","UA1270","UA","""2026-07-22T00:00:00.000Z""","08:45","""2026-07-22T08:45:00.000Z""","ORD","PUJ",,,"archived","7","green","""2026-07-22T18:00:54.222Z""",,,,"EnRoute","0","""2026-07-23T00:30:23.926Z""",,"N17599","Boeing 737 MAX 9","unknown","true","2","""2026-07-22T12:28:12.286Z""",
"796","DL483","DL","""2026-07-22T00:00:00.000Z""","11:19","""2026-07-22T11:19:00.000Z""","ATL","BUR",,,"archived","8","green","""2026-07-22T18:00:56.476Z""",,,,"Arrived","0","""2026-07-23T00:30:24.468Z""",,"N334DU","Airbus A220-300","unknown","true","2","""2026-07-22T12:28:12.769Z""",
"797","UA1226","UA","""2026-07-22T00:00:00.000Z""","12:39","""2026-07-22T12:39:00.000Z""","ATL","EWR",,,"archived","8","green","""2026-07-22T18:00:58.204Z""",,,,"Arrived","0","""2026-07-23T00:30:24.927Z""",,"N877UA","Airbus A319","unknown","true","2","""2026-07-22T12:28:12.778Z""",
"798","UA5371","UA","""2026-07-22T00:00:00.000Z""","12:55","""2026-07-22T12:55:00.000Z""","LAX","SLC",,,"archived","15","green","""2026-07-22T18:00:58.584Z""",,,,"Arrived","0","""2026-07-23T00:30:26.224Z""",,,"Embraer 175","unknown","true","2","""2026-07-22T12:28:13.762Z""",
"799","WN3038","WN","""2026-07-22T00:00:00.000Z""","11:35","""2026-07-22T11:35:00.000Z""","BOS","BWI",,,"archived","10","green","""2026-07-22T18:00:59.022Z""",,,,"Arrived","0","""2026-07-23T00:30:27.107Z""",,"N878Q","Boeing 737 MAX 8","unknown","true","2","""2026-07-22T12:28:14.260Z""",
"800","AA4375","AA","""2026-07-22T00:00:00.000Z""","14:04","""2026-07-22T14:04:00.000Z""","BOS","LGA",,,"archived","15","green","""2026-07-22T18:01:00.317Z""",,,,"Arrived","0","""2026-07-23T00:30:27.533Z""",,"N131HQ","Embraer 175","unknown","true","2","""2026-07-22T12:28:14.268Z""",
"801","AA2186","AA","""2026-07-22T00:00:00.000Z""","18:30","""2026-07-22T18:30:00.000Z""","DFW","MCO",,,"archived","12","green","""2026-07-22T18:01:01.937Z""",,,,"EnRoute","0","""2026-07-23T00:30:27.896Z""",,,"Airbus A321","unknown","true","2","""2026-07-22T12:28:14.763Z""",
"802","AA6245","AA","""2026-07-22T00:00:00.000Z""","15:45","""2026-07-22T15:45:00.000Z""","ORD","LEX",,,"archived","10","green","""2026-07-22T18:01:02.592Z""",,,,"Arrived","0","""2026-07-23T00:30:29.052Z""",,,"Canadair reg jet 700","unknown","true","2","""2026-07-22T12:28:15.275Z""",
"803","AA3458","AA","""2026-07-22T00:00:00.000Z""","17:00","""2026-07-22T17:00:00.000Z""","ORD","CID",,,"archived","10","green","""2026-07-22T18:01:02.940Z""",,,,"Cancelled","0","""2026-07-23T00:30:29.404Z""",,,"Embraer 175","unknown","true","2","""2026-07-22T12:28:15.282Z""",
"804","DL2459","DL","""2026-07-22T00:00:00.000Z""","17:01","""2026-07-22T17:01:00.000Z""","LAX","PDX",,,"archived","17","green","""2026-07-22T18:01:07.036Z""",,,,"EnRoute","0","""2026-07-23T00:30:30.949Z""",,"N327NB","Airbus A319","unknown","true","2","""2026-07-22T12:28:16.760Z""",
"805","DL692","DL","""2026-07-22T00:00:00.000Z""","18:32","""2026-07-22T18:32:00.000Z""","LAX","AUS",,,"archived","19","green","""2026-07-22T18:01:07.345Z""",,,,"status_unresolvable",,"""2026-07-23T00:30:31.593Z""",,,"Boeing 737-800","unknown","true","2","""2026-07-22T12:28:16.765Z""",
"806","AA3309","AA","""2026-07-22T00:00:00.000Z""","17:05","""2026-07-22T17:05:00.000Z""","BOS","PHL",,,"archived","15","green","""2026-07-22T18:01:10.668Z""",,,,"Arrived","0","""2026-07-23T00:30:32.006Z""",,,"Boeing 737-800","unknown","true","2","""2026-07-22T12:28:17.274Z""",
"807","UA1325","UA","""2026-07-22T00:00:00.000Z""","19:45","""2026-07-22T19:45:00.000Z""","ORD","DSM",,,"archived","12","green","""2026-07-22T18:01:11.539Z""",,,,"status_unresolvable",,"""2026-07-23T00:30:33.751Z""",,,"Boeing 737-900","unknown","true","2","""2026-07-22T12:28:18.282Z""",
"808","UA5539","UA","""2026-07-22T00:00:00.000Z""","22:00","""2026-07-22T22:00:00.000Z""","ORD","MLI",,,"archived","14","green","""2026-07-22T18:01:12.224Z""",,,,"status_unresolvable",,"""2026-07-23T00:30:34.114Z""",,,"Embraer 175","unknown","true","2","""2026-07-22T12:28:18.289Z""",
"809","DL1104","DL","""2026-07-22T00:00:00.000Z""","21:15","""2026-07-22T21:15:00.000Z""","ATL","DAL",,,"archived","14","green","""2026-07-22T18:01:12.901Z""",,,,"status_unresolvable",,"""2026-07-23T00:30:34.593Z""",,,"Boeing 717-200","unknown","true","2","""2026-07-22T12:28:18.773Z""",
"810","DL2810","DL","""2026-07-22T00:00:00.000Z""","22:49","""2026-07-22T22:49:00.000Z""","ATL","DAB",,,"archived","14","green","""2026-07-22T18:01:13.294Z""",,,,"status_unresolvable",,"""2026-07-23T00:30:35.077Z""",,,"Boeing 737-900","unknown","true","2","""2026-07-22T12:28:18.780Z""",
"811","BA172","BA","""2026-07-22T00:00:00.000Z""","20:55","""2026-07-22T20:55:00.000Z""","JFK","LHR",,,"archived","14","green","""2026-07-22T18:01:13.812Z""",,,,"status_unresolvable",,"""2026-07-23T00:30:35.661Z""",,,"Boeing 777","unknown","true","2","""2026-07-22T12:28:19.269Z""",
"812","AA2199","AA","""2026-07-22T00:00:00.000Z""","21:41","""2026-07-22T21:41:00.000Z""","LAX","CLT",,,"archived","23","green","""2026-07-22T18:01:14.575Z""",,,,"status_unresolvable",,"""2026-07-23T00:30:36.475Z""",,,"Airbus A321","unknown","true","2","""2026-07-22T12:28:19.760Z""",
"813","VS24","VS","""2026-07-22T00:00:00.000Z""","23:15","""2026-07-22T23:15:00.000Z""","LAX","LHR",,,"archived","20","green","""2026-07-22T18:00:44.207Z""",,,,"status_unresolvable",,"""2026-07-23T00:30:16.821Z""",,,"Boeing 787-9","unknown","true","2","""2026-07-22T12:28:19.765Z""",
"814","KL618","KL","""2026-07-22T00:00:00.000Z""","20:25","""2026-07-22T20:25:00.000Z""","BOS","AMS",,,"archived","14","green","""2026-07-22T18:00:44.679Z""",,,,"status_unresolvable",,"""2026-07-23T00:30:17.681Z""",,,"Airbus A330-300","unknown","true","2","""2026-07-22T12:28:20.275Z""",
"815","AF331","AF","""2026-07-22T00:00:00.000Z""","21:45","""2026-07-22T21:45:00.000Z""","BOS","CDG",,,"archived","14","green","""2026-07-22T18:00:45.489Z""",,,,"status_unresolvable",,"""2026-07-23T00:30:18.072Z""",,,"Airbus A350-900","unknown","true","2","""2026-07-22T12:28:20.283Z""",
"816","AA2899","AA","""2026-07-23T00:00:00.000Z""","07:10","""2026-07-23T07:10:00.000Z""","DFW","OMA",,,"active","7","green","""2026-07-23T23:32:01.931Z""",,,,"Arrived","0","""2026-07-24T09:48:19.910Z""",,"N805NN","Boeing 737-800","unknown","true","2","""2026-07-23T00:28:24.625Z""",
"817","AA3167","AA","""2026-07-23T00:00:00.000Z""","08:53","""2026-07-23T08:53:00.000Z""","DFW","GRR",,,"active","7","green","""2026-07-23T23:31:17.721Z""",,,,"Arrived","0","""2026-07-24T09:47:57.608Z""",,"N964NN","Boeing 737-800","unknown","true","2","""2026-07-23T00:28:24.637Z""",
"818","AA2736","AA","""2026-07-23T00:00:00.000Z""","10:15","""2026-07-23T10:15:00.000Z""","DFW","STS",,,"active","8","green","""2026-07-23T23:32:02.975Z""",,,,"status_unresolvable",,"""2026-07-24T09:48:20.412Z""",,"N754UW","Airbus A319","unknown","true","2","""2026-07-23T00:28:24.642Z""",
"819","UA1336","UA","""2026-07-23T00:00:00.000Z""","07:00","""2026-07-23T07:00:00.000Z""","ORD","AUS",,,"active","7","green","""2026-07-23T23:31:22.769Z""",,,,"Arrived","0","""2026-07-24T09:48:00.601Z""",,"N17321","Boeing 737 MAX 8","unknown","true","2","""2026-07-23T00:28:25.004Z""",
"820","AA249","AA","""2026-07-23T00:00:00.000Z""","08:42","""2026-07-23T08:42:00.000Z""","ORD","MEX",,,"active","7","green","""2026-07-23T23:31:23.630Z""",,,,"EnRoute","0","""2026-07-24T09:48:01.109Z""",,"N320VG","Boeing 737 MAX 8","unknown","true","2","""2026-07-23T00:28:25.011Z""",
"821","UA1850","UA","""2026-07-23T00:00:00.000Z""","10:25","""2026-07-23T10:25:00.000Z""","ORD","MSY",,,"active","8","green","""2026-07-23T23:31:24.578Z""",,,,"Arrived","0","""2026-07-24T09:48:01.617Z""",,"N39416","Boeing 737-900","unknown","true","2","""2026-07-23T00:28:25.019Z""",
"822","BW423","BW","""2026-07-23T00:00:00.000Z""","07:00","""2026-07-23T07:00:00.000Z""","JFK","TAB",,,"active","11","green","""2026-07-23T23:32:04.297Z""",,,,"EnRoute","0","""2026-07-24T09:48:20.894Z""",,"9Y-CAL","Boeing 737-800","unknown","true","2","""2026-07-23T00:28:26.359Z""",
"823","DL1994","DL","""2026-07-23T00:00:00.000Z""","08:20","""2026-07-23T08:20:00.000Z""","JFK","PUJ",,,"active","12","green","""2026-07-23T23:31:25.788Z""",,,,"EnRoute","0","""2026-07-24T09:48:02.618Z""",,"N549DN","Airbus A321 NEO","unknown","true","2","""2026-07-23T00:28:26.367Z""",
"824","UA1798","UA","""2026-07-23T00:00:00.000Z""","07:00","""2026-07-23T07:00:00.000Z""","LAX","HNL",,,"active","9","green","""2026-07-23T23:31:26.678Z""",,,,"Arrived","0","""2026-07-24T09:48:03.420Z""",,"N17550","Boeing 737 MAX 9","unknown","true","2","""2026-07-23T00:28:26.587Z""",
"825","UA1084","UA","""2026-07-23T00:00:00.000Z""","09:00","""2026-07-23T09:00:00.000Z""","LAX","CLE",,,"active","7","green","""2026-07-23T23:31:27.645Z""",,,,"Arrived","0","""2026-07-24T09:48:03.731Z""",,"N27258","Boeing 737-800","unknown","true","2","""2026-07-23T00:28:26.593Z""",
"826","AA3164","AA","""2026-07-23T00:00:00.000Z""","10:16","""2026-07-23T10:16:00.000Z""","LAX","PHL",,,"active","13","green","""2026-07-23T23:31:28.590Z""",,,,"Arrived","0","""2026-07-24T09:48:04.285Z""",,"N430AN","Airbus A321 NEO","unknown","true","2","""2026-07-23T00:28:26.598Z""",
"827","DL5703","DL","""2026-07-23T00:00:00.000Z""","06:35","""2026-07-23T06:35:00.000Z""","BOS","BWI",,,"active","7","green","""2026-07-23T23:31:29.671Z""",,,,"Arrived","0","""2026-07-24T09:48:04.756Z""",,"N209JQ","Embraer 175","unknown","true","2","""2026-07-23T00:28:27.000Z""",
"828","PD616","PD","""2026-07-23T00:00:00.000Z""","10:05","""2026-07-23T10:05:00.000Z""","BOS","YYZ",,,"active","8","green","""2026-07-23T23:31:39.957Z""",,,,"Arrived","0","""2026-07-24T09:48:09.213Z""",,"C-GZQK","E295","unknown","true","2","""2026-07-23T00:28:27.006Z""",
"829","AA1743","AA","""2026-07-23T00:00:00.000Z""","11:40","""2026-07-23T11:40:00.000Z""","ORD","PHL",,,"active","13","green","""2026-07-23T23:31:40.957Z""",,,,"Arrived","0","""2026-07-24T09:48:09.772Z""",,"N807AA","Boeing 787-8","unknown","true","2","""2026-07-23T00:28:28.050Z""",
"830","DL1564","DL","""2026-07-23T00:00:00.000Z""","13:00","""2026-07-23T13:00:00.000Z""","ORD","SEA",,,"active","8","green","""2026-07-23T23:31:41.963Z""",,,,"Arrived","0","""2026-07-24T09:48:10.258Z""",,"N399DA","Boeing 737-800","unknown","true","2","""2026-07-23T00:28:28.055Z""",
"831","KG5745","KG","""2026-07-23T00:00:00.000Z""","14:15","""2026-07-23T14:15:00.000Z""","ORD","MKG",,,"active","10","green","""2026-07-23T23:31:42.961Z""",,,,"Arrived","0","""2026-07-24T09:48:10.760Z""",,"N977DC","Embraer 145","unknown","true","2","""2026-07-23T00:28:28.061Z""",
"832","DL3507","DL","""2026-07-23T00:00:00.000Z""","11:21","""2026-07-23T11:21:00.000Z""","ATL","SHV",,,"active","8","green","""2026-07-23T23:31:44.411Z""",,,,"Arrived","0","""2026-07-24T09:48:11.284Z""",,"N271SY","Embraer 175","unknown","true","2","""2026-07-23T00:28:28.533Z""",
"833","DL895","DL","""2026-07-23T00:00:00.000Z""","12:40","""2026-07-23T12:40:00.000Z""","ATL","LAX",,,"active","8","green","""2026-07-23T23:31:45.343Z""",,,,"Arrived","0","""2026-07-24T09:48:11.729Z""",,"N604DN","Airbus A321 NEO","unknown","true","2","""2026-07-23T00:28:28.539Z""",
"834","WN194","WN","""2026-07-23T00:00:00.000Z""","14:10","""2026-07-23T14:10:00.000Z""","ATL","DAL",,,"active","10","green","""2026-07-23T23:31:46.580Z""",,,,"Arrived","0","""2026-07-24T09:48:12.251Z""",,"N431WN","Boeing 737-700","unknown","true","2","""2026-07-23T00:28:28.544Z""",
"835","DL2775","DL","""2026-07-23T00:00:00.000Z""","11:27","""2026-07-23T11:27:00.000Z""","JFK","MCO",,,"active","13","green","""2026-07-23T23:31:47.487Z""",,,,"Arrived","0","""2026-07-24T09:48:12.721Z""",,"N578DN","Airbus A321 NEO","unknown","true","2","""2026-07-23T00:28:28.982Z""",
"836","AA4658","AA","""2026-07-23T00:00:00.000Z""","12:59","""2026-07-23T12:59:00.000Z""","JFK","RDU",,,"active","18","green","""2026-07-23T23:31:48.908Z""",,,,"Arrived","0","""2026-07-24T09:48:13.299Z""",,"N414YX","Embraer 175","unknown","true","2","""2026-07-23T00:28:28.991Z""",
"837","UA1074","UA","""2026-07-23T00:00:00.000Z""","11:35","""2026-07-23T11:35:00.000Z""","BOS","SFO",,,"active","23","green","""2026-07-23T23:33:11.222Z""",,,,"Arrived","0","""2026-07-24T09:49:35.281Z""",,"N37510","Boeing 737","unknown","true","2","""2026-07-23T00:28:29.978Z""",
"838","AA4008","AA","""2026-07-23T00:00:00.000Z""","15:43","""2026-07-23T15:43:00.000Z""","DFW","LIT",,,"active","10","green","""2026-07-23T23:31:50.015Z""",,,,"Cancelled","0","""2026-07-24T09:48:13.773Z""",,,"Embraer 175","unknown","true","2","""2026-07-23T00:28:30.499Z""",
"839","AA3274","AA","""2026-07-23T00:00:00.000Z""","16:58","""2026-07-23T16:58:00.000Z""","DFW","XNA",,,"active","10","green","""2026-07-23T23:31:50.969Z""",,,,"Arrived","0","""2026-07-24T09:48:14.295Z""",,"N9021H","Airbus A319","unknown","true","2","""2026-07-23T00:28:30.505Z""",
"840","AA499","AA","""2026-07-23T00:00:00.000Z""","18:30","""2026-07-23T18:30:00.000Z""","DFW","SAT",,,"active","12","green","""2026-07-23T23:31:52.082Z""",,,,"Arrived","0","""2026-07-24T09:48:14.789Z""",,"N12028","Airbus A319","unknown","true","2","""2026-07-23T00:28:30.510Z""",
"841","UA5584","UA","""2026-07-23T00:00:00.000Z""","15:46","""2026-07-23T15:46:00.000Z""","ORD","PIT",,,"active","10","green","""2026-07-23T23:31:53.042Z""",,,,"Arrived","0","""2026-07-24T09:48:15.546Z""",,"N134SY","Embraer 175","unknown","true","2","""2026-07-23T00:28:30.992Z""",
"842","AA3458","AA","""2026-07-23T00:00:00.000Z""","17:00","""2026-07-23T17:00:00.000Z""","ORD","CID",,,"active","10","green","""2026-07-23T23:32:57.898Z""",,,,"Cancelled","0","""2026-07-24T09:48:30.422Z""",,,"Embraer 175","unknown","true","2","""2026-07-23T00:28:30.999Z""",
"843","UA987","UA","""2026-07-23T00:00:00.000Z""","18:10","""2026-07-23T18:10:00.000Z""","ORD","CDG",,,"active","12","green","""2026-07-23T23:31:54.787Z""",,,,"status_unresolvable",,"""2026-07-24T09:48:15.888Z""",,"N16008","Boeing 787-10","unknown","true","2","""2026-07-23T00:28:31.003Z""",
"844","DL771","DL","""2026-07-23T00:00:00.000Z""","17:05","""2026-07-23T17:05:00.000Z""","JFK","LAX",,,"active","15","green","""2026-07-23T23:31:55.620Z""",,,,"Arrived","0","""2026-07-24T09:48:16.374Z""",,"N826MH","Boeing 767-400","unknown","true","2","""2026-07-23T00:28:31.996Z""",
"845","BA282","BA","""2026-07-23T00:00:00.000Z""","15:50","""2026-07-23T15:50:00.000Z""","LAX","LHR",,,"active","10","green","""2026-07-23T23:31:56.774Z""",,,,"Delayed","0","""2026-07-24T09:48:16.840Z""",,"G-STBA","Boeing 777-300","unknown","true","2","""2026-07-23T00:28:32.481Z""",
"846","UA2221","UA","""2026-07-23T00:00:00.000Z""","17:05","""2026-07-23T17:05:00.000Z""","LAX","OGG",,,"active","12","green","""2026-07-23T23:31:58.946Z""",,,,"EnRoute","0","""2026-07-24T09:48:17.881Z""",,"N17326","Boeing 737 MAX 8","unknown","true","2","""2026-07-23T00:28:32.485Z""",
"847","AA4905","AA","""2026-07-23T00:00:00.000Z""","18:30","""2026-07-23T18:30:00.000Z""","LAX","ELP",,,"active","12","green","""2026-07-23T23:32:00.093Z""",,,,"Arrived","0","""2026-07-24T09:48:18.340Z""",,,"Canadair reg jet 700","unknown","true","2","""2026-07-23T00:28:32.490Z""",
"848","DL1655","DL","""2026-07-23T00:00:00.000Z""","17:05","""2026-07-23T17:05:00.000Z""","BOS","SFO",,,"active","25","amber","""2026-07-23T23:32:11.904Z""",,,,"Arrived","0","""2026-07-24T09:48:22.910Z""",,"N507DZ","Airbus A321 NEO","unknown","true","2","""2026-07-23T00:28:33.017Z""",
"849","DL5831","DL","""2026-07-23T00:00:00.000Z""","18:00","""2026-07-23T18:00:00.000Z""","BOS","LGA",,,"active","12","green","""2026-07-23T23:31:30.852Z""",,,,"Arrived","0","""2026-07-24T09:48:05.264Z""",,"N209JQ","Embraer 175","unknown","true","2","""2026-07-23T00:28:33.022Z""",
"850","AA1465","AA","""2026-07-23T00:00:00.000Z""","20:59","""2026-07-23T20:59:00.000Z""","ORD","LAS",,,"active","14","green","""2026-07-23T23:31:32.017Z""",,,,"Arrived","0","""2026-07-24T09:48:05.762Z""",,,"Boeing 737-800","unknown","true","2","""2026-07-23T00:28:33.985Z""",
"851","UA5124","UA","""2026-07-23T00:00:00.000Z""","21:55","""2026-07-23T21:55:00.000Z""","ORD","EAU",,,"active","14","green","""2026-07-23T23:31:33.250Z""",,,,"EnRoute","0","""2026-07-24T09:48:06.231Z""",,,"Bombardier CRJ","unknown","true","2","""2026-07-23T00:28:33.994Z""",
"852","DL495","DL","""2026-07-23T00:00:00.000Z""","19:47","""2026-07-23T19:47:00.000Z""","ATL","SFO",,,"active","27","amber","""2026-07-23T23:31:34.394Z""",,,,"Arrived","0","""2026-07-24T09:48:06.740Z""",,"N552DT","Airbus A321 NEO","unknown","true","2","""2026-07-23T00:28:34.580Z""",
"853","DL2269","DL","""2026-07-23T00:00:00.000Z""","21:15","""2026-07-23T21:15:00.000Z""","ATL","BOS",,,"active","14","green","""2026-07-23T23:31:35.535Z""",,,,"Arrived","0","""2026-07-24T09:48:07.288Z""",,,"Airbus A321","unknown","true","2","""2026-07-23T00:28:34.585Z""",
"854","DL2911","DL","""2026-07-23T00:00:00.000Z""","22:48","""2026-07-23T22:48:00.000Z""","ATL","MCI",,,"active","14","green","""2026-07-23T23:31:36.411Z""",,,,"Arrived","0","""2026-07-24T09:48:07.750Z""",,,"Boeing 737-900","unknown","true","2","""2026-07-23T00:28:34.590Z""",
"855","DL5394","DL","""2026-07-23T00:00:00.000Z""","22:29","""2026-07-23T22:29:00.000Z""","JFK","ITH",,,"active","19","green","""2026-07-23T23:31:37.982Z""",,,,"Arrived","0","""2026-07-24T09:48:08.256Z""",,"N918XJ","Bombardier CRJ900","unknown","true","2","""2026-07-23T00:28:34.986Z""",
"856","PD618","PD","""2026-07-23T00:00:00.000Z""","19:30","""2026-07-23T19:30:00.000Z""","BOS","YYZ",,,"active","12","green","""2026-07-23T23:31:38.935Z""",,,,"Arrived","0","""2026-07-24T09:48:08.746Z""",,"C-GKQM","Embraer 195","unknown","true","2","""2026-07-23T00:28:35.984Z""",
"857","UA2060","UA","""2026-07-23T00:00:00.000Z""","20:27","""2026-07-23T20:27:00.000Z""","BOS","EWR",,,"active","14","green","""2026-07-23T23:32:00.987Z""",,,,"Arrived","0","""2026-07-24T09:48:18.870Z""",,,"Airbus A319","unknown","true","2","""2026-07-23T00:28:35.989Z""",
"858","DL5704","DL","""2026-07-23T00:00:00.000Z""","21:48","""2026-07-23T21:48:00.000Z""","BOS","DCA",,,"active","14","green","""2026-07-23T23:33:05.350Z""",,,,"Arrived","0","""2026-07-24T09:48:32.599Z""",,,"Embraer 175","unknown","true","2","""2026-07-23T00:28:35.993Z""",
"859","AA1949","AA","""2026-07-23T00:00:00.000Z""","07:10","""2026-07-23T07:10:00.000Z""","DFW","SFO",,,"active","22","green","""2026-07-23T23:31:13.454Z""",,,,"Arrived","0","""2026-07-24T09:47:54.682Z""",,"N400AN","Airbus A321","unknown","true","2","""2026-07-23T06:00:00.487Z""",
"860","AA2140","AA","""2026-07-23T00:00:00.000Z""","10:15","""2026-07-23T10:15:00.000Z""","DFW","MRY",,,"active","8","green","""2026-07-23T23:33:59.222Z""",,,,"Arrived","0","""2026-07-24T09:48:54.955Z""",,"N323VK","Boeing 737 MAX 8","unknown","true","2","""2026-07-23T06:00:00.540Z""",
"861","AA1902","AA","""2026-07-23T00:00:00.000Z""","07:00","""2026-07-23T07:00:00.000Z""","ORD","DFW",,,"active","7","green","""2026-07-23T23:34:00.298Z""",,,,"Arrived","0","""2026-07-24T09:48:56.428Z""",,"N560UW","Airbus A321","unknown","true","2","""2026-07-23T06:00:00.840Z""",
"862","UA5589","UA","""2026-07-23T00:00:00.000Z""","10:25","""2026-07-23T10:25:00.000Z""","ORD","OMA",,,"active","8","green","""2026-07-23T23:34:01.959Z""",,,,"Arrived","0","""2026-07-24T09:48:56.811Z""",,"N157SY","Embraer 175","unknown","true","2","""2026-07-23T06:00:00.846Z""",
"863","DL607","DL","""2026-07-23T00:00:00.000Z""","07:00","""2026-07-23T07:00:00.000Z""","JFK","LAS",,,"active","12","green","""2026-07-23T23:34:03.136Z""",,,,"Arrived","0","""2026-07-24T09:48:57.340Z""",,"N556NW","Boeing 757-200","unknown","true","2","""2026-07-23T06:00:02.360Z""",
"864","AS801","AS","""2026-07-23T00:00:00.000Z""","07:00","""2026-07-23T07:00:00.000Z""","LAX","HNL",,,"active","9","green","""2026-07-23T23:34:04.064Z""",,,,"Arrived","0","""2026-07-24T09:48:57.975Z""",,"N395HA","Airbus A330-200","unknown","true","2","""2026-07-23T06:00:02.404Z""",
"865","WN2397","WN","""2026-07-23T00:00:00.000Z""","09:00","""2026-07-23T09:00:00.000Z""","LAX","HNL",,,"active","9","green","""2026-07-23T23:34:04.961Z""",,,,"EnRoute","0","""2026-07-24T09:48:59.003Z""",,"N8745K","Boeing 737-800","unknown","true","2","""2026-07-23T06:00:02.409Z""",
"866","DL1410","DL","""2026-07-23T00:00:00.000Z""","06:30","""2026-07-23T06:30:00.000Z""","BOS","AUS",,,"active","7","green","""2026-07-23T23:34:05.942Z""",,,,"Arrived","0","""2026-07-24T09:48:59.349Z""",,"N339DU","Airbus A220-300","unknown","true","2","""2026-07-23T06:00:02.815Z""",
"867","DL2279","DL","""2026-07-23T00:00:00.000Z""","11:21","""2026-07-23T11:21:00.000Z""","ATL","PHL",,,"active","13","green","""2026-07-23T23:34:06.981Z""",,,,"Arrived","0","""2026-07-24T09:48:59.826Z""",,"N335DN","Airbus A321","unknown","true","2","""2026-07-23T06:00:04.352Z""",
"868","DL2438","DL","""2026-07-23T00:00:00.000Z""","12:40","""2026-07-23T12:40:00.000Z""","ATL","SRQ",,,"active","8","green","""2026-07-23T23:34:07.931Z""",,,,"Arrived","0","""2026-07-24T09:49:00.842Z""",,"N894DN","Boeing 737","unknown","true","2","""2026-07-23T06:00:04.357Z""",
"869","AA4453","AA","""2026-07-23T00:00:00.000Z""","12:59","""2026-07-23T12:59:00.000Z""","JFK","CLE",,,"active","13","green","""2026-07-23T23:34:08.945Z""",,,,"Arrived","0","""2026-07-24T09:49:01.339Z""",,"N424YX","Embraer 175","unknown","true","2","""2026-07-23T06:00:04.902Z""",
"870","AA4009","AA","""2026-07-23T00:00:00.000Z""","11:40","""2026-07-23T11:40:00.000Z""","ORD","ILM",,,"active","75","red","""2026-07-23T23:34:09.989Z""","""2026-07-23T23:34:09.989Z""","""2026-07-23T23:34:09.989Z""",,"status_unresolvable",,"""2026-07-24T09:49:01.828Z""",,,"Embraer 175","unknown","true","2","""2026-07-23T06:00:05.379Z""",
"871","UA1363","UA","""2026-07-23T00:00:00.000Z""","13:00","""2026-07-23T13:00:00.000Z""","ORD","LAX",,,"active","8","green","""2026-07-23T23:34:10.990Z""",,,,"Arrived","0","""2026-07-24T09:49:33.728Z""",,"N14557","Airbus A321 NEO","unknown","true","2","""2026-07-23T06:00:05.385Z""",
"872","AC506","AC","""2026-07-23T00:00:00.000Z""","14:15","""2026-07-23T14:15:00.000Z""","ORD","YYZ",,,"active","10","green","""2026-07-23T23:34:12.000Z""",,,,"Arrived","0","""2026-07-24T09:49:02.871Z""",,"C-GJXV","Airbus A220-300","unknown","true","2","""2026-07-23T06:00:05.391Z""",
"873","WN4208","WN","""2026-07-23T00:00:00.000Z""","11:35","""2026-07-23T11:35:00.000Z""","BOS","DEN",,,"active","18","green","""2026-07-23T23:34:12.963Z""",,,,"Arrived","0","""2026-07-24T09:49:03.785Z""",,"N8664J","Boeing 737-800","unknown","true","2","""2026-07-23T06:00:05.823Z""",
"874","AA3532","AA","""2026-07-23T00:00:00.000Z""","15:43","""2026-07-23T15:43:00.000Z""","DFW","FWA",,,"active","10","green","""2026-07-23T23:34:14.000Z""",,,,"Cancelled","0","""2026-07-24T09:49:04.137Z""",,,"Embraer 175","unknown","true","2","""2026-07-23T06:00:06.365Z""",
"875","AA2401","AA","""2026-07-23T00:00:00.000Z""","18:30","""2026-07-23T18:30:00.000Z""","DFW","TPA",,,"active","12","green","""2026-07-23T23:34:14.949Z""",,,,"Arrived","0","""2026-07-24T09:49:04.611Z""",,"N987NN","Boeing 737-800","unknown","true","2","""2026-07-23T06:00:06.371Z""",
"876","DL1005","DL","""2026-07-23T00:00:00.000Z""","15:28","""2026-07-23T15:28:00.000Z""","ATL","DTW",,,"active","8","green","""2026-07-23T23:34:35.532Z""",,,,"Arrived","0","""2026-07-24T09:49:05.130Z""",,"N6712B","Boeing 757-200","unknown","true","2","""2026-07-23T06:00:06.807Z""",
"877","DL472","DL","""2026-07-23T00:00:00.000Z""","16:45","""2026-07-23T16:45:00.000Z""","ATL","SEA",,,"active","10","green","""2026-07-23T23:34:36.464Z""",,,,"Arrived","0","""2026-07-24T09:49:05.606Z""",,"N592NW","Boeing 757-300","unknown","true","2","""2026-07-23T06:00:06.812Z""",
"878","DL836","DL","""2026-07-23T00:00:00.000Z""","17:59","""2026-07-23T17:59:00.000Z""","ATL","PHX",,,"active","10","green","""2026-07-23T23:34:37.843Z""",,,,"Arrived","0","""2026-07-24T09:49:06.159Z""",,"N699DL","Boeing 757-200","unknown","true","2","""2026-07-23T06:00:06.817Z""",
"879","AA110","AA","""2026-07-23T00:00:00.000Z""","17:00","""2026-07-23T17:00:00.000Z""","ORD","FCO",,,"active","9","green","""2026-07-23T23:34:39.269Z""",,,,"Arrived","0","""2026-07-24T09:49:06.686Z""",,"N831AA","Boeing 787-9","unknown","true","2","""2026-07-23T06:00:08.368Z""",
"880","AA3309","AA","""2026-07-23T00:00:00.000Z""","17:05","""2026-07-23T17:05:00.000Z""","BOS","PHL",,,"active","15","green","""2026-07-23T23:34:41.767Z""",,,,"Arrived","0","""2026-07-24T09:49:07.179Z""",,"N952NN","Boeing 737-800","unknown","true","2","""2026-07-23T06:00:08.815Z""",
"881","DL1076","DL","""2026-07-23T00:00:00.000Z""","21:15","""2026-07-23T21:15:00.000Z""","ATL","MDW",,,"active","14","green","""2026-07-23T23:34:42.572Z""",,,,"Arrived","0","""2026-07-24T09:49:07.628Z""",,,"Airbus A319","unknown","true","2","""2026-07-23T06:00:09.857Z""",
"882","DL3117","DL","""2026-07-23T00:00:00.000Z""","22:48","""2026-07-23T22:48:00.000Z""","ATL","JAN",,,"active","14","green","""2026-07-23T23:34:43.555Z""",,,,"Arrived","0","""2026-07-24T09:49:08.091Z""",,,"Boeing 717-200","unknown","true","2","""2026-07-23T06:00:09.863Z""",
"883","DL2457","DL","""2026-07-23T00:00:00.000Z""","20:00","""2026-07-23T20:00:00.000Z""","LAX","PDX",,,"active","14","green","""2026-07-23T23:34:45.362Z""",,,,"Arrived","0","""2026-07-24T09:49:08.594Z""",,,"Boeing 737-800","unknown","true","2","""2026-07-23T06:00:10.851Z""",
"884","AA4908","AA","""2026-07-23T00:00:00.000Z""","21:44","""2026-07-23T21:44:00.000Z""","LAX","SMF",,,"active","14","green","""2026-07-23T23:34:46.200Z""",,,,"Arrived","0","""2026-07-24T09:49:09.111Z""",,,"Canadair reg jet 700","unknown","true","2","""2026-07-23T06:00:10.872Z""",
"885","UA1605","UA","""2026-07-23T00:00:00.000Z""","23:05","""2026-07-23T23:05:00.000Z""","LAX","BWI",,,"active","14","green","""2026-07-23T23:34:49.425Z""",,,,"EnRoute","0","""2026-07-24T09:49:09.657Z""",,,"Boeing 737","unknown","true","2","""2026-07-23T06:00:10.877Z""",
"886","PD2948","PD","""2026-07-23T00:00:00.000Z""","20:25","""2026-07-23T20:25:00.000Z""","BOS","YTZ",,,"active","13","green","""2026-07-23T23:31:16.267Z""",,,,"status_unresolvable",,"""2026-07-24T09:47:57.164Z""",,,"Bombardier Dash 8 Q400 / DHC-8-400","regional","true","2","""2026-07-23T06:00:11.849Z""",
"887","LX53","LX","""2026-07-23T00:00:00.000Z""","21:40","""2026-07-23T21:40:00.000Z""","BOS","ZRH",,,"active","13","green","""2026-07-23T23:34:50.296Z""",,,,"Arrived","0","""2026-07-24T09:49:10.108Z""",,"HB-JHH","Airbus A330","unknown","true","2","""2026-07-23T06:00:11.854Z""",
"888","AA2814","AA","""2026-07-23T00:00:00.000Z""","07:10","""2026-07-23T07:10:00.000Z""","DFW","TPA",,,"active","7","green","""2026-07-23T23:34:51.248Z""",,,,"Arrived","0","""2026-07-24T09:49:10.663Z""",,"N924NN","Boeing 737-800","unknown","true","2","""2026-07-23T06:28:24.629Z""",
"889","SY513","SY","""2026-07-23T00:00:00.000Z""","10:15","""2026-07-23T10:15:00.000Z""","DFW","CUN",,,"active","7","green","""2026-07-23T23:34:52.209Z""",,,,"Arrived","0","""2026-07-24T09:49:11.156Z""",,"N808SY","Boeing 737-800","unknown","true","2","""2026-07-23T06:28:24.646Z""",
"890","UA1803","UA","""2026-07-23T00:00:00.000Z""","08:42","""2026-07-23T08:42:00.000Z""","ORD","DSM",,,"active","7","green","""2026-07-23T23:34:53.294Z""",,,,"Arrived","0","""2026-07-24T09:49:11.618Z""",,"N65832","Boeing 737","unknown","true","2","""2026-07-23T06:28:24.986Z""",
"891","UA5285","UA","""2026-07-23T00:00:00.000Z""","10:25","""2026-07-23T10:25:00.000Z""","ORD","SBN",,,"active","8","green","""2026-07-23T23:34:54.257Z""",,,,"Arrived","0","""2026-07-24T09:49:12.119Z""",,"N454SW","Canadair CRJ 200","unknown","true","2","""2026-07-23T06:28:24.991Z""",
"892","DL742","DL","""2026-07-23T00:00:00.000Z""","07:00","""2026-07-23T07:00:00.000Z""","JFK","LAX",,,"active","12","green","""2026-07-23T23:31:14.309Z""",,,,"Arrived","0","""2026-07-24T09:47:56.034Z""",,"N428DX","Airbus A330","unknown","true","2","""2026-07-23T06:28:25.975Z""",
"893","UA2743","UA","""2026-07-23T00:00:00.000Z""","07:00","""2026-07-23T07:00:00.000Z""","LAX","EWR",,,"active","7","green","""2026-07-23T23:35:10.816Z""",,,,"Arrived","0","""2026-07-24T09:49:19.238Z""",,"N29129","Boeing 757-200","unknown","true","2","""2026-07-23T06:28:26.511Z""",
"894","UA2373","UA","""2026-07-23T00:00:00.000Z""","09:00","""2026-07-23T09:00:00.000Z""","LAX","KOA",,,"active","7","green","""2026-07-23T23:34:56.601Z""",,,,"EnRoute","0","""2026-07-24T09:49:12.658Z""",,"N47434","Boeing 737 MAX 9","unknown","true","2","""2026-07-23T06:28:26.516Z""",
"895","UA2451","UA","""2026-07-23T00:00:00.000Z""","14:15","""2026-07-23T14:15:00.000Z""","ORD","IAH",,,"active","20","green","""2026-07-23T23:34:57.624Z""",,,,"Arrived","0","""2026-07-24T09:49:13.190Z""",,"N24514","Airbus A321 NEO","unknown","true","2","""2026-07-23T06:28:28.005Z""",
"896","UA1226","UA","""2026-07-23T00:00:00.000Z""","12:40","""2026-07-23T12:40:00.000Z""","ATL","EWR",,,"active","8","green","""2026-07-23T23:34:58.942Z""",,,,"Arrived","0","""2026-07-24T09:49:13.604Z""",,"N843UA","Airbus A319","unknown","true","2","""2026-07-23T06:28:28.493Z""",
"897","AA621","AA","""2026-07-23T00:00:00.000Z""","14:10","""2026-07-23T14:10:00.000Z""","ATL","PHL",,,"active","15","green","""2026-07-23T23:34:59.964Z""",,,,"Arrived","0","""2026-07-24T09:49:14.110Z""",,"N742PS","Airbus A319","unknown","true","2","""2026-07-23T06:28:28.500Z""",
"898","DL2343","DL","""2026-07-23T00:00:00.000Z""","12:59","""2026-07-23T12:59:00.000Z""","JFK","DTW",,,"active","13","green","""2026-07-23T23:35:00.911Z""",,,,"Arrived","0","""2026-07-24T09:49:14.689Z""",,"N354NB","Airbus A319","unknown","true","2","""2026-07-23T06:28:28.997Z""",
"899","AA2314","AA","""2026-07-23T00:00:00.000Z""","16:58","""2026-07-23T16:58:00.000Z""","DFW","PNS",,,"active","10","green","""2026-07-23T23:35:11.788Z""",,,,"Arrived","0","""2026-07-24T09:49:20.030Z""",,,"Airbus A319","unknown","true","2","""2026-07-23T06:28:30.505Z""",
"900","AA3843","AA","""2026-07-23T00:00:00.000Z""","18:30","""2026-07-23T18:30:00.000Z""","DFW","XNA",,,"active","12","green","""2026-07-23T23:35:01.965Z""",,,,"Cancelled","0","""2026-07-24T09:49:15.138Z""",,,"Embraer 175","unknown","true","2","""2026-07-23T06:28:30.510Z""",
"901","AA3717","AA","""2026-07-23T00:00:00.000Z""","17:00","""2026-07-23T17:00:00.000Z""","ORD","MSN",,,"active","10","green","""2026-07-23T23:35:02.976Z""",,,,"Cancelled","0","""2026-07-24T09:49:15.666Z""",,,"Embraer 175","unknown","true","2","""2026-07-23T06:28:31.055Z""",
"902","UA1967","UA","""2026-07-23T00:00:00.000Z""","18:10","""2026-07-23T18:10:00.000Z""","ORD","LAX",,,"active","12","green","""2026-07-23T23:35:04.485Z""",,,,"Arrived","0","""2026-07-24T09:49:16.127Z""",,"N74856","Boeing 757-300","unknown","true","2","""2026-07-23T06:28:31.062Z""",
"903","DL708","DL","""2026-07-23T00:00:00.000Z""","15:50","""2026-07-23T15:50:00.000Z""","LAX","DTW",,,"active","10","green","""2026-07-23T23:35:05.318Z""",,,,"Arrived","0","""2026-07-24T09:49:16.948Z""",,"N537DT","Airbus A321 NEO","unknown","true","2","""2026-07-23T06:28:32.497Z""",
"904","AC559","AC","""2026-07-23T00:00:00.000Z""","17:05","""2026-07-23T17:05:00.000Z""","LAX","YVR",,,"active","10","green","""2026-07-23T23:35:07.280Z""",,,,"Arrived","0","""2026-07-24T09:49:17.280Z""",,"C-FHOY","Airbus A220-300","unknown","true","2","""2026-07-23T06:28:32.502Z""",
"905","AA2661","AA","""2026-07-23T00:00:00.000Z""","20:59","""2026-07-23T20:59:00.000Z""","ORD","TUS",,,"active","14","green","""2026-07-23T23:35:16.314Z""",,,,"Arrived","0","""2026-07-24T09:49:20.381Z""",,,"Airbus A319","unknown","true","2","""2026-07-23T06:28:34.018Z""",
"906","DL324","DL","""2026-07-23T00:00:00.000Z""","19:29","""2026-07-23T19:29:00.000Z""","BOS","SEA",,,"active","12","green","""2026-07-23T23:35:08.155Z""",,,,"Arrived","0","""2026-07-24T09:49:17.774Z""",,"N528DE","Airbus A321 NEO","unknown","true","2","""2026-07-23T06:28:36.030Z""",
"907","AA1792","AA","""2026-07-23T00:00:00.000Z""","07:10","""2026-07-23T07:10:00.000Z""","DFW","DTW",,,"active","7","green","""2026-07-23T23:35:09.382Z""",,,,"Arrived","0","""2026-07-24T09:49:18.309Z""",,"N338PK","Boeing 737-800","unknown","true","2","""2026-07-23T14:33:40.094Z""",
"908","MQ3366","MQ","""2026-07-23T00:00:00.000Z""","08:53","""2026-07-23T08:53:00.000Z""","DFW","ABI",,,"active","7","green","""2026-07-23T23:31:15.280Z""",,,,"Arrived","0","""2026-07-24T09:47:56.637Z""",,"N274NN","Embraer 175","unknown","true","2","""2026-07-23T14:33:40.106Z""",
"909","AA1851","AA","""2026-07-23T00:00:00.000Z""","06:59","""2026-07-23T06:59:00.000Z""","ORD","FLL",,,"active","7","green","""2026-07-23T23:35:17.156Z""",,,,"Arrived","0","""2026-07-24T09:49:21.213Z""",,"N354PT","Boeing 737-800","unknown","true","2","""2026-07-23T14:33:40.113Z""",
"910","AA3092","AA","""2026-07-23T00:00:00.000Z""","10:18","""2026-07-23T10:18:00.000Z""","DFW","PLS",,,"active","7","green","""2026-07-23T23:36:25.402Z""",,,,"Arrived","0","""2026-07-24T09:49:34.274Z""",,"N306NY","Boeing 737-800","unknown","true","2","""2026-07-23T14:33:40.114Z""",
"911","UA1778","UA","""2026-07-23T00:00:00.000Z""","08:40","""2026-07-23T08:40:00.000Z""","ORD","OMA",,,"active","7","green","""2026-07-23T23:35:18.138Z""",,,,"Arrived","0","""2026-07-24T09:49:22.042Z""",,"N842UA","Airbus A319","unknown","true","2","""2026-07-23T14:33:40.118Z""",
"912","AA388","AA","""2026-07-23T00:00:00.000Z""","10:20","""2026-07-23T10:20:00.000Z""","ORD","LGA",,,"active","8","green","""2026-07-23T23:35:19.158Z""",,,,"Arrived","0","""2026-07-24T09:49:23.705Z""",,"N319UY","Boeing 737 MAX 8","unknown","true","2","""2026-07-23T14:33:40.123Z""",
"913","AS21","AS","""2026-07-23T00:00:00.000Z""","07:00","""2026-07-23T07:00:00.000Z""","JFK","SEA",,,"active","12","green","""2026-07-23T23:35:20.312Z""",,,,"Arrived","0","""2026-07-24T09:49:24.071Z""",,"N556AS","Boeing 737-800","unknown","true","2","""2026-07-23T14:33:40.938Z""",
"914","AA1136","AA","""2026-07-23T00:00:00.000Z""","08:00","""2026-07-23T08:00:00.000Z""","JFK","ANU",,,"active","11","green","""2026-07-23T23:35:21.201Z""",,,,"EnRoute","0","""2026-07-24T09:49:24.570Z""",,"N344TS","Boeing 737 MAX 8","unknown","true","2","""2026-07-23T14:33:40.957Z""",
"915","DL1318","DL","""2026-07-23T00:00:00.000Z""","07:15","""2026-07-23T07:15:00.000Z""","LAX","SLC",,,"active","7","green","""2026-07-23T23:31:18.530Z""",,,,"Arrived","0","""2026-07-24T09:47:58.594Z""",,"N538DN","Airbus A321 NEO","unknown","true","2","""2026-07-23T14:33:41.423Z""",
"916","WN2251","WN","""2026-07-23T00:00:00.000Z""","08:55","""2026-07-23T08:55:00.000Z""","LAX","AUS",,,"active","7","green","""2026-07-23T23:35:39.457Z""",,,,"Arrived","0","""2026-07-24T09:49:25.028Z""",,"N8947Q","Boeing 737 MAX 8","unknown","true","2","""2026-07-23T14:33:41.428Z""",
"917","UA2683","UA","""2026-07-23T00:00:00.000Z""","13:00","""2026-07-23T13:00:00.000Z""","ORD","SAN",,,"active","15","green","""2026-07-23T23:35:41.012Z""",,,,"Arrived","0","""2026-07-24T09:49:26.041Z""",,"N38417","Boeing 737-900","unknown","true","2","""2026-07-23T14:33:42.951Z""",
"918","AA3225","AA","""2026-07-23T00:00:00.000Z""","09:37","""2026-07-23T09:37:00.000Z""","BOS","PHL",,,"active","12","green","""2026-07-23T23:35:52.923Z""",,,,"Arrived","0","""2026-07-24T09:49:26.578Z""",,"N910AU","Airbus A321","unknown","true","2","""2026-07-23T14:33:42.968Z""",
"919","XP394","XP","""2026-07-23T00:00:00.000Z""","11:20","""2026-07-23T11:20:00.000Z""","ATL","HVN",,,"active","8","green","""2026-07-23T23:35:56.235Z""",,,,"Arrived","0","""2026-07-24T09:49:27.037Z""",,"N814VL","Boeing 737-800","unknown","true","2","""2026-07-23T14:33:43.455Z""",
"920","DL3024","DL","""2026-07-23T00:00:00.000Z""","12:37","""2026-07-23T12:37:00.000Z""","ATL","JAX",,,"active","8","green","""2026-07-23T23:31:20.079Z""",,,,"Arrived","0","""2026-07-24T09:47:59.056Z""",,"N347DN","Airbus A321","unknown","true","2","""2026-07-23T14:33:43.462Z""",
"921","AS35","AS","""2026-07-23T00:00:00.000Z""","11:30","""2026-07-23T11:30:00.000Z""","JFK","SAN",,,"active","15","green","""2026-07-23T23:35:58.926Z""",,,,"Arrived","0","""2026-07-24T09:49:28.085Z""",,"N491AS","Boeing 737","unknown","true","2","""2026-07-23T14:33:43.932Z""",
"922","DL5301","DL","""2026-07-23T00:00:00.000Z""","14:25","""2026-07-23T14:25:00.000Z""","JFK","RIC",,,"active","15","green","""2026-07-23T23:36:01.774Z""",,,,"Arrived","0","""2026-07-24T09:49:28.556Z""",,"N914XJ","Canadair CRJ 900","unknown","true","2","""2026-07-23T14:33:43.942Z""",
"923","AA2864","AA","""2026-07-23T00:00:00.000Z""","16:58","""2026-07-23T16:58:00.000Z""","DFW","LAS",,,"active","10","green","""2026-07-23T23:36:02.663Z""",,,,"Arrived","0","""2026-07-24T09:49:29.413Z""",,"N310UM","Boeing 737 MAX 8","unknown","true","2","""2026-07-23T14:33:44.965Z""",
"924","AA1951","AA","""2026-07-23T00:00:00.000Z""","17:00","""2026-07-23T17:00:00.000Z""","ORD","IND",,,"active","10","green","""2026-07-23T23:36:03.581Z""",,,,"Arrived","0","""2026-07-24T09:47:55.088Z""",,"N818AW","Airbus A319","unknown","true","2","""2026-07-23T14:33:45.479Z""",
"925","AA4349","AA","""2026-07-23T00:00:00.000Z""","11:33","""2026-07-23T11:33:00.000Z""","BOS","DCA",,,"active","8","green","""2026-07-23T23:36:04.620Z""",,,,"Arrived","0","""2026-07-24T09:49:29.750Z""",,"N857RW","Embraer 170","unknown","true","2","""2026-07-23T14:33:45.942Z""",
"926","AA341","AA","""2026-07-23T00:00:00.000Z""","15:40","""2026-07-23T15:40:00.000Z""","JFK","LAX",,,"active","15","green","""2026-07-23T23:31:21.492Z""",,,,"Arrived","0","""2026-07-24T09:48:00.081Z""",,"N113AN","Airbus A321 (Sharklets)","unknown","true","2","""2026-07-23T14:33:46.950Z""",
"927","AA306","AA","""2026-07-23T00:00:00.000Z""","17:00","""2026-07-23T17:00:00.000Z""","JFK","LAX",,,"active","15","green","""2026-07-23T23:36:05.656Z""",,,,"Arrived","0","""2026-07-24T09:49:30.271Z""",,"N111ZM","Airbus A321 (Sharklets)","unknown","true","2","""2026-07-23T14:33:46.956Z""",
"928","UA1170","UA","""2026-07-23T00:00:00.000Z""","17:05","""2026-07-23T17:05:00.000Z""","LAX","HNL",,,"active","12","green","""2026-07-23T23:36:06.655Z""",,,,"Arrived","0","""2026-07-24T09:49:30.748Z""",,"N220UA","Boeing 777-200","unknown","true","2","""2026-07-23T14:33:47.479Z""",
"929","AA2937","AA","""2026-07-23T00:00:00.000Z""","19:49","""2026-07-23T19:49:00.000Z""","DFW","FSD",,,"active","12","green","""2026-07-23T23:36:09.114Z""",,,,"Arrived","0","""2026-07-24T09:49:31.293Z""",,,"Airbus A319","unknown","true","2","""2026-07-23T14:33:47.958Z""",
"930","AA3314","AA","""2026-07-23T00:00:00.000Z""","20:59","""2026-07-23T20:59:00.000Z""","DFW","SMF",,,"active","14","green","""2026-07-23T23:36:09.929Z""",,,,"Arrived","0","""2026-07-24T09:49:31.741Z""",,"N177US","Airbus A321","unknown","true","2","""2026-07-23T14:33:47.962Z""",
"931","AA4065","AA","""2026-07-23T00:00:00.000Z""","22:38","""2026-07-23T22:38:00.000Z""","DFW","CRP",,,"active","14","green","""2026-07-23T23:36:10.954Z""",,,,"Cancelled","0","""2026-07-24T09:49:32.242Z""",,,"Embraer 175","unknown","true","2","""2026-07-23T14:33:47.968Z""",
"932","DL2889","DL","""2026-07-23T00:00:00.000Z""","15:40","""2026-07-23T15:40:00.000Z""","BOS","SEA",,,"active","10","green","""2026-07-23T23:32:06.791Z""",,,,"Arrived","0","""2026-07-24T09:48:21.866Z""",,"N546DN","Airbus A321 NEO","unknown","true","2","""2026-07-23T14:33:48.963Z""",
"933","DL1057","DL","""2026-07-23T00:00:00.000Z""","21:15","""2026-07-23T21:15:00.000Z""","ATL","SRQ",,,"active","14","green","""2026-07-23T23:36:12.221Z""",,,,"Arrived","0","""2026-07-24T09:49:32.774Z""",,,"Boeing 737-900","unknown","true","2","""2026-07-23T14:33:49.471Z""",
"934","DL1601","DL","""2026-07-23T00:00:00.000Z""","22:48","""2026-07-23T22:48:00.000Z""","ATL","IAH",,,"active","24","green","""2026-07-23T23:36:24.469Z""",,,,"Arrived","0","""2026-07-24T09:49:33.221Z""",,,"Airbus A321","unknown","true","2","""2026-07-23T14:33:49.475Z""",
"935","MQ3700","MQ","""2026-07-23T00:00:00.000Z""","07:18","""2026-07-23T07:18:00.000Z""","DFW","MFE",,,"active","7","green","""2026-07-23T23:32:29.432Z""",,,,"Arrived","0","""2026-07-24T09:48:24.889Z""",,"N200NN","Embraer 175","unknown","true","2","""2026-07-23T23:31:01.965Z""",
"936","MQ3968","MQ","""2026-07-23T00:00:00.000Z""","08:56","""2026-07-23T08:56:00.000Z""","DFW","AEX",,,"active","7","green","""2026-07-23T23:32:31.090Z""",,,,"Arrived","0","""2026-07-24T09:48:25.882Z""",,"N235NN","Embraer 175","unknown","true","2","""2026-07-23T23:31:02.003Z""",
"937","MQ3958","MQ","""2026-07-23T00:00:00.000Z""","10:04","""2026-07-23T10:04:00.000Z""","DFW","MGM",,,"active","8","green","""2026-07-23T23:32:35.031Z""",,,,"Arrived","0","""2026-07-24T09:48:26.876Z""",,"N740MR","Embraer 170","unknown","true","2","""2026-07-23T23:31:02.075Z""",
"938","DL3128","DL","""2026-07-23T00:00:00.000Z""","07:35","""2026-07-23T07:35:00.000Z""","ATL","MSY",,,"active","7","green","""2026-07-23T23:32:36.153Z""",,,,"Arrived","0","""2026-07-24T09:48:27.904Z""",,"N849DN","Boeing 737","unknown","true","2","""2026-07-23T23:31:02.108Z""",
"939","AA2218","AA","""2026-07-23T00:00:00.000Z""","08:30","""2026-07-23T08:30:00.000Z""","ORD","AUS",,,"active","7","green","""2026-07-23T23:33:12.212Z""",,,,"Arrived","0","""2026-07-24T09:48:34.964Z""",,"N940AN","Boeing 737-800","unknown","true","2","""2026-07-23T23:31:02.108Z""",
"940","DL699","DL","""2026-07-23T00:00:00.000Z""","07:00","""2026-07-23T07:00:00.000Z""","JFK","SEA",,,"active","12","green","""2026-07-23T23:33:13.201Z""",,,,"Arrived","0","""2026-07-24T09:49:35.735Z""",,"N510DE","Airbus A321 NEO","unknown","true","2","""2026-07-23T23:31:02.127Z""",
"941","DL3035","DL","""2026-07-23T00:00:00.000Z""","08:59","""2026-07-23T08:59:00.000Z""","ATL","DAB",,,"active","7","green","""2026-07-23T23:32:49.438Z""",,,,"Arrived","0","""2026-07-24T09:48:28.345Z""",,"N880DN","Boeing 737","unknown","true","2","""2026-07-23T23:31:02.128Z""",
"942","MQ3606","MQ","""2026-07-23T00:00:00.000Z""","09:45","""2026-07-23T09:45:00.000Z""","ORD","YYZ",,,"active","7","green","""2026-07-23T23:33:14.359Z""",,,,"Arrived","0","""2026-07-24T09:49:36.253Z""",,"N225NN","Embraer 175","unknown","true","2","""2026-07-23T23:31:02.129Z""",
"943","DL1743","DL","""2026-07-23T00:00:00.000Z""","10:10","""2026-07-23T10:10:00.000Z""","ATL","TYS",,,"active","8","green","""2026-07-23T23:32:53.443Z""",,,,"Arrived","0","""2026-07-24T09:49:18.811Z""",,"N995AT","Boeing 717","unknown","true","2","""2026-07-23T23:31:02.133Z""",
"944","AS311","AS","""2026-07-23T00:00:00.000Z""","06:03","""2026-07-23T06:03:00.000Z""","BOS","PDX",,,"active","7","green","""2026-07-23T23:32:08.888Z""",,,,"Arrived","0","""2026-07-24T09:48:53.006Z""",,"N966AK","Boeing 737 MAX 9","unknown","true","2","""2026-07-23T23:31:02.613Z""",
"945","DL5678","DL","""2026-07-23T00:00:00.000Z""","08:15","""2026-07-23T08:15:00.000Z""","BOS","PIT",,,"active","7","green","""2026-07-23T23:32:11.053Z""",,,,"Arrived","0","""2026-07-24T09:48:22.373Z""",,"N224JQ","Embraer 175","unknown","true","2","""2026-07-23T23:31:02.618Z""",
"946","UA662","UA","""2026-07-23T00:00:00.000Z""","09:40","""2026-07-23T09:40:00.000Z""","BOS","DEN",,,"active","17","green","""2026-07-23T23:32:12.877Z""",,,,"Arrived","0","""2026-07-24T09:48:23.864Z""",,"N14553","Airbus A321 NEO","unknown","true","2","""2026-07-23T23:31:02.622Z""",
"947","AA1159","AA","""2026-07-23T00:00:00.000Z""","11:00","""2026-07-23T11:00:00.000Z""","LAX","CLT",,,"active","17","green","""2026-07-23T23:32:14.139Z""",,,,"Arrived","0","""2026-07-24T09:48:53.994Z""",,"N469AN","Airbus A321 NEO","unknown","true","2","""2026-07-23T23:31:03.145Z""",
"948","DL3902","DL","""2026-07-23T00:00:00.000Z""","12:58","""2026-07-23T12:58:00.000Z""","LAX","RNO",,,"active","10","green","""2026-07-23T23:32:28.593Z""",,,,"Arrived","0","""2026-07-24T09:48:24.400Z""",,"N323SY","Embraer 175","unknown","true","2","""2026-07-23T23:31:03.148Z""",
"949","AA503","AA","""2026-07-23T00:00:00.000Z""","10:19","""2026-07-23T10:19:00.000Z""","DFW","PUJ",,,"active","8","green","""2026-07-23T23:32:32.257Z""",,,,"EnRoute","0","""2026-07-24T09:48:26.382Z""",,"N929AA","Airbus A321","unknown","true","2","""2026-07-23T23:31:03.697Z""",
"950","AA1685","AA","""2026-07-23T00:00:00.000Z""","12:33","""2026-07-23T12:33:00.000Z""","DFW","PHX",,,"active","8","green","""2026-07-23T23:32:34.230Z""",,,,"Arrived","0","""2026-07-24T09:48:54.470Z""",,"N460AN","Airbus A321 NEO","unknown","true","2","""2026-07-23T23:31:03.702Z""",
"951","AA5420","AA","""2026-07-23T00:00:00.000Z""","13:57","""2026-07-23T13:57:00.000Z""","DFW","TUL",,,"active","8","green","""2026-07-23T23:32:50.751Z""",,,,"Arrived","0","""2026-07-24T09:48:28.889Z""",,"N645NN","Canadair CRJ 900NG","unknown","true","2","""2026-07-23T23:31:03.706Z""",
"952","UA2672","UA","""2026-07-23T00:00:00.000Z""","10:38","""2026-07-23T10:38:00.000Z""","ORD","PNS",,,"active","8","green","""2026-07-23T23:32:56.896Z""",,,,"Arrived","0","""2026-07-24T09:48:29.901Z""",,"N76288","Boeing 737-800","unknown","true","2","""2026-07-23T23:31:04.157Z""",
"953","UA5437","UA","""2026-07-23T00:00:00.000Z""","12:59","""2026-07-23T12:59:00.000Z""","ORD","DLH",,,"active","8","green","""2026-07-23T23:33:01.213Z""",,,,"Arrived","0","""2026-07-24T09:48:30.888Z""",,"N788SK","Canadair CRJ-701ER","unknown","true","2","""2026-07-23T23:31:04.164Z""",
"954","UA1746","UA","""2026-07-23T00:00:00.000Z""","13:57","""2026-07-23T13:57:00.000Z""","ORD","MDT",,,"active","8","green","""2026-07-23T23:33:04.320Z""",,,,"Arrived","0","""2026-07-24T09:48:31.958Z""",,"N13720","Boeing 737-700","unknown","true","2","""2026-07-23T23:31:04.168Z""",
"955","SY568","SY","""2026-07-23T00:00:00.000Z""","11:57","""2026-07-23T11:57:00.000Z""","JFK","MSP",,,"active","13","green","""2026-07-23T23:33:06.224Z""",,,,"Arrived","0","""2026-07-24T09:49:34.722Z""",,"N834SY","Boeing 737-800","unknown","true","2","""2026-07-23T23:31:04.614Z""",
"956","DL1801","DL","""2026-07-23T00:00:00.000Z""","11:15","""2026-07-23T11:15:00.000Z""","ATL","MBJ",,,"active","7","green","""2026-07-23T23:33:07.163Z""",,,,"EnRoute","0","""2026-07-24T09:48:32.933Z""",,"N840DN","Boeing 737","unknown","true","2","""2026-07-23T23:31:05.176Z""",
"957","DL2827","DL","""2026-07-23T00:00:00.000Z""","12:40","""2026-07-23T12:40:00.000Z""","ATL","DAB",,,"active","8","green","""2026-07-23T23:33:08.436Z""",,,,"Arrived","0","""2026-07-24T09:48:33.971Z""",,"N948DZ","Boeing 737-900","unknown","true","2","""2026-07-23T23:31:05.182Z""",
"958","WN416","WN","""2026-07-23T00:00:00.000Z""","13:15","""2026-07-23T13:15:00.000Z""","ATL","SAT",,,"active","8","green","""2026-07-23T23:33:10.370Z""",,,,"Arrived","0","""2026-07-24T09:48:34.459Z""",,"N8530W","Boeing 737-800","unknown","true","2","""2026-07-23T23:31:05.186Z""",
"959","DL5668","DL","""2026-07-23T00:00:00.000Z""","11:10","""2026-07-23T11:10:00.000Z""","BOS","BWI",,,"active","8","green","""2026-07-23T23:33:15.206Z""",,,,"Arrived","0","""2026-07-24T09:49:36.716Z""",,"N246JQ","Embraer 175","unknown","true","2","""2026-07-23T23:31:05.636Z""",
"960","AA3043","AA","""2026-07-23T00:00:00.000Z""","12:38","""2026-07-23T12:38:00.000Z""","BOS","PHL",,,"active","13","green","""2026-07-23T23:33:16.357Z""",,,,"Arrived","0","""2026-07-24T09:49:37.271Z""",,"N817AW","Airbus A319","unknown","true","2","""2026-07-23T23:31:05.641Z""",
"961","AA4440","AA","""2026-07-23T00:00:00.000Z""","13:55","""2026-07-23T13:55:00.000Z""","BOS","BUF",,,"active","8","green","""2026-07-23T23:33:17.370Z""",,,,"Arrived","0","""2026-07-24T09:48:35.966Z""",,"N436YX","Embraer 175","unknown","true","2","""2026-07-23T23:31:05.645Z""",
"962","WN4306","WN","""2026-07-23T00:00:00.000Z""","14:55","""2026-07-23T14:55:00.000Z""","LAX","DAL",,,"active","10","green","""2026-07-23T23:33:18.364Z""",,,,"Arrived","0","""2026-07-24T09:48:36.422Z""",,"N8566Z","Boeing 737-800","unknown","true","2","""2026-07-23T23:31:06.126Z""",
"963","UA5459","UA","""2026-07-23T00:00:00.000Z""","16:55","""2026-07-23T16:55:00.000Z""","LAX","RDD",,,"active","10","green","""2026-07-23T23:33:19.271Z""",,,,"Arrived","0","""2026-07-24T09:49:37.757Z""",,"N86372","Embraer 175","unknown","true","2","""2026-07-23T23:31:06.131Z""",
"964","DL418","DL","""2026-07-23T00:00:00.000Z""","16:55","""2026-07-23T16:55:00.000Z""","LAX","OGG",,,"active","12","green","""2026-07-23T23:33:21.643Z""",,,,"status_unresolvable",,"""2026-07-24T09:48:37.085Z""",,"N523DE","Airbus A321 NEO","unknown","true","2","""2026-07-23T23:31:06.134Z""",
"965","AA554","AA","""2026-07-23T00:00:00.000Z""","15:34","""2026-07-23T15:34:00.000Z""","DFW","PHX",,,"active","10","green","""2026-07-23T23:33:22.584Z""",,,,"Arrived","0","""2026-07-24T09:48:38.067Z""",,"N893NN","Boeing 737-800","unknown","true","2","""2026-07-23T23:31:06.677Z""",
"966","AA651","AA","""2026-07-23T00:00:00.000Z""","16:43","""2026-07-23T16:43:00.000Z""","DFW","SMF",,,"active","10","green","""2026-07-23T23:33:24.001Z""",,,,"Arrived","0","""2026-07-24T09:48:38.447Z""",,"N973NN","Boeing 737-800","unknown","true","2","""2026-07-23T23:31:06.681Z""",
"967","AV443","AV","""2026-07-23T00:00:00.000Z""","18:25","""2026-07-23T18:25:00.000Z""","DFW","SAL",,,"active","13","green","""2026-07-23T23:33:24.963Z""",,,,"EnRoute","0","""2026-07-24T09:48:38.973Z""",,"N980AV","Airbus A320","unknown","true","2","""2026-07-23T23:31:06.685Z""",
"968","UA944","UA","""2026-07-23T00:00:00.000Z""","15:10","""2026-07-23T15:10:00.000Z""","ORD","FRA",,,"active","10","green","""2026-07-23T23:33:27.179Z""",,,,"Arrived","0","""2026-07-24T09:48:39.931Z""",,"N13014","Boeing 787-10","unknown","true","2","""2026-07-23T23:31:07.308Z""",
"969","AA2303","AA","""2026-07-23T00:00:00.000Z""","15:08","""2026-07-23T15:08:00.000Z""","ORD","BOS",,,"active","10","green","""2026-07-23T23:33:28.054Z""",,,,"Arrived","0","""2026-07-24T09:49:38.244Z""",,"N861NN","Boeing 737-800","unknown","true","2","""2026-07-23T23:31:07.313Z""",
"970","UA4740","UA","""2026-07-23T00:00:00.000Z""","17:45","""2026-07-23T17:45:00.000Z""","ORD","MSN",,,"active","10","green","""2026-07-23T23:33:29.210Z""",,,,"Arrived","0","""2026-07-24T09:48:40.487Z""",,"N145SY","Embraer 175","unknown","true","2","""2026-07-23T23:31:07.317Z""",
"971","DL738","DL","""2026-07-23T00:00:00.000Z""","15:05","""2026-07-23T15:05:00.000Z""","JFK","LAX",,,"active","15","green","""2026-07-23T23:33:30.149Z""",,,,"Arrived","0","""2026-07-24T09:48:40.904Z""",,"N1604R","Boeing 767-300","unknown","true","2","""2026-07-23T23:31:07.669Z""",
"972","AA198","AA","""2026-07-23T00:00:00.000Z""","19:00","""2026-07-23T19:00:00.000Z""","JFK","MXP",,,"active","16","green","""2026-07-23T23:33:32.021Z""",,,,"Arrived","0","""2026-07-24T09:48:41.973Z""",,"N777AN","Boeing 777-200","unknown","true","2","""2026-07-23T23:31:07.673Z""",
"973","DL28","DL","""2026-07-23T00:00:00.000Z""","18:10","""2026-07-23T18:10:00.000Z""","JFK","NCE",,,"active","16","green","""2026-07-23T23:33:32.954Z""",,,,"EnRoute","0","""2026-07-24T09:48:42.443Z""",,"N843MH","Boeing 767-400","unknown","true","2","""2026-07-23T23:31:07.677Z""",
"974","AA4759","AA","""2026-07-23T00:00:00.000Z""","15:27","""2026-07-23T15:27:00.000Z""","ATL","ORD",,,"active","10","green","""2026-07-23T23:33:35.481Z""",,,,"Arrived","0","""2026-07-24T09:49:38.918Z""",,"N427YX","Embraer 175","unknown","true","2","""2026-07-23T23:31:08.153Z""",
"975","DL2128","DL","""2026-07-23T00:00:00.000Z""","16:31","""2026-07-23T16:31:00.000Z""","ATL","ICT",,,"active","10","green","""2026-07-23T23:33:38.518Z""",,,,"Arrived","0","""2026-07-24T09:48:42.896Z""",,"N978AT","Boeing 717","unknown","true","2","""2026-07-23T23:31:08.156Z""",
"976","DL2831","DL","""2026-07-23T00:00:00.000Z""","17:59","""2026-07-23T17:59:00.000Z""","ATL","SDF",,,"active","10","green","""2026-07-23T23:33:39.319Z""",,,,"Arrived","0","""2026-07-24T09:48:43.912Z""",,"N829DN","Boeing 737","unknown","true","2","""2026-07-23T23:31:08.160Z""",
"977","VJA303","VJA","""2026-07-23T00:00:00.000Z""","17:19","""2026-07-23T17:19:00.000Z""","BOS","MNZ",,,"active","12","green","""2026-07-23T23:33:41.659Z""",,,,"Arrived","0","""2026-07-24T09:48:44.457Z""",,"N303JE","Bombardier Challenger 300","unknown","true","2","""2026-07-23T23:31:08.644Z""",
"978","PB7668","PB","""2026-07-23T00:00:00.000Z""","18:30","""2026-07-23T18:30:00.000Z""","BOS","YHZ",,,"active","13","green","""2026-07-23T23:33:42.602Z""",,,,"status_unresolvable",,"""2026-07-24T09:49:39.260Z""",,"C-FPVJ","Bombardier Dash 8 Q400 / DHC-8-400","regional","true","2","""2026-07-23T23:31:08.651Z""",
"979","AA2587","AA","""2026-07-23T00:00:00.000Z""","19:34","""2026-07-23T19:34:00.000Z""","DFW","ORF",,,"active","12","green","""2026-07-23T23:33:44.017Z""",,,,"Arrived","0","""2026-07-24T09:48:44.916Z""",,,"Airbus A321","unknown","true","2","""2026-07-23T23:31:09.705Z""",
"980","AS550","AS","""2026-07-23T00:00:00.000Z""","20:45","""2026-07-23T20:45:00.000Z""","DFW","SEA",,,"active","14","green","""2026-07-23T23:33:45.204Z""",,,,"Arrived","0","""2026-07-24T09:48:45.958Z""",,,"Boeing 737-900","unknown","true","2","""2026-07-23T23:31:09.710Z""",
"981","AA3589","AA","""2026-07-23T00:00:00.000Z""","22:34","""2026-07-23T22:34:00.000Z""","DFW","LRD",,,"active","14","green","""2026-07-23T23:33:46.064Z""",,,,"Cancelled","0","""2026-07-24T09:48:46.432Z""",,,"Embraer 175","unknown","true","2","""2026-07-23T23:31:09.713Z""",
"982","UA4638","UA","""2026-07-23T00:00:00.000Z""","19:45","""2026-07-23T19:45:00.000Z""","ORD","COS",,,"active","12","green","""2026-07-23T23:33:47.047Z""",,,,"Cancelled","0","""2026-07-24T09:48:46.959Z""",,,"Embraer 175","unknown","true","2","""2026-07-23T23:31:10.173Z""",
"983","AA2167","AA","""2026-07-23T00:00:00.000Z""","20:56","""2026-07-23T20:56:00.000Z""","ORD","RDU",,,"active","19","green","""2026-07-23T23:33:48.049Z""",,,,"Arrived","0","""2026-07-24T09:48:47.974Z""",,,"Airbus A319","unknown","true","2","""2026-07-23T23:31:10.177Z""",
"984","LO4","LO","""2026-07-23T00:00:00.000Z""","21:50","""2026-07-23T21:50:00.000Z""","ORD","WAW",,,"active","15","green","""2026-07-23T23:33:49.369Z""",,,,"EnRoute","0","""2026-07-24T09:48:48.463Z""",,,"Boeing 787-8","unknown","true","2","""2026-07-23T23:31:10.181Z""",
"985","AF5","AF","""2026-07-23T00:00:00.000Z""","18:30","""2026-07-23T18:30:00.000Z""","JFK","CDG",,,"active","19","green","""2026-07-23T23:33:50.561Z""",,,,"status_unresolvable",,"""2026-07-24T09:48:48.985Z""",,"F-GZNS","Boeing 777","unknown","true","2","""2026-07-23T23:31:10.626Z""",
"986","WN233","WN","""2026-07-23T00:00:00.000Z""","19:35","""2026-07-23T19:35:00.000Z""","ATL","MDW",,,"active","12","green","""2026-07-23T23:33:51.384Z""",,,,"Arrived","0","""2026-07-24T09:48:49.956Z""",,"N938WN","Boeing 737-700","unknown","true","2","""2026-07-23T23:31:11.156Z""",
"987","DL5412","DL","""2026-07-23T00:00:00.000Z""","20:59","""2026-07-23T20:59:00.000Z""","ATL","ABE",,,"active","14","green","""2026-07-23T23:33:52.924Z""",,,,"Arrived","0","""2026-07-24T09:49:39.826Z""",,"N182GJ","Canadair CRJ 900","unknown","true","2","""2026-07-23T23:31:11.171Z""",
"988","DL2590","DL","""2026-07-23T00:00:00.000Z""","22:45","""2026-07-23T22:45:00.000Z""","ATL","BWI",,,"active","14","green","""2026-07-23T23:33:54.313Z""",,,,"Arrived","0","""2026-07-24T09:48:50.461Z""",,,"Airbus A321","unknown","true","2","""2026-07-23T23:31:11.175Z""",
"989","DL2305","DL","""2026-07-23T00:00:00.000Z""","19:20","""2026-07-23T19:20:00.000Z""","BOS","DFW",,,"active","12","green","""2026-07-23T23:33:55.155Z""",,,,"Arrived","0","""2026-07-24T09:48:50.976Z""",,"N325NB","Airbus A319","unknown","true","2","""2026-07-23T23:31:11.642Z""",
"990","AA4047","AA","""2026-07-23T00:00:00.000Z""","20:22","""2026-07-23T20:22:00.000Z""","BOS","DCA",,,"active","14","green","""2026-07-23T23:33:56.121Z""",,,,"Cancelled","0","""2026-07-24T09:48:51.930Z""",,,"Embraer 175","unknown","true","2","""2026-07-23T23:31:11.646Z""",
"991","VS158","VS","""2026-07-23T00:00:00.000Z""","21:30","""2026-07-23T21:30:00.000Z""","BOS","LHR",,,"active","16","green","""2026-07-23T23:33:58.143Z""",,,,"Arrived","0","""2026-07-24T09:48:52.464Z""",,"G-VLDY","Airbus A330","unknown","true","2","""2026-07-23T23:31:11.649Z""",