id,agency_id,flight_number,carrier_iata,departure_date,departure_time,origin_iata,destination_iata,risk_score,risk_tier,last_checked_at,status,agency_resolved_at,created_at,confirmation_alert_sent_at,tail_number,equipment_type,is_test,resolved_status,resolved_delay_minutes,resolved_at
507,3,DL2890,DL,2026-06-10,14:13,ATL,IAH,15,green,2026-06-10 23:06:19.07,active,,2026-06-10 14:36:22.068456,,N347NW,Airbus A320,t,Arrived,0,2026-06-11 01:27:32.805
85,3,DL521,DL,2026-06-06,08:50,LAX,DFW,14,green,2026-06-06 23:29:43.339,archived,,2026-06-06 06:00:33.589059,,N3769L,Boeing 737-800,t,Arrived,0,2026-06-10 03:09:23.405
394,3,BW553,BW,2026-06-10,07:00,JFK,SVD,41,amber,2026-06-10 22:54:56.871,active,,2026-06-10 03:31:29.911695,,9Y-GRN,Boeing 737 MAX 8,t,EnRoute,0,2026-06-11 00:11:50.941
422,3,UA1378,UA,2026-06-10,07:30,ATL,DEN,7,green,2026-06-10 22:55:33.071,active,,2026-06-10 05:29:37.678181,,N840UA,Airbus A319,t,Arrived,0,2026-06-11 00:11:57.84
336,3,DL1229,DL,2026-06-10,22:50,ATL,FLL,14,green,2026-06-10 22:43:33.471,active,,2026-06-10 02:19:29.133327,,,Boeing 757,t,status_unresolvable,,2026-06-11 00:08:35.44
467,3,AA413,AA,2026-06-10,08:50,DFW,SAT,10,green,2026-06-10 22:56:13.271,active,,2026-06-10 11:58:41.090256,,N842NN,Boeing 737-800,t,Arrived,0,2026-06-11 00:12:03.64
358,3,DL5408,DL,2026-06-10,15:38,JFK,MCI,47,amber,2026-06-10 22:43:37.471,active,,2026-06-10 02:57:21.896967,,N606LR,Canadair CRJ 900,t,status_unresolvable,,2026-06-11 00:08:38.341
423,3,AA2369,AA,2026-06-10,06:59,JFK,PHX,42,amber,2026-06-10 22:56:50.471,active,,2026-06-10 05:29:38.677773,,N455AN,Airbus A321 NEO,t,Arrived,0,2026-06-11 00:12:09.74
282,3,DL5789,DL,2026-06-10,14:13,BOS,CVG,10,green,2026-06-10 22:42:42.871,active,,2026-06-10 01:49:50.114826,,N227JQ,Embraer 175,t,Arrived,0,2026-06-11 00:12:39.538
300,3,DL3063,DL,2026-06-10,16:47,ATL,GPT,10,green,2026-06-10 22:43:06.571,active,,2026-06-10 01:50:03.814184,,N964AT,Boeing 717,t,Arrived,0,2026-06-11 01:26:13.406
517,3,WN319,WN,2026-06-10,09:55,ATL,PHX,7,green,2026-06-10 23:06:39.671,active,,2026-06-10 15:02:42.419146,,N286WN,Boeing 737-700,t,Arrived,0,2026-06-11 01:27:42.307
379,3,DL2141,DL,2026-06-10,08:30,BOS,BNA,4,green,2026-06-10 22:41:13.671,active,,2026-06-10 03:04:46.64438,,N308DU,Airbus A220-300,t,Arrived,0,2026-06-11 00:08:40.841
525,3,DL5845,DL,2026-06-10,06:50,BOS,PHL,53,amber,2026-06-10 23:07:06.67,active,,2026-06-10 15:58:12.229964,,N238JQ,Embraer 175,t,Arrived,0,2026-06-11 01:27:53.906
528,3,MQ3415,MQ,2026-06-10,11:39,ORD,GRB,28,amber,2026-06-10 23:07:16.671,active,,2026-06-10 15:58:14.630215,,N781EJ,Embraer 170,t,Arrived,0,2026-06-11 01:27:57.235
535,3,AA6437,AA,2026-06-10,16:56,DFW,MLU,13,green,2026-06-10 23:07:37.171,active,,2026-06-10 15:58:29.630084,,,Canadair reg jet 700,t,status_unresolvable,,2026-06-11 01:28:06.82
3,1,RPA5792,RP,2026-05-18,21:11,JFK,IAD,22,green,2026-05-18 22:11:40.367,cancelled,,2026-05-18 19:30:26.307776,,,,f,Arrived,0,2026-06-10 03:05:47.504
260,3,JRE840,JRE,2026-06-10,08:30,BOS,BWI,12,green,2026-06-10 22:41:29.771,active,,2026-06-10 01:49:23.713828,,N840JS,Cessna 560 Citation Excel,t,Departed,0,2026-06-11 00:09:01.54
276,3,WN887,WN,2026-06-10,12:50,BOS,DEN,8,green,2026-06-10 22:41:45.271,active,,2026-06-10 01:49:49.515106,,N8979L,Boeing 737 MAX 8,t,Arrived,0,2026-06-11 00:09:03.641
542,3,UA5949,UA,2026-06-10,08:49,ORD,PIA,22,green,2026-06-10 23:08:19.371,active,,2026-06-10 16:41:01.401462,,N964SW,Canadair CRJ 200,t,Arrived,0,2026-06-11 01:28:15.05
293,3,UA2040,UA,2026-06-10,19:45,ORD,CMH,27,amber,2026-06-10 22:42:02.171,active,,2026-06-10 01:50:00.012854,,,Boeing 737-800,t,status_unresolvable,,2026-06-11 00:09:06.241
365,3,WN4917,WN,2026-06-10,12:50,BOS,STL,7,green,2026-06-10 22:42:31.771,active,,2026-06-10 02:57:29.597807,,N7731A,Boeing 737-700,t,Arrived,0,2026-06-11 00:09:20.54
303,3,PD2948,PD,2026-06-10,20:25,BOS,YTZ,13,green,2026-06-10 22:42:39.771,active,,2026-06-10 01:50:04.31341,,,Bombardier Dash 8 Q400 / DHC-8-400,t,status_unresolvable,,2026-06-11 00:09:22.541
368,3,DL230,DL,2026-06-10,19:30,JFK,FCO,46,amber,2026-06-10 22:42:47.371,active,,2026-06-10 02:57:34.19881,,N815NW,Airbus A330,t,status_unresolvable,,2026-06-11 00:06:58.641
371,3,AA4403,AA,2026-06-10,20:59,ORD,PWM,29,amber,2026-06-10 22:42:53.102,active,,2026-06-10 02:57:42.397903,,,Embraer 175,t,status_unresolvable,,2026-06-11 00:07:12.24
409,3,UA5853,UA,2026-06-10,08:45,ORD,FAR,22,green,2026-06-10 22:42:59.771,active,,2026-06-10 04:59:40.896172,,N779SK,Canadair CRJ 700,t,Arrived,0,2026-06-11 00:07:18.641
258,3,DL323,DL,2026-06-10,07:30,ATL,LGA,42,amber,2026-06-10 22:43:09.471,active,,2026-06-10 01:49:23.113392,,N366DX,Airbus A321,t,Arrived,0,2026-06-11 00:08:09.241
362,3,AA3120,AA,2026-06-10,17:01,JFK,CLT,45,amber,2026-06-10 22:43:12.271,active,,2026-06-10 02:57:24.297374,,N9008U,Airbus A319,t,EnRoute,0,2026-06-11 00:08:30.241
350,3,DL749,DL,2026-06-10,10:11,LAX,TPA,8,green,2026-06-10 22:43:17.071,active,,2026-06-10 02:56:25.198989,,N594DA,Airbus A321 NEO,t,Arrived,0,2026-06-11 00:09:25.841
304,3,DL5129,DL,2026-06-10,18:00,ATL,MOB,12,green,2026-06-10 22:43:19.371,active,,2026-06-10 01:50:04.314333,,,Bombardier CRJ900,t,status_unresolvable,,2026-06-11 00:09:28.741
263,3,DL860,DL,2026-06-10,10:05,BOS,SFO,23,green,2026-06-10 22:43:26.571,active,,2026-06-10 01:49:25.215251,,N575DN,Airbus A321 NEO,t,Arrived,0,2026-06-11 00:09:30.741
255,3,DL5535,DL,2026-06-09,20:59,ATL,LFT,0,green,,archived,,2026-06-09 23:36:52.315219,,,,t,Arrived,0,2026-06-10 03:11:48.605
364,3,WUP652,WUP,2026-06-10,11:45,BOS,HTS,8,green,2026-06-10 22:43:30.471,active,,2026-06-10 02:57:28.400137,,N652UP,Embraer Phenom 300,t,Departed,0,2026-06-11 00:08:34.231
5,1,DL5792,DL,2026-05-18,21:11,JFK,IAD,13,green,2026-05-18 22:11:39.987,cancelled,,2026-05-18 19:33:04.670166,,,,f,Arrived,0,2026-06-10 03:05:39.705
1,1,RPA5792,RP,2026-05-18,21:11,JFK,IAD,19,green,2026-05-18 01:17:42.329,cancelled,,2026-05-17 21:33:36.796852,,,,f,Arrived,0,2026-06-10 03:05:43.705
285,3,UA1826,UA,2026-06-10,12:40,ATL,EWR,43,amber,2026-06-10 22:42:07.571,active,,2026-06-10 01:49:51.21358,,N890UA,Airbus A319,t,Arrived,0,2026-06-11 00:09:09.041
11,1,DL1316,DL,2026-05-19,19:45,DTW,JFK,27,amber,2026-05-23 16:38:11.87,cancelled,,2026-05-19 21:02:01.464111,,,,f,Arrived,0,2026-06-10 03:06:04.975
6,1,UA586,UA,2026-05-20,06:00,ORD,LGA,15,green,2026-05-23 16:38:07.065,cancelled,,2026-05-19 19:54:48.515572,,,,f,Arrived,0,2026-06-10 03:06:15.504
2,1,RPA5792,RP,2026-05-18,21:11,JFK,IAD,22,green,2026-05-18 18:06:34.339,cancelled,,2026-05-18 15:58:27.504043,,,,f,Arrived,0,2026-06-10 03:05:40.309
4,1,YX5792,YX,2026-05-18,21:11,JFK,IAD,13,green,2026-05-18 22:11:38.501,cancelled,,2026-05-18 19:31:57.171297,,,,f,Arrived,0,2026-06-10 03:05:49.703
9,1,AA1505,AA,2026-05-19,18:45,ORD,LGA,20,green,2026-05-23 16:38:12.941,cancelled,,2026-05-19 19:58:50.970667,,,,f,Arrived,0,2026-06-10 03:05:54.205
17,1,AA3052,AA,2026-05-19,18:00,TPA,CLT,24,green,2026-05-23 16:38:04.945,cancelled,,2026-05-19 21:16:12.453301,,,,f,Arrived,0,2026-06-10 03:05:56.304
12,1,UA1517,UA,2026-05-19,19:54,DFW,ORD,18,green,2026-05-23 16:38:15.284,cancelled,,2026-05-19 21:09:00.394597,,,,f,Arrived,0,2026-06-10 03:05:57.706
13,1,AA1517,AA,2026-05-19,21:20,DFW,ORD,20,green,2026-05-23 16:38:16.191,cancelled,,2026-05-19 21:09:37.990111,,,,f,Arrived,0,2026-06-10 03:05:58.805
10,1,UA2035,UA,2026-05-19,18:30,ORD,LGA,20,green,2026-05-23 16:38:08.849,cancelled,,2026-05-19 19:59:38.167071,,,,f,status_unresolvable,,2026-06-10 03:06:00.505
15,1,AA2363,AA,2026-05-19,14:41,DFW,MKE,16,green,2026-05-23 16:38:05.846,cancelled,,2026-05-19 21:13:33.365609,,,,f,Arrived,0,2026-06-10 03:06:02.304
18,1,AA352,AA,2026-05-19,20:39,MIA,LGA,15,green,2026-05-23 16:38:09.903,cancelled,,2026-05-19 21:16:29.385586,,,,f,status_unresolvable,,2026-06-10 03:06:06.404
14,1,AA1421,AA,2026-05-19,16:31,MKE,DFW,18,green,2026-05-23 16:38:18.178,cancelled,,2026-05-19 21:12:46.73638,,,,f,Arrived,0,2026-06-10 03:06:08.605
16,1,AA3053,AA,2026-05-19,20:04,DFW,MKE,75,red,2026-05-23 16:38:10.923,cancelled,,2026-05-19 21:14:11.568965,2026-05-23 16:38:11.407,,,f,Cancelled,0,2026-06-10 03:06:12.703
8,1,DL5719,DL,2026-05-20,06:07,ORD,JFK,15,green,2026-05-23 16:38:17.2,cancelled,,2026-05-19 19:57:19.670911,,,,f,Arrived,0,2026-06-10 03:06:13.704
20,1,WN1800,WN,2026-05-30,07:45,MDW,BOS,13,green,2026-05-30 08:46:34.098,cancelled,,2026-05-30 08:46:29.314952,,,,f,Arrived,0,2026-06-10 03:06:18.204
388,3,DL434,DL,2026-06-10,18:00,ATL,LGA,47,amber,2026-06-10 22:43:47.271,active,,2026-06-10 03:04:55.524975,,N378DN,Airbus A321,t,EnRoute,0,2026-06-11 00:09:35.84
551,3,DL1929,DL,2026-06-10,10:01,ATL,MTY,7,green,2026-06-10 23:09:02.57,active,,2026-06-10 16:42:01.706176,,N325NB,Airbus A319,t,Arrived,0,2026-06-11 01:28:25.206
80,3,AA1324,AA,2026-06-06,07:10,DFW,SJD,17,green,2026-06-06 23:28:20.139,archived,,2026-06-06 06:00:33.522912,,N896NN,Boeing 737-800,t,EnRoute,0,2026-06-10 03:10:14.405
391,3,UA4732,UA,2026-06-10,19:45,ORD,ELP,27,amber,2026-06-10 22:43:50.871,active,,2026-06-10 03:04:57.949432,,,Embraer 175,t,status_unresolvable,,2026-06-11 00:09:38.04
370,3,UA1842,UA,2026-06-10,19:45,ORD,FSD,29,amber,2026-06-10 22:43:53.671,active,,2026-06-10 02:57:41.698023,,,Airbus A320,t,status_unresolvable,,2026-06-11 00:09:39.341
329,3,UA4772,UA,2026-06-10,15:40,ORD,MKE,30,amber,2026-06-10 22:43:56.271,active,,2026-06-10 02:19:29.064998,,,,t,status_unresolvable,,2026-06-11 00:09:43.041
392,3,UA1850,UA,2026-06-10,22:00,ORD,OMA,29,amber,2026-06-10 22:44:06.871,active,,2026-06-10 03:04:58.010981,,,Boeing 737-900,t,status_unresolvable,,2026-06-11 00:09:45.241
333,3,AA6438,AA,2026-06-10,16:52,ORD,ROC,25,amber,2026-06-10 22:44:09.571,active,,2026-06-10 02:19:29.110249,,,Canadair reg jet 700,t,status_unresolvable,,2026-06-11 00:09:46.021
410,3,AA2746,AA,2026-06-10,07:00,LAX,DFW,9,green,2026-06-10 22:44:12.97,active,,2026-06-10 05:00:39.380274,,N157UW,Airbus A321,t,Arrived,0,2026-06-11 00:09:46.691
338,3,DL2234,DL,2026-06-10,19:30,BOS,TPA,12,green,2026-06-10 22:44:16.371,active,,2026-06-10 02:19:31.880026,,N3744F,Boeing 737-800,t,EnRoute,0,2026-06-11 00:09:47.44
339,3,KL618,KL,2026-06-10,20:25,BOS,AMS,14,green,2026-06-10 22:44:19.671,active,,2026-06-10 02:19:32.779721,,PH-AKA,Airbus A330,t,status_unresolvable,,2026-06-11 00:09:48.24
340,3,UA5290,UA,2026-06-10,19:45,ORD,BOI,29,amber,2026-06-10 22:44:28.17,active,,2026-06-10 02:19:38.979622,,,Embraer 175,t,status_unresolvable,,2026-06-11 00:09:50.441
315,3,DL1421,DL,2026-06-10,07:00,LAX,SFO,22,green,2026-06-10 22:44:33.102,active,,2026-06-10 02:19:13.181348,,N774DE,Boeing 737-800,t,Arrived,0,2026-06-11 00:09:51.541
342,3,UA5751,UA,2026-06-10,22:00,ORD,COU,31,amber,2026-06-10 22:44:36.371,active,,2026-06-10 02:19:40.480243,,,,t,status_unresolvable,,2026-06-11 00:09:52.24
366,3,DL436,DL,2026-06-10,19:40,DFW,ATL,15,green,2026-06-10 22:44:40.871,active,,2026-06-10 02:57:31.298553,,,Airbus A320,t,status_unresolvable,,2026-06-11 00:09:53.04
264,3,AA1697,AA,2026-06-10,08:55,DFW,COS,12,green,2026-06-10 22:44:43.771,active,,2026-06-10 01:49:25.21559,,N946AN,Boeing 737-800,t,Arrived,0,2026-06-11 00:09:53.476
374,3,AA1792,AA,2026-06-10,07:10,DFW,DTW,15,green,2026-06-10 22:44:50.271,active,,2026-06-10 03:04:35.046555,,N834NN,Boeing 737-800,t,Arrived,0,2026-06-11 00:09:55.44
386,3,UA457,UA,2026-06-10,12:50,LAX,ORD,23,green,2026-06-10 22:44:54.202,active,,2026-06-10 03:04:49.948627,,N57855,Boeing 757-300,t,EnRoute,0,2026-06-11 00:09:56.34
389,3,DL5814,DL,2026-06-10,17:05,BOS,JFK,45,amber,2026-06-10 22:44:56.771,active,,2026-06-10 03:04:57.68113,,,Embraer 175,t,status_unresolvable,,2026-06-11 00:09:57.04
341,3,AA2682,AA,2026-06-10,20:59,ORD,BOS,29,amber,2026-06-10 22:44:59.571,active,,2026-06-10 02:19:39.979728,,,Boeing 737-800,t,status_unresolvable,,2026-06-11 00:09:57.728
332,3,DL1104,DL,2026-06-10,21:15,ATL,DAL,16,green,2026-06-10 22:45:01.871,active,,2026-06-10 02:19:29.0902,,,Boeing 717-200,t,status_unresolvable,,2026-06-11 00:09:58.22
380,3,AA4110,AA,2026-06-10,11:55,DFW,LFT,75,red,2026-06-10 22:45:09.57,active,,2026-06-10 03:04:46.647614,,,Embraer 175,t,Cancelled,0,2026-06-11 00:09:59.608
383,3,PD616,PD,2026-06-10,10:05,BOS,YYZ,8,green,2026-06-10 22:43:40.071,active,,2026-06-10 03:04:46.686813,,C-GZQF,Embraer 195,t,Arrived,0,2026-06-11 00:10:00.112
354,3,AA3719,AA,2026-06-10,11:45,ORD,MSP,75,red,2026-06-10 22:43:42.771,active,,2026-06-10 02:57:16.397465,,,Embraer 170,t,Cancelled,0,2026-06-11 00:09:32.24
7,1,AA696,AA,2026-05-19,15:57,ORD,JFK,18,green,2026-05-23 16:38:14.13,cancelled,,2026-05-19 19:56:08.942073,,,,f,Arrived,0,2026-06-10 03:06:10.606
66,3,UA2056,UA,2026-06-04,21:34,LAX,SFO,30,amber,2026-06-04 23:45:49.089,archived,,2026-06-04 06:01:35.324397,,,Boeing 737-800,t,Arrived,0,2026-06-10 03:06:20.878
43,3,DL3601,DL,2026-06-04,14:05,LAX,SAN,14,green,2026-06-04 23:43:32.289,archived,,2026-06-04 06:00:52.721982,,N286SY,Embraer 175,t,Arrived,0,2026-06-10 03:06:22.097
59,3,BA192,BA,2026-06-04,19:40,DFW,LHR,11,green,2026-06-04 23:43:42.389,archived,,2026-06-04 06:01:27.723144,,G-XLEC,Airbus A380-800,t,Arrived,0,2026-06-10 03:06:22.545
44,3,AA216,AA,2026-06-04,15:40,DFW,ATH,8,green,2026-06-04 23:43:50.589,archived,,2026-06-04 06:00:54.025057,,N721AN,Boeing 777-300,t,Arrived,0,2026-06-10 03:06:23.195
45,3,AA2864,AA,2026-06-04,16:57,DFW,LAS,9,green,2026-06-04 23:43:57.189,archived,,2026-06-04 06:00:56.323791,,N341SV,Boeing 737-800,t,Arrived,0,2026-06-10 03:06:23.904
46,3,DL295,DL,2026-06-04,11:20,ATL,HND,12,green,2026-06-04 23:43:59.489,archived,,2026-06-04 06:00:56.722364,,N572DZ,Airbus A350,t,Arrived,0,2026-06-10 03:06:24.504
60,3,AA1797,AA,2026-06-04,20:51,DFW,LAS,13,green,2026-06-04 23:44:02.289,archived,,2026-06-04 06:01:28.524278,,,Airbus A321,t,Arrived,0,2026-06-10 03:06:25.085
62,3,AA4065,AA,2026-06-04,22:38,DFW,CRP,13,green,2026-06-04 23:44:04.989,archived,,2026-06-04 06:01:31.32461,,,Embraer 175,t,Cancelled,0,2026-06-10 03:06:25.617
63,3,DL3063,DL,2026-06-04,16:52,ATL,GPT,9,green,2026-06-04 23:44:07.389,archived,,2026-06-04 06:01:31.824213,,N899AT,Boeing 717,t,Arrived,0,2026-06-10 03:06:26.305
64,3,AS321,AS,2026-06-04,20:00,LAX,ANC,13,green,2026-06-04 23:44:09.89,archived,,2026-06-04 06:01:34.12361,,,Boeing 737-900,t,Departed,0,2026-06-10 03:06:26.961
65,3,AA4446,AA,2026-06-04,19:49,JFK,IND,11,green,2026-06-04 23:44:13.09,archived,,2026-06-04 06:01:35.024948,,N107HQ,Embraer 175,t,Arrived,0,2026-06-10 03:06:27.705
22,3,AA2369,AA,2026-06-04,06:59,JFK,PHX,21,green,2026-06-04 23:44:16.389,archived,,2026-06-04 06:00:34.122447,,N466AN,Airbus A321 NEO,t,Arrived,0,2026-06-10 03:06:28.388
23,3,AA2746,AA,2026-06-04,07:00,LAX,DFW,6,green,2026-06-04 23:44:18.389,archived,,2026-06-04 06:00:35.224992,,N972UY,Airbus A321,t,Arrived,0,2026-06-10 03:06:29.003
25,3,UA2039,UA,2026-06-04,09:00,LAX,PIT,6,green,2026-06-04 23:44:22.389,archived,,2026-06-04 06:00:36.424904,,N37278,Boeing 737 MAX 8,t,Arrived,0,2026-06-10 03:06:29.705
26,3,DL1955,DL,2026-06-04,08:15,JFK,MBJ,5,green,2026-06-04 23:44:25.289,archived,,2026-06-04 06:00:37.223111,,N520DE,Airbus A321 NEO,t,Departed,0,2026-06-10 03:06:30.736
27,3,DL615,DL,2026-06-04,10:18,LAX,CUN,6,green,2026-06-04 23:44:38.491,archived,,2026-06-04 06:00:37.622939,,N587DT,Airbus A321 NEO,t,Arrived,0,2026-06-10 03:06:31.604
28,3,AA503,AA,2026-06-04,10:20,DFW,PUJ,7,green,2026-06-04 23:44:45.889,archived,,2026-06-04 06:00:38.023276,,N995AN,Airbus A321,t,Departed,0,2026-06-10 03:06:32.321
29,3,DL1585,DL,2026-06-04,07:30,ATL,IAH,6,green,2026-06-04 23:44:47.789,archived,,2026-06-04 06:00:38.42396,,N324DX,Airbus A321,t,Arrived,0,2026-06-10 03:06:33.205
30,3,DL1004,DL,2026-06-04,09:02,ATL,ABQ,6,green,2026-06-04 23:44:49.989,archived,,2026-06-04 06:00:39.623634,,N852DN,Airbus A321 NEO,t,Arrived,0,2026-06-10 03:06:34.674
32,3,DL1743,DL,2026-06-04,10:08,ATL,TYS,7,green,2026-06-04 23:44:52.889,archived,,2026-06-04 06:00:41.22374,,N944AT,Boeing 717,t,Arrived,0,2026-06-10 03:06:35.92
71,3,DL176,DL,2026-06-04,19:50,ATL,DUB,11,green,2026-06-04 23:46:06.189,archived,,2026-06-04 06:01:41.02247,,N416DX,Airbus A330-900,t,Arrived,0,2026-06-10 03:06:49.104
31,3,AA6352,AA,2026-06-04,11:45,ORD,STL,75,red,2026-06-04 23:46:25.09,archived,,2026-06-04 06:00:40.524443,,,Canadair reg jet 700,t,Cancelled,0,2026-06-10 03:07:03.406
106,3,AA3612,AA,2026-06-06,13:06,ORD,LAN,75,red,2026-06-06 23:28:30.138,archived,,2026-06-06 06:01:02.685309,,,Embraer 170,t,Cancelled,0,2026-06-10 03:08:52.304
347,3,VS26,VS,2026-06-10,08:15,JFK,LHR,42,amber,2026-06-10 22:45:49.471,active,,2026-06-10 02:56:23.837989,,G-VOWS,Boeing 787-9,t,Arrived,0,2026-06-11 00:10:01.24
558,3,DL1341,DL,2026-06-10,12:30,ATL,FLL,8,green,2026-06-10 23:09:52.501,active,,2026-06-10 16:42:27.005193,,N353DN,Airbus A321,t,Arrived,0,2026-06-11 01:28:31.506
349,3,UA1185,UA,2026-06-10,08:51,LAX,SJD,6,green,2026-06-10 22:45:54.171,active,,2026-06-10 02:56:24.323669,,N77538,Boeing 737-800,t,EnRoute,0,2026-06-11 00:10:02.013
292,3,BA192,BA,2026-06-10,19:40,DFW,LHR,15,green,2026-06-10 22:45:58.702,active,,2026-06-10 01:49:59.812955,,G-XLEI,Airbus A380-800,t,status_unresolvable,,2026-06-11 00:10:02.851
297,3,AA4981,AA,2026-06-10,20:56,DFW,DRO,19,green,2026-06-10 22:46:03.471,active,,2026-06-10 01:50:03.112752,,,Canadair reg jet 700,t,status_unresolvable,,2026-06-11 00:10:03.641
301,3,AA5044,AA,2026-06-10,22:40,DFW,JAN,17,green,2026-06-10 22:46:06.571,active,,2026-06-10 01:50:04.113797,,N533AE,Canadair reg jet 700,t,status_unresolvable,,2026-06-11 00:10:04.463
309,3,AA5442,AA,2026-06-10,07:10,DFW,XNA,12,green,2026-06-10 22:46:11.271,active,,2026-06-10 02:18:59.394455,,N616NN,Canadair CRJ 900NG,t,Arrived,0,2026-06-11 00:10:05.095
265,3,UA342,UA,2026-06-10,08:45,ORD,GCM,24,green,2026-06-10 22:46:34.671,active,,2026-06-10 01:49:25.712325,,,Boeing 737-800,t,status_unresolvable,,2026-06-11 00:10:06.24
317,3,DL2343,DL,2026-06-10,12:59,JFK,DTW,48,amber,2026-06-10 22:46:54.97,active,,2026-06-10 02:19:13.848244,,N359NB,Airbus A319,t,Arrived,0,2026-06-11 00:10:06.793
262,3,UA325,UA,2026-06-10,11:43,LAX,SEA,8,green,2026-06-10 22:47:01.801,active,,2026-06-10 01:49:25.214329,,N76505,Boeing 737-800,t,Arrived,0,2026-06-11 00:10:07.741
357,3,AA2766,AA,2026-06-10,18:30,DFW,LAX,15,green,2026-06-10 22:47:07.171,active,,2026-06-10 02:57:21.300443,,N508AY,Airbus A321,t,EnRoute,0,2026-06-11 00:10:08.641
310,3,AA1396,AA,2026-06-10,08:55,DFW,AUS,10,green,2026-06-10 22:47:10.271,active,,2026-06-10 02:19:02.07982,,N730US,Boeing 727-200,t,Arrived,0,2026-06-11 00:10:10.34
268,3,UA4458,UA,2026-06-10,10:25,ORD,ATW,23,green,2026-06-10 22:47:13.271,active,,2026-06-10 01:49:27.411984,,N524GJ,Canadair Regional Jet,t,Arrived,0,2026-06-11 00:10:11.84
311,3,DL1479,DL,2026-06-10,07:30,ATL,CMH,7,green,2026-06-10 22:47:35.771,active,,2026-06-10 02:19:06.591289,,N363NW,Airbus A320,t,Arrived,0,2026-06-11 00:10:13.04
312,3,DL1271,DL,2026-06-10,09:05,ATL,FLL,7,green,2026-06-10 22:47:50.97,active,,2026-06-10 02:19:06.634188,,N363DN,Airbus A321,t,Arrived,0,2026-06-11 00:10:14.247
270,3,UA152,UA,2026-06-10,12:50,LAX,HKG,7,green,2026-06-10 22:48:01.07,active,,2026-06-10 01:49:27.414949,,N29981,Boeing 787-9,t,EnRoute,0,2026-06-11 00:10:15.14
318,3,DL5012,DL,2026-06-10,14:20,JFK,CVG,45,amber,2026-06-10 22:48:06.371,active,,2026-06-10 02:19:13.890416,,N832SK,Canadair CRJ 900,t,Arrived,0,2026-06-11 00:10:15.934
411,3,AA2861,AA,2026-06-10,11:55,DFW,EWR,46,amber,2026-06-10 22:48:10.471,active,,2026-06-10 05:00:40.180649,,N871NN,Boeing 737-800,t,Arrived,0,2026-06-11 00:10:18.293
355,3,AA6421,AA,2026-06-10,16:57,DFW,LBB,15,green,2026-06-10 22:48:14.471,active,,2026-06-10 02:57:16.600712,,,Canadair reg jet 700,t,status_unresolvable,,2026-06-11 00:10:19.54
330,3,QF16,QF,2026-06-10,21:30,LAX,BNE,13,green,2026-06-10 22:48:32.071,active,,2026-06-10 02:19:29.074783,,,Airbus A330-200,t,status_unresolvable,,2026-06-11 00:10:20.46
360,3,DL2136,DL,2026-06-10,19:43,ATL,JAN,12,green,2026-06-10 22:48:38.371,active,,2026-06-10 02:57:23.899614,,,Boeing 717-200,t,status_unresolvable,,2026-06-11 00:10:21.216
348,3,DL3700,DL,2026-06-10,07:00,LAX,SMF,7,green,2026-06-10 22:48:54.771,active,,2026-06-10 02:56:24.280517,,N296SY,Embraer 175,t,Arrived,0,2026-06-11 00:10:22.04
283,3,AA2864,AA,2026-06-10,16:57,DFW,LAS,13,green,2026-06-10 22:49:06.27,active,,2026-06-10 01:49:50.613704,,N316RK,Boeing 737-800,t,EnRoute,0,2026-06-11 00:10:23.436
286,3,AA499,AA,2026-06-10,18:30,DFW,SAT,15,green,2026-06-10 22:49:10.271,active,,2026-06-10 01:49:51.713155,,N9002U,Airbus A319,t,EnRoute,0,2026-06-11 00:10:24.341
334,3,UA2303,UA,2026-06-10,23:15,LAX,EWR,49,amber,2026-06-10 22:49:15.071,active,,2026-06-10 02:19:29.118218,,N45956,Boeing 777,t,status_unresolvable,,2026-06-11 00:10:25.429
344,3,UA6033,UA,2026-06-10,07:00,ORD,MSY,22,green,2026-06-10 22:49:19.171,active,,2026-06-10 02:56:22.830247,,N612UX,Embraer 175,t,Arrived,0,2026-06-11 00:10:26.84
345,3,UA5997,UA,2026-06-10,10:25,ORD,MCI,25,amber,2026-06-10 22:45:14.771,active,,2026-06-10 02:56:22.896062,,N87368,Embraer 175,t,Arrived,0,2026-06-11 00:10:27.533
196,3,UA644,UA,2026-06-09,08:45,DFW,DEN,24,green,2026-06-09 23:37:39.003,archived,,2026-06-09 23:35:09.754492,,N76526,Boeing 737-800,t,Arrived,0,2026-06-10 03:33:11.144
346,3,DL742,DL,2026-06-10,07:00,JFK,LAX,42,amber,2026-06-10 22:45:20.271,active,,2026-06-10 02:56:23.794638,,N402DX,Airbus A330,t,Arrived,0,2026-06-11 00:10:00.686
67,3,EK206,EK,2026-06-04,22:20,JFK,MXP,12,green,2026-06-04 23:45:54.889,archived,,2026-06-04 06:01:36.02401,,A6-EOI,Airbus A380,t,Arrived,0,2026-06-10 03:06:37.703
69,3,KL618,KL,2026-06-04,20:25,BOS,AMS,23,green,2026-06-04 23:45:58.389,archived,,2026-06-04 06:01:38.622501,,PH-AOF,Airbus A330,t,Arrived,0,2026-06-10 03:06:45.104
70,3,AF331,AF,2026-06-04,21:45,BOS,CDG,18,green,2026-06-04 23:46:02.889,archived,,2026-06-04 06:01:39.922028,,F-HUVC,Airbus A350-900,t,Arrived,0,2026-06-10 03:06:47.503
72,3,DL2879,DL,2026-06-04,19:45,ORD,ATL,11,green,2026-06-04 23:46:08.089,archived,,2026-06-04 06:01:41.023622,,,Airbus A321,t,Arrived,0,2026-06-10 03:06:51.904
73,3,DL1027,DL,2026-06-04,21:15,ATL,BTV,13,green,2026-06-04 23:46:10.09,archived,,2026-06-04 06:01:41.422798,,,Boeing 737-800,t,Arrived,0,2026-06-10 03:06:53.004
74,3,AA4219,AA,2026-06-04,20:59,ORD,ROC,13,green,2026-06-04 23:46:14.289,archived,,2026-06-04 06:01:41.4241,,,Embraer 170,t,Cancelled,0,2026-06-10 03:06:54.604
75,3,UA4511,UA,2026-06-04,22:00,ORD,ATW,13,green,2026-06-04 23:46:17.689,archived,,2026-06-04 06:01:42.026665,,,,t,Arrived,0,2026-06-10 03:06:55.255
21,3,DL893,DL,2026-06-04,07:10,DFW,ATL,6,green,2026-06-04 23:46:20.589,archived,,2026-06-04 06:00:33.423772,,N353DN,Airbus A321,t,Arrived,0,2026-06-10 03:06:59.703
24,3,AA2639,AA,2026-06-04,08:51,DFW,BOS,11,green,2026-06-04 23:46:22.889,archived,,2026-06-04 06:00:35.623526,,N910AU,Airbus A321,t,Arrived,0,2026-06-10 03:07:01.503
49,3,DL5288,DL,2026-06-04,12:50,ATL,AGS,7,green,2026-06-04 23:46:29.989,archived,,2026-06-04 06:01:05.522642,,N183GJ,Canadair CRJ 900,t,Arrived,0,2026-06-10 03:07:04.703
37,3,AS6,AS,2026-06-04,11:54,LAX,DCA,14,green,2026-06-04 23:46:27.99,archived,,2026-06-04 06:00:48.923494,,N812AK,Boeing 737 MAX 8,t,Arrived,0,2026-06-10 03:07:07.22
53,3,UA987,UA,2026-06-04,18:10,ORD,CDG,11,green,2026-06-04 23:46:34.59,archived,,2026-06-04 06:01:14.625319,,N17015,Boeing 787-10,t,Arrived,0,2026-06-10 03:07:07.904
58,3,AA2557,AA,2026-06-04,17:10,JFK,GEO,8,green,2026-06-04 23:46:39.689,archived,,2026-06-04 06:01:27.224012,,N349TV,Boeing 737 MAX 8,t,EnRoute,0,2026-06-10 03:07:09.906
61,3,DL1005,DL,2026-06-04,15:32,ATL,DTW,9,green,2026-06-04 23:46:44.911,archived,,2026-06-04 06:01:30.023864,,N590NW,Boeing 757-300,t,Arrived,0,2026-06-10 03:07:13.105
33,3,AA3612,AA,2026-06-04,13:06,ORD,LAN,75,red,2026-06-04 23:44:55.69,archived,,2026-06-04 06:00:41.623486,,,Embraer 170,t,Cancelled,0,2026-06-10 03:07:14.205
51,3,AA4062,AA,2026-06-04,16:58,ORD,LIT,9,green,2026-06-04 23:44:57.889,archived,,2026-06-04 06:01:08.523606,,,Embraer 170,t,Cancelled,0,2026-06-10 03:07:15.405
35,3,DL2323,DL,2026-06-04,11:29,JFK,AUS,7,green,2026-06-04 23:45:05.889,archived,,2026-06-04 06:00:47.122829,,N858DZ,Boeing 737,t,Arrived,0,2026-06-10 03:07:21.105
36,3,WN4208,WN,2026-06-04,11:35,BOS,DEN,12,green,2026-06-04 23:45:09.99,archived,,2026-06-04 06:00:47.625324,,N8981Q,Boeing 737 MAX 8,t,Arrived,0,2026-06-10 03:07:22.505
38,3,DL5829,DL,2026-06-04,12:55,BOS,EWR,12,green,2026-06-04 23:45:14.689,archived,,2026-06-04 06:00:49.623074,,N201JQ,Embraer 175,t,Arrived,0,2026-06-10 03:07:24.105
178,3,DL324,DL,2026-06-07,19:25,BOS,SEA,18,green,2026-06-07 22:57:02.753,archived,,2026-06-07 06:01:59.528935,,N539DN,Airbus A321 NEO,t,Arrived,0,2026-06-10 03:10:30.121
313,3,UA5992,UA,2026-06-10,07:00,ORD,JAX,22,green,2026-06-10 22:50:30.871,active,,2026-06-10 02:19:06.742522,,N163SY,Embraer 175,t,Arrived,0,2026-06-11 00:10:34.441
314,3,UA1793,UA,2026-06-10,10:25,ORD,MSY,23,green,2026-06-10 22:50:33.17,active,,2026-06-10 02:19:06.810752,,N37420,Boeing 737-900,t,Arrived,0,2026-06-11 00:10:35.54
291,3,WN754,WN,2026-06-10,18:25,BOS,STL,27,amber,2026-06-10 22:50:35.971,active,,2026-06-10 01:49:58.913822,,N8803L,Boeing 737-800,t,status_unresolvable,,2026-06-11 00:10:36.44
287,3,DL2467,DL,2026-06-10,14:12,ATL,MYR,10,green,2026-06-10 22:50:38.671,active,,2026-06-10 01:49:52.013667,,N943AT,Boeing 717,t,Arrived,0,2026-06-11 00:10:37.437
319,3,WN4154,WN,2026-06-10,12:40,ATL,HOU,8,green,2026-06-10 22:50:42.071,active,,2026-06-10 02:19:13.898472,,N245WN,Boeing 737-700,t,Arrived,0,2026-06-11 00:10:38.841
298,3,BA172,BA,2026-06-10,20:55,JFK,LHR,49,amber,2026-06-10 22:49:22.371,active,,2026-06-10 01:50:03.613033,,G-VIIN,Boeing 777-200,t,status_unresolvable,,2026-06-11 00:10:40.448
279,3,DL483,DL,2026-06-10,11:18,ATL,BUR,8,green,2026-06-10 22:49:25.37,active,,2026-06-10 01:49:49.716633,,N337DU,Airbus A220-300,t,Arrived,0,2026-06-11 00:10:41.053
412,3,UA5138,UA,2026-06-10,11:45,ORD,MGW,23,green,2026-06-10 22:49:28.403,active,,2026-06-10 05:00:45.582992,,N699BR,Canadair CRJ Freighter,t,Arrived,0,2026-06-11 00:10:41.543
295,3,AA4219,AA,2026-06-10,20:59,ORD,ROC,29,amber,2026-06-10 22:50:08.371,active,,2026-06-10 01:50:02.813122,,,Embraer 170,t,status_unresolvable,,2026-06-11 00:10:45.977
306,3,AA1372,AA,2026-06-10,19:43,ATL,ORD,27,amber,2026-06-10 22:50:12.271,active,,2026-06-10 01:50:07.312388,,,Airbus A319,t,status_unresolvable,,2026-06-11 00:10:47.146
307,3,DL2306,DL,2026-06-10,21:15,ATL,DSM,14,green,2026-06-10 22:50:15.171,active,,2026-06-10 01:50:07.512308,,,Boeing 717-200,t,status_unresolvable,,2026-06-11 00:10:48.24
316,3,DL615,DL,2026-06-10,10:11,LAX,CUN,7,green,2026-06-10 22:50:19.671,active,,2026-06-10 02:19:13.782692,,N936DZ,Boeing 737-900,t,Arrived,0,2026-06-11 00:10:48.94
415,3,AC1049,AC,2026-06-10,15:40,ORD,YVR,25,amber,2026-06-10 22:50:23.771,active,,2026-06-10 05:00:58.480633,,C-GJYC,Airbus A220-300,t,EnRoute,0,2026-06-11 00:10:49.783
305,3,TK82,TK,2026-06-10,21:50,BOS,IST,13,green,2026-06-10 22:49:32.47,active,,2026-06-10 01:50:04.812516,,TC-JOG,Airbus A330,t,status_unresolvable,,2026-06-11 00:10:42.44
274,3,AA3848,AA,2026-06-10,11:45,ORD,XNA,75,red,2026-06-10 22:49:36.071,active,,2026-06-10 01:49:49.512826,,,Embraer 170,t,Cancelled,0,2026-06-11 00:10:43.641
308,3,DL34,DL,2026-06-10,22:50,ATL,EDI,13,green,2026-06-10 22:50:26.672,active,,2026-06-10 01:50:07.612638,,N174DZ,Boeing 767-300,t,status_unresolvable,,2026-06-11 00:10:51.24
280,3,AA3716,AA,2026-06-10,13:07,ORD,MSN,28,amber,2026-06-10 22:49:42.171,active,,2026-06-10 01:49:50.112823,,,Embraer 170,t,Cancelled,0,2026-06-11 00:10:44.94
564,3,UA1695,UA,2026-06-10,07:18,DFW,ORD,25,amber,2026-06-10 23:10:15.47,active,,2026-06-10 17:56:54.087856,,N23708,Boeing 737-700,t,Arrived,0,2026-06-11 01:28:36.507
524,3,AA1438,AA,2026-06-10,12:34,DFW,BDL,11,green,2026-06-10 23:07:04.203,active,,2026-06-10 15:58:10.831484,,N956NN,Boeing 737-800,t,Arrived,0,2026-06-11 01:28:43.606
497,3,AA1304,AA,2026-06-10,09:00,DFW,SJD,9,green,2026-06-10 23:11:59.271,active,,2026-06-10 14:33:56.507847,,N472AN,Airbus A321 NEO,t,EnRoute,0,2026-06-11 01:28:49.707
735,3,AA3827,AA,2026-06-11,16:57,ORD,TUL,41,amber,2026-06-11 01:55:46.231,active,,2026-06-11 00:06:59.752515,,,Embraer 170,t,,,
573,3,DL5028,DL,2026-06-10,12:30,JFK,RDU,43,amber,2026-06-10 23:12:06.77,active,,2026-06-10 17:57:06.739272,,N910XJ,Canadair CRJ 900,t,Arrived,0,2026-06-11 01:28:52.606
588,3,AA1049,AA,2026-06-10,11:56,DFW,JFK,46,amber,2026-06-10 23:12:46.271,active,,2026-06-10 18:46:37.904666,,N856NN,Boeing 737-800,t,Arrived,0,2026-06-11 01:28:59.706
597,3,WN4893,WN,2026-06-10,12:45,LAX,OAK,8,green,2026-06-10 23:14:13.171,active,,2026-06-10 18:47:02.788282,,N8326F,Boeing 737-800,t,Arrived,0,2026-06-11 01:29:05.805
606,3,AZ615,AZ,2026-06-10,17:05,BOS,FCO,26,amber,2026-06-10 23:15:38.17,active,,2026-06-10 18:48:16.547301,,EI-HJO,Airbus A330,t,EnRoute,0,2026-06-11 01:29:12.906
722,3,DL1004,DL,2026-06-11,09:05,ATL,ABQ,6,green,2026-06-11 01:55:34.506,active,,2026-06-11 00:05:30.452758,,N912DU,Boeing 737,t,,,
741,3,AA2864,AA,2026-06-11,16:57,DFW,LAS,11,green,2026-06-11 01:55:50.306,active,,2026-06-11 00:07:25.151756,,,Boeing 737,t,,,
760,3,UA5974,UA,2026-06-11,08:45,ORD,ATW,43,amber,2026-06-11 01:55:56.306,active,,2026-06-11 01:24:57.270099,,,Bombardier CRJ,t,,,
266,3,DL1708,DL,2026-06-10,09:05,ATL,HSV,7,green,2026-06-10 22:49:48.77,active,,2026-06-10 01:49:25.713882,,N933AT,Boeing 717,t,Arrived,0,2026-06-11 00:10:28.843
198,3,DL963,DL,2026-06-09,07:35,ATL,CVG,6,green,2026-06-09 23:37:49.603,archived,,2026-06-09 23:35:16.430253,,N889DN,Boeing 737,t,Arrived,0,2026-06-10 03:33:45.544
288,3,DL806,DL,2026-06-10,17:00,JFK,LAS,45,amber,2026-06-10 22:49:53.071,active,,2026-06-10 01:49:55.413068,,N589DT,Airbus A321 NEO,t,EnRoute,0,2026-06-11 00:10:29.875
290,3,AA3309,AA,2026-06-10,17:05,BOS,PHL,56,amber,2026-06-10 22:49:55.771,active,,2026-06-10 01:49:57.41318,,N920AN,Boeing 737-800,t,status_unresolvable,,2026-06-11 00:10:31.041
299,3,UA4603,UA,2026-06-10,22:00,ORD,PIA,29,amber,2026-06-10 22:49:59.871,active,,2026-06-10 01:50:03.613546,,,,t,status_unresolvable,,2026-06-11 00:10:31.9
302,3,DL114,DL,2026-06-10,22:25,JFK,OPO,48,amber,2026-06-10 22:50:02.37,active,,2026-06-10 01:50:04.312895,,N193DN,Boeing 767-300,t,status_unresolvable,,2026-06-11 00:10:32.512
294,3,AA236,AA,2026-06-10,19:30,JFK,FCO,46,amber,2026-06-10 22:50:05.071,active,,2026-06-10 01:50:02.512899,,N824AN,Boeing 787-9,t,status_unresolvable,,2026-06-11 00:10:33.34
57,3,EY2,EY,2026-06-04,15:45,JFK,AUH,14,green,2026-06-04 23:42:59.29,archived,,2026-06-04 06:01:25.222637,,A6-XWB,Airbus A350-1000,t,Departed,0,2026-06-10 03:06:19.069
55,3,OS32,OS,2026-06-04,17:10,BOS,VIE,13,green,2026-06-04 23:45:47.09,archived,,2026-06-04 06:01:21.321748,,OE-LAE,Boeing 767-300,t,Arrived,0,2026-06-10 03:06:20.403
68,3,AA73,AA,2026-06-04,23:05,LAX,SYD,20,green,2026-06-04 23:45:51.989,archived,,2026-06-04 06:01:37.421809,,,Boeing 777-300ER,t,Arrived,0,2026-06-10 03:06:21.532
40,3,DL3794,DL,2026-06-04,12:54,LAX,GEG,14,green,2026-06-04 23:45:19.289,archived,,2026-06-04 06:00:50.524806,,N297SY,Embraer 175,t,Arrived,0,2026-06-10 03:07:26.205
39,3,HY102,HY,2026-06-04,12:55,JFK,TAS,6,green,2026-06-04 23:45:21.989,archived,,2026-06-04 06:00:49.625469,,UK78703,Boeing 787-8,t,Arrived,0,2026-06-10 03:07:27.005
48,3,UA5953,UA,2026-06-04,15:45,ORD,SLC,9,green,2026-06-04 23:45:24.491,archived,,2026-06-04 06:01:03.324519,,,Embraer 175,t,Cancelled,0,2026-06-10 03:07:32.905
50,3,DL2890,DL,2026-06-04,14:06,ATL,IAH,9,green,2026-06-04 23:45:28.289,archived,,2026-06-04 06:01:07.727042,,N346DN,Airbus A321,t,Arrived,0,2026-06-10 03:07:35.105
47,3,AA2401,AA,2026-06-04,18:30,DFW,TPA,11,green,2026-06-04 23:45:33.689,archived,,2026-06-04 06:01:02.523043,,N927NN,Boeing 737-800,t,Arrived,0,2026-06-10 03:07:39.605
42,3,AA4375,AA,2026-06-04,14:05,BOS,LGA,14,green,2026-06-04 23:45:36.289,archived,,2026-06-04 06:00:51.325629,,N115HQ,Embraer 175,t,Arrived,0,2026-06-10 03:07:42.106
52,3,AA2718,AA,2026-06-04,15:37,LAX,ORD,16,green,2026-06-04 23:45:39.51,archived,,2026-06-04 06:01:13.52544,,N941NN,Boeing 737-800,t,Arrived,0,2026-06-10 03:07:44.205
54,3,UA2221,UA,2026-06-04,17:05,LAX,OGG,18,green,2026-06-04 23:45:42.589,archived,,2026-06-04 06:01:17.422217,,N37297,Boeing 737 MAX 8,t,EnRoute,0,2026-06-10 03:07:45.903
56,3,UA639,UA,2026-06-04,18:26,BOS,LAX,21,green,2026-06-04 23:45:44.29,archived,,2026-06-04 06:01:22.821814,,N67501,Boeing 737,t,Arrived,0,2026-06-10 03:07:46.505
86,3,AA941,AA,2026-06-06,10:14,DFW,XPL,18,green,2026-06-06 23:29:44.938,archived,,2026-06-06 06:00:33.62985,,N933NN,Boeing 737-800,t,EnRoute,0,2026-06-10 03:09:22.504
413,3,DL350,DL,2026-06-10,12:40,ATL,BOS,23,green,2026-06-10 22:50:44.971,active,,2026-06-10 05:00:46.490072,,N342DN,Airbus A321,t,Arrived,0,2026-06-11 00:10:51.941
83,3,AA1473,AA,2026-06-06,08:50,DFW,STT,17,green,2026-06-06 23:29:41.239,archived,,2026-06-06 06:00:33.585534,,N8027D,Airbus A319,t,Arrived,0,2026-06-10 03:09:24.604
128,3,AA5044,AA,2026-06-06,22:40,DFW,JAN,25,amber,2026-06-06 23:29:39.639,archived,,2026-06-06 06:01:36.482764,,,Canadair reg jet 700,t,EnRoute,0,2026-06-10 03:09:25.591
127,3,QF16,QF,2026-06-06,21:30,LAX,BNE,12,green,2026-06-06 23:29:36.338,archived,,2026-06-06 06:01:36.085605,,,Airbus A330-200,t,Arrived,0,2026-06-10 03:09:26.805
125,3,DL1537,DL,2026-06-06,19:55,LAX,LAS,13,green,2026-06-06 23:29:32.838,archived,,2026-06-06 06:01:34.182293,,,Boeing 737-900,t,Arrived,0,2026-06-10 03:09:28.805
81,3,AM641,AM,2026-06-06,10:01,BOS,MEX,7,green,2026-06-06 23:29:16.438,archived,,2026-06-06 06:00:33.536142,,XA-AMG,Boeing 737-800,t,EnRoute,0,2026-06-10 03:09:30.704
124,3,AA1084,AA,2026-06-06,20:56,DFW,LAX,25,amber,2026-06-06 23:29:11.338,archived,,2026-06-06 06:01:33.285269,,,Airbus A321,t,Cancelled,0,2026-06-10 03:09:49.405
76,3,AA1902,AA,2026-06-06,07:02,ORD,DFW,14,green,2026-06-06 23:28:02.239,archived,,2026-06-06 06:00:33.525135,,N183UW,Airbus A321,t,Arrived,0,2026-06-10 03:10:11.705
118,3,AA4973,AA,2026-06-06,16:59,ORD,DSM,9,green,2026-06-06 23:28:23.839,archived,,2026-06-06 06:01:25.082795,,,Canadair reg jet 700,t,Cancelled,0,2026-06-10 03:10:15.706
170,3,AS2162,AS,2026-06-07,20:00,LAX,RDM,13,green,2026-06-07 22:56:46.184,archived,,2026-06-07 06:01:54.529717,,,Embraer 175,t,EnRoute,0,2026-06-10 03:10:23.805
171,3,EI122,EI,2026-06-07,15:45,ORD,DUB,26,amber,2026-06-07 22:56:47.74,archived,,2026-06-07 06:01:54.729162,,EI-EIK,Airbus A330-300,t,Arrived,0,2026-06-10 03:10:25.205
166,3,AS221,AS,2026-06-07,18:30,LAX,SFO,21,green,2026-06-07 22:56:49.753,archived,,2026-06-07 06:01:46.330781,,,Boeing 737-900,t,Arrived,0,2026-06-10 03:10:26.505
167,3,DL148,DL,2026-06-07,17:05,JFK,MLA,26,amber,2026-06-07 22:56:52.253,archived,,2026-06-07 06:01:46.529607,,N809NW,Airbus A330,t,Arrived,0,2026-06-10 03:10:28.105
168,3,AC753,AC,2026-06-07,15:40,BOS,YUL,16,green,2026-06-07 22:56:55.553,archived,,2026-06-07 06:01:49.529869,,C-GROV,Airbus A220-300,t,Arrived,0,2026-06-10 03:10:28.805
177,3,AA86,AA,2026-06-07,18:10,ORD,LHR,26,amber,2026-06-07 22:57:00.453,archived,,2026-06-07 06:01:59.028333,,N847MF,Boeing 787-9,t,Arrived,0,2026-06-10 03:10:29.511
180,3,DL5704,DL,2026-06-07,21:50,BOS,DCA,20,green,2026-06-07 22:57:06.352,archived,,2026-06-07 06:02:02.428994,,,Embraer 175,t,Arrived,0,2026-06-10 03:10:30.885
173,3,UA2632,UA,2026-06-07,21:30,LAX,IAD,13,green,2026-06-07 22:57:08.853,archived,,2026-06-07 06:01:56.728826,,,Boeing 737,t,Arrived,0,2026-06-10 03:10:32.704
174,3,AA1848,AA,2026-06-07,16:59,ORD,PHL,26,amber,2026-06-07 22:57:12.053,archived,,2026-06-07 06:01:56.928723,,N354PT,Boeing 737-800,t,Arrived,0,2026-06-10 03:10:33.332
190,3,AA2682,AA,2026-06-07,20:59,ORD,BOS,33,amber,2026-06-07 22:57:14.153,archived,,2026-06-07 06:02:36.228838,,,Boeing 737-800,t,Arrived,0,2026-06-10 03:10:33.989
193,3,AA1880,AA,2026-06-07,22:00,ORD,LAS,30,amber,2026-06-07 22:57:17.753,archived,,2026-06-07 06:02:37.028952,,,Boeing 737-800,t,Arrived,0,2026-06-10 03:10:35.104
107,3,UA2091,UA,2026-06-06,14:13,ORD,RDU,9,green,2026-06-06 23:28:33.738,archived,,2026-06-06 06:01:10.785039,,N66803,Boeing 737-900,t,Arrived,0,2026-06-10 03:07:58.305
108,3,EI110,EI,2026-06-06,18:25,JFK,SNN,25,amber,2026-06-06 23:28:36.838,archived,,2026-06-06 06:01:10.785512,,EI-LRA,Airbus A321,t,EnRoute,0,2026-06-10 03:07:59.904
109,3,DL3031,DL,2026-06-06,15:30,ATL,CLT,9,green,2026-06-06 23:28:39.738,archived,,2026-06-06 06:01:13.285406,,N926AT,Boeing 717,t,Arrived,0,2026-06-10 03:08:02.104
111,3,AF159,AF,2026-06-06,15:45,DFW,CDG,21,green,2026-06-06 23:28:41.939,archived,,2026-06-06 06:01:15.58145,,F-GSPA,Boeing 777,t,Arrived,0,2026-06-10 03:08:04.403
112,3,LF3008,LF,2026-06-06,17:00,DFW,TUP,21,green,2026-06-06 23:28:44.539,archived,,2026-06-06 06:01:16.384403,,N532CN,Embraer 140,t,EnRoute,0,2026-06-10 03:08:09.505
113,3,DL2902,DL,2026-06-06,18:15,ATL,IAD,11,green,2026-06-06 23:28:47.838,archived,,2026-06-06 06:01:16.385054,,N343NW,Airbus A320,t,Arrived,0,2026-06-10 03:08:10.903
114,3,AA2263,AA,2026-06-06,18:30,DFW,JAX,23,green,2026-06-06 23:28:52.14,archived,,2026-06-06 06:01:18.483491,,N188US,Airbus A321,t,Arrived,0,2026-06-10 03:08:12.503
116,3,UA4482,UA,2026-06-06,15:43,ORD,TUL,9,green,2026-06-06 23:28:57.639,archived,,2026-06-06 06:01:22.98277,,N521GJ,Canadair Regional Jet,t,Arrived,0,2026-06-10 03:08:19.805
119,3,AA143,AA,2026-06-06,15:37,LAX,HNL,9,green,2026-06-06 23:29:01.039,archived,,2026-06-06 06:01:26.382248,,N402AN,Airbus A321,t,EnRoute,0,2026-06-10 03:08:21.706
120,3,UA1732,UA,2026-06-06,18:07,ORD,TYS,11,green,2026-06-06 23:29:03.339,archived,,2026-06-06 06:01:26.384596,,N872UA,Airbus A319,t,Arrived,0,2026-06-10 03:08:23.304
121,3,AC559,AC,2026-06-06,17:05,LAX,YVR,9,green,2026-06-06 23:29:05.738,archived,,2026-06-06 06:01:28.283433,,C-GMYU,Airbus A220-300,t,Arrived,0,2026-06-10 03:08:26.004
122,3,DL436,DL,2026-06-06,19:40,DFW,ATL,23,green,2026-06-06 23:29:09.338,archived,,2026-06-06 06:01:31.682292,,,Airbus A320,t,Departed,0,2026-06-10 03:08:28.406
132,3,AA1880,AA,2026-06-06,22:00,ORD,LAS,15,green,2026-06-06 23:30:15.539,archived,,2026-06-06 06:01:39.581169,,,Boeing 737-800,t,Arrived,0,2026-06-10 03:09:11.905
130,3,UA481,UA,2026-06-06,19:50,ORD,SJC,11,green,2026-06-06 23:29:51.338,archived,,2026-06-06 06:01:38.981728,,,Airbus A319,t,Arrived,0,2026-06-10 03:09:14.305
89,3,SY252,SY,2026-06-06,11:40,BOS,MSP,7,green,2026-06-06 23:29:49.839,archived,,2026-06-06 06:00:35.583677,,N903SY,Boeing 737-900,t,Arrived,0,2026-06-10 03:09:15.905
88,3,UA2127,UA,2026-06-06,10:15,LAX,EWR,44,amber,2026-06-06 23:29:47.139,archived,,2026-06-06 06:00:33.633478,,N17133,Boeing 757-200,t,Arrived,0,2026-06-10 03:09:19.205
140,3,DL5526,DL,2026-06-07,10:05,ATL,LFT,7,green,2026-06-07 22:57:20.553,archived,,2026-06-07 06:00:52.728628,,N272PQ,Canadair CRJ 900,t,Arrived,0,2026-06-10 03:10:35.657
175,3,UA1605,UA,2026-06-07,23:05,LAX,BWI,13,green,2026-06-07 22:57:27.853,archived,,2026-06-07 06:01:57.528876,,,Boeing 737,t,Arrived,0,2026-06-10 03:10:37.237
189,3,UA1156,UA,2026-06-07,19:45,ORD,YYC,26,amber,2026-06-07 22:57:30.853,archived,,2026-06-07 06:02:35.229144,,,Boeing 737-800,t,Arrived,0,2026-06-10 03:10:38.631
160,3,AA1507,AA,2026-06-07,14:20,DFW,CUN,8,green,2026-06-07 22:57:33.053,archived,,2026-06-07 06:01:41.629611,,N822NN,Boeing 737-800,t,Arrived,0,2026-06-10 03:10:40.304
137,3,DL1708,DL,2026-06-07,09:05,ATL,HSV,11,green,2026-06-07 22:57:35.553,archived,,2026-06-07 06:00:51.528942,,N997AT,Boeing 717,t,Arrived,0,2026-06-10 03:10:41.122
133,3,DL1585,DL,2026-06-07,07:30,ATL,IAH,6,green,2026-06-07 22:57:38.253,archived,,2026-06-07 06:00:49.829268,,N319DN,Airbus A321,t,Arrived,0,2026-06-10 03:10:41.904
139,3,AA503,AA,2026-06-07,10:20,DFW,PUJ,6,green,2026-06-07 22:55:53.653,archived,,2026-06-07 06:00:52.328847,,N158AN,Airbus A321,t,Departed,0,2026-06-10 03:10:47.505
163,3,UA923,UA,2026-06-07,15:35,LAX,LHR,9,green,2026-06-07 22:56:11.753,archived,,2026-06-07 06:01:44.130758,,N29985,Boeing 787-9,t,Arrived,0,2026-06-10 03:10:50.004
164,3,DL2459,DL,2026-06-07,17:01,LAX,PDX,9,green,2026-06-07 22:56:26.053,archived,,2026-06-07 06:01:45.129919,,,Airbus A319,t,Arrived,0,2026-06-10 03:10:50.895
169,3,UA2040,UA,2026-06-07,17:05,BOS,ORD,31,amber,2026-06-07 22:56:41.953,archived,,2026-06-07 06:01:51.029272,,N47517,Boeing 737-900,t,Arrived,0,2026-06-10 03:10:51.561
110,3,DL1627,DL,2026-06-06,16:45,ATL,SNA,9,green,2026-06-06 23:31:25.558,archived,,2026-06-06 06:01:15.182943,,N727TW,Boeing 757-200,t,Arrived,0,2026-06-10 03:10:17.205
102,3,AA6387,AA,2026-06-06,14:04,LAX,ELP,9,green,2026-06-06 23:31:23.661,archived,,2026-06-06 06:00:52.585286,,,Canadair reg jet 700,t,Cancelled,0,2026-06-10 03:10:20.005
161,3,DL5468,DL,2026-06-07,12:39,ATL,EVV,7,green,2026-06-07 22:59:57.753,archived,,2026-06-07 06:01:42.72858,,N132EV,Canadair CRJ 900,t,Arrived,0,2026-06-10 03:10:21.105
142,3,AA1462,AA,2026-06-07,07:00,BOS,CLT,13,green,2026-06-07 22:57:44.952,archived,,2026-06-07 06:00:54.328366,,N122NN,Airbus A321 (Sharklets),t,Arrived,0,2026-06-10 03:10:53.604
138,3,AA2234,AA,2026-06-07,08:15,JFK,DFW,24,green,2026-06-07 22:57:48.284,archived,,2026-06-07 06:00:52.129438,,N107HQ,Embraer 175,t,status_unresolvable,,2026-06-10 03:10:56.505
145,3,PD616,PD,2026-06-07,10:05,BOS,YYZ,14,green,2026-06-07 22:57:50.852,archived,,2026-06-07 06:00:59.028656,,C-GKXV,Embraer 195,t,Arrived,0,2026-06-10 03:11:01.805
157,3,KE92,KE,2026-06-07,12:55,BOS,ICN,14,green,2026-06-07 22:57:52.853,archived,,2026-06-07 06:01:40.128924,,HL8210,Boeing 777,t,Arrived,0,2026-06-10 03:11:04.205
159,3,UA721,UA,2026-06-07,14:15,BOS,IAD,16,green,2026-06-07 22:57:55.284,archived,,2026-06-07 06:01:41.529494,,N62892,Boeing 737,t,Arrived,0,2026-06-10 03:11:05.205
182,3,EK206,EK,2026-06-07,22:20,JFK,MXP,30,amber,2026-06-07 22:57:59.253,archived,,2026-06-07 06:02:07.828837,,A6-EOI,Airbus A380,t,Arrived,0,2026-06-10 03:11:08.305
185,3,DL74,DL,2026-06-07,19:50,ATL,AMS,11,green,2026-06-07 22:58:02.153,archived,,2026-06-07 06:02:19.128792,,N401DZ,Airbus A330,t,Arrived,0,2026-06-10 03:11:09.604
187,3,WN224,WN,2026-06-07,21:05,ATL,PHX,13,green,2026-06-07 22:58:07.553,archived,,2026-06-07 06:02:22.72896,,,Boeing 737,t,Arrived,0,2026-06-10 03:11:11.305
188,3,DL1199,DL,2026-06-07,22:50,ATL,ORD,28,amber,2026-06-07 22:58:09.953,archived,,2026-06-07 06:02:27.732222,,,Boeing 737-800,t,Arrived,0,2026-06-10 03:11:13.804
191,3,BA192,BA,2026-06-07,19:40,DFW,LHR,11,green,2026-06-07 22:58:12.153,archived,,2026-06-07 06:02:36.528602,,G-XLEE,Airbus A380-800,t,Arrived,0,2026-06-10 03:11:14.406
192,3,AA1201,AA,2026-06-07,20:55,DFW,VPS,13,green,2026-06-07 22:58:13.853,archived,,2026-06-07 06:02:36.8287,,,Boeing 737-800,t,Arrived,0,2026-06-10 03:11:16.604
194,3,AA4065,AA,2026-06-07,22:38,DFW,CRP,13,green,2026-06-07 22:58:27.653,archived,,2026-06-07 06:02:37.228708,,,Embraer 175,t,Cancelled,0,2026-06-10 03:11:17.804
134,3,AA1324,AA,2026-06-07,07:10,DFW,SJD,5,green,2026-06-07 22:57:41.353,archived,,2026-06-07 06:00:49.92939,,N909NN,Boeing 737-800,t,Departed,0,2026-06-10 03:11:21.703
136,3,DL979,DL,2026-06-07,07:00,LAX,JFK,23,green,2026-06-07 22:58:52.552,archived,,2026-06-07 06:00:51.128702,,N841MH,Boeing 767-400,t,Arrived,0,2026-06-10 03:11:23.705
151,3,WN2421,WN,2026-06-07,12:55,LAX,PHX,7,green,2026-06-07 22:58:54.953,archived,,2026-06-07 06:01:26.929363,,N274WN,Boeing 737-700,t,Arrived,0,2026-06-10 03:11:24.437
158,3,XP394,XP,2026-06-07,11:15,ATL,HVN,7,green,2026-06-07 22:58:57.053,archived,,2026-06-07 06:01:41.329034,,N814VL,Boeing 737-800,t,Arrived,0,2026-06-10 03:11:25.506
184,3,AA2864,AA,2026-06-07,16:57,DFW,LAS,9,green,2026-06-07 22:59:00.053,archived,,2026-06-07 06:02:09.029645,,N817NN,Boeing 737-800,t,Arrived,0,2026-06-10 03:11:26.049
150,3,AA32,AA,2026-06-07,11:45,LAX,JFK,24,green,2026-06-07 22:59:39.953,archived,,2026-06-07 06:01:23.130322,,N300NY,Airbus A321,t,Arrived,0,2026-06-10 03:11:27.358
186,3,AA2235,AA,2026-06-07,18:30,DFW,DEN,11,green,2026-06-07 22:59:44.753,archived,,2026-06-07 06:02:19.928746,,N507AY,Airbus A321,t,Arrived,0,2026-06-10 03:11:28.929
143,3,UA1421,UA,2026-06-07,07:00,ORD,FLL,21,green,2026-06-07 22:59:46.953,archived,,2026-06-07 06:00:54.427909,,N34562,Airbus A321 NEO,t,Arrived,0,2026-06-10 03:11:29.518
146,3,UA2847,UA,2026-06-07,08:45,ORD,RAP,23,green,2026-06-07 22:59:51.152,archived,,2026-06-07 06:01:00.428656,,N462UA,Airbus A320,t,Arrived,0,2026-06-10 03:11:30.604
117,3,AA2026,AA,2026-06-06,21:00,JFK,MIA,28,amber,2026-06-06 23:31:19.139,archived,,2026-06-06 06:01:22.983174,,,Boeing 737,t,Arrived,0,2026-06-10 03:07:52.704
84,3,UA1292,UA,2026-06-06,08:45,ORD,YVR,6,green,2026-06-06 23:31:15.739,archived,,2026-06-06 06:00:33.588135,,N38459,Boeing 737-900,t,Arrived,0,2026-06-10 03:07:53.905
101,3,AA3676,AA,2026-06-06,12:36,DFW,MEM,75,red,2026-06-06 23:31:10.939,archived,,2026-06-06 06:00:52.084415,,,Embraer 175,t,Cancelled,0,2026-06-10 03:07:57.305
98,3,AA819,AA,2026-06-06,11:35,DFW,LIR,22,green,2026-06-06 23:31:09.238,archived,,2026-06-06 06:00:50.584206,,N115NN,Airbus A321 (Sharklets),t,EnRoute,0,2026-06-10 03:08:32.606
79,3,DL5304,DL,2026-06-06,09:15,ATL,MGM,6,green,2026-06-06 23:31:06.038,archived,,2026-06-06 06:00:33.524034,,N330PQ,Canadair CRJ 900,t,Arrived,0,2026-06-10 03:08:34.703
82,3,DL5370,DL,2026-06-06,09:50,JFK,ORF,21,green,2026-06-06 23:31:04.138,archived,,2026-06-06 06:00:33.584644,,N914XJ,Canadair CRJ 900,t,Arrived,0,2026-06-10 03:08:35.805
129,3,DL34,DL,2026-06-06,22:50,ATL,EDI,12,green,2026-06-06 23:31:02.039,archived,,2026-06-06 06:01:36.485466,,,Boeing 767-300,t,Arrived,0,2026-06-10 03:08:38.403
126,3,DL2315,DL,2026-06-06,21:15,ATL,JAX,13,green,2026-06-06 23:30:56.638,archived,,2026-06-06 06:01:34.781719,,,Boeing 757,t,Arrived,0,2026-06-10 03:08:42.005
123,3,AA1372,AA,2026-06-06,19:43,ATL,ORD,11,green,2026-06-06 23:30:51.538,archived,,2026-06-06 06:01:32.982359,,N765US,Airbus A319,t,Arrived,0,2026-06-10 03:08:43.403
78,3,DL668,DL,2026-06-06,07:00,JFK,SFO,23,green,2026-06-06 23:30:49.038,archived,,2026-06-06 06:00:33.522007,,N194DN,Boeing 767-300,t,Arrived,0,2026-06-10 03:08:45.405
91,3,DL5052,DL,2026-06-06,11:20,ATL,DHN,7,green,2026-06-06 23:30:45.339,archived,,2026-06-06 06:00:39.283739,,N905XJ,Canadair CRJ 900,t,Arrived,0,2026-06-10 03:08:49.103
87,3,UA567,UA,2026-06-06,10:25,ORD,PIT,7,green,2026-06-06 23:30:41.139,archived,,2026-06-06 06:00:33.632314,,N476UA,Airbus A320,t,Arrived,0,2026-06-10 03:08:53.704
92,3,WN3521,WN,2026-06-06,12:40,ATL,HOU,7,green,2026-06-06 23:30:36.139,archived,,2026-06-06 06:00:42.681813,,N290WN,Boeing 737-700,t,Arrived,0,2026-06-10 03:08:54.605
105,3,DL5591,DL,2026-06-06,15:45,JFK,MEM,24,green,2026-06-06 23:28:27.238,archived,,2026-06-06 06:01:02.682822,,N238JQ,Embraer 175,t,Arrived,0,2026-06-10 03:08:57.304
100,3,DL2782,DL,2026-06-06,18:20,BOS,RDU,11,green,2026-06-06 23:30:29.839,archived,,2026-06-06 06:00:52.083236,,N323DU,Airbus A220-300,t,Arrived,0,2026-06-10 03:09:01.703
99,3,WN4492,WN,2026-06-06,12:50,LAX,BNA,7,green,2026-06-06 23:30:28.138,archived,,2026-06-06 06:00:51.584443,,N277WN,Boeing 737-700,t,Arrived,0,2026-06-10 03:09:02.705
97,3,DL1194,DL,2026-06-06,11:40,LAX,SLC,9,green,2026-06-06 23:30:26.439,archived,,2026-06-06 06:00:50.48247,,N803DN,Boeing 737-900,t,Arrived,0,2026-06-10 03:09:05.004
96,3,DL5595,DL,2026-06-06,14:29,JFK,BOS,24,green,2026-06-06 23:30:24.138,archived,,2026-06-06 06:00:46.382506,,N220JQ,Embraer 175,t,Arrived,0,2026-06-10 03:09:06.904
94,3,HY102,HY,2026-06-06,12:55,JFK,TAS,21,green,2026-06-06 23:30:22.139,archived,,2026-06-06 06:00:43.18178,,UK78703,Boeing 787-8,t,Arrived,0,2026-06-10 03:09:08.803
147,3,UA3450,UA,2026-06-07,10:25,ORD,CLT,22,green,2026-06-07 22:59:53.252,archived,,2026-06-07 06:01:11.129021,,N743YX,Embraer 175,t,Arrived,0,2026-06-10 03:11:31.703
153,3,AA3264,AA,2026-06-07,11:43,ORD,DFW,22,green,2026-06-07 23:00:01.753,archived,,2026-06-07 06:01:35.627741,,N881NN,Boeing 737-800,t,Arrived,0,2026-06-10 03:11:32.904
154,3,AA3612,AA,2026-06-07,13:06,ORD,LAN,75,red,2026-06-07 23:00:05.153,archived,,2026-06-07 06:01:36.528141,,,Embraer 170,t,Cancelled,0,2026-06-10 03:11:33.504
162,3,DL2799,DL,2026-06-07,14:05,ATL,BWI,9,green,2026-06-07 22:58:38.853,archived,,2026-06-07 06:01:44.128514,,N351DN,Airbus A321,t,Arrived,0,2026-06-10 03:11:34.128
322,3,AA5063,AA,2026-06-10,12:44,DFW,BHM,11,green,2026-06-10 22:53:02.271,active,,2026-06-10 02:19:14.064189,,N637NN,Canadair CRJ 900NG,t,Arrived,0,2026-06-11 00:11:02.34
381,3,AS801,AS,2026-06-10,07:00,LAX,HNL,7,green,2026-06-10 22:53:05.27,active,,2026-06-10 03:04:46.654663,,N390HA,Airbus A330-200,t,Arrived,0,2026-06-11 00:11:03.74
267,3,DL1891,DL,2026-06-10,08:15,JFK,PLS,41,amber,2026-06-10 22:53:08.171,active,,2026-06-10 01:49:25.714296,,,Airbus A320,t,status_unresolvable,,2026-06-11 00:11:11.94
361,3,DL858,DL,2026-06-10,18:31,LAX,BNA,12,green,2026-06-10 22:53:12.471,active,,2026-06-10 02:57:23.900211,,,Boeing 737-900,t,status_unresolvable,,2026-06-11 00:11:15.04
321,3,AA4676,AA,2026-06-10,11:45,ORD,DSM,23,green,2026-06-10 22:53:18.371,active,,2026-06-10 02:19:14.025218,,N423YX,Embraer 175,t,Arrived,0,2026-06-11 00:11:15.741
369,3,UA2180,UA,2026-06-10,18:05,ORD,MIA,27,amber,2026-06-10 22:53:21.371,active,,2026-06-10 02:57:35.997421,,N37351,Boeing 737 MAX 8,t,EnRoute,0,2026-06-11 00:11:17.04
372,3,UA2060,UA,2026-06-10,20:26,BOS,EWR,49,amber,2026-06-10 22:53:24.17,active,,2026-06-10 02:57:42.498043,,,Airbus A319,t,status_unresolvable,,2026-06-11 00:11:17.84
324,3,WN3225,WN,2026-06-10,12:50,LAX,HOU,8,green,2026-06-10 22:53:26.971,active,,2026-06-10 02:19:14.183306,,N8567Z,Boeing 737-800,t,Arrived,0,2026-06-11 00:11:18.44
257,3,UA341,UA,2026-06-10,07:00,ORD,SEA,22,green,2026-06-10 22:53:29.773,active,,2026-06-10 01:49:22.61357,,N14566,Airbus A321 NEO,t,Arrived,0,2026-06-11 00:11:18.958
278,3,VB683,VB,2026-06-10,15:40,DFW,MTY,12,green,2026-06-10 22:53:32.471,active,,2026-06-10 01:49:49.713934,,XA-VDP,Airbus A320,t,EnRoute,0,2026-06-11 00:11:19.84
327,3,AA3313,AA,2026-06-10,17:05,BOS,PHX,25,amber,2026-06-10 22:53:34.77,active,,2026-06-10 02:19:28.897659,,N180US,Airbus A321,t,EnRoute,0,2026-06-11 00:11:20.441
387,3,UA2812,UA,2026-06-10,15:40,ORD,EWR,45,amber,2026-06-10 22:53:38.671,active,,2026-06-10 03:04:55.489626,,,Boeing 757-200,t,status_unresolvable,,2026-06-11 00:11:21.024
325,3,UA516,UA,2026-06-10,15:30,ATL,ORD,25,amber,2026-06-10 22:50:49.671,active,,2026-06-10 02:19:21.288915,,N842UA,Airbus A319,t,status_unresolvable,,2026-06-11 00:11:21.84
326,3,AS783,AS,2026-06-10,18:00,ATL,PDX,12,green,2026-06-10 22:50:52.571,active,,2026-06-10 02:19:21.359163,,N537AS,Boeing 737-800,t,status_unresolvable,,2026-06-11 00:11:22.54
353,3,DL100,DL,2026-06-10,18:00,ATL,CDG,12,green,2026-06-10 22:50:55.07,active,,2026-06-10 02:57:08.399494,,N845MH,Boeing 767-400,t,EnRoute,0,2026-06-11 00:11:23.102
356,3,WN928,WN,2026-06-10,15:40,LAX,SMF,10,green,2026-06-10 22:51:00.873,active,,2026-06-10 02:57:21.29756,,N927WN,Boeing 737-700,t,Arrived,0,2026-06-11 00:11:24.041
367,3,AV631,AV,2026-06-10,15:40,ORD,GUA,24,green,2026-06-10 22:51:04.27,active,,2026-06-10 02:57:32.898513,,,Airbus A320 NEO,t,status_unresolvable,,2026-06-11 00:11:25.64
320,3,AA1696,AA,2026-06-10,11:55,DFW,CLT,11,green,2026-06-10 22:51:54.67,active,,2026-06-10 02:19:14.016885,,N538UW,Airbus A321,t,Arrived,0,2026-06-11 00:11:26.641
271,3,DL5015,DL,2026-06-10,09:40,JFK,CHS,42,amber,2026-06-10 22:51:59.171,active,,2026-06-10 01:49:28.013528,,N914XJ,Canadair CRJ 900,t,Arrived,0,2026-06-11 00:11:27.393
378,3,UA528,UA,2026-06-10,08:45,ORD,DFW,24,green,2026-06-10 22:52:13.971,active,,2026-06-10 03:04:46.629494,,N77535,Boeing 737-800,t,Arrived,0,2026-06-11 00:11:28.365
351,3,DL433,DL,2026-06-10,15:30,ATL,LGA,45,amber,2026-06-10 22:52:38.171,active,,2026-06-10 02:57:06.601161,,N127DN,Airbus A321,t,Arrived,0,2026-06-11 00:11:29.376
281,3,VS24,VS,2026-06-10,23:15,LAX,LHR,14,green,2026-06-10 22:52:43.671,active,,2026-06-10 01:49:50.11325,,G-VFAN,Boeing 787-9,t,status_unresolvable,,2026-06-11 00:11:30.34
759,3,UA2622,UA,2026-06-11,07:00,ORD,SAV,40,amber,2026-06-11 01:55:54.706,active,,2026-06-11 01:24:57.207405,,,Boeing 737,t,,,
761,3,UA215,UA,2026-06-11,10:25,ORD,MSP,41,amber,2026-06-11 01:55:58.306,active,,2026-06-11 01:24:57.322753,,,Airbus A320,t,,,
762,3,DL1479,DL,2026-06-11,07:30,ATL,CMH,8,green,2026-06-11 01:56:00.306,active,,2026-06-11 01:25:08.919611,,,Airbus A320,t,,,
763,3,DL4097,DL,2026-06-11,09:05,ATL,SBN,8,green,2026-06-11 01:56:03.706,active,,2026-06-11 01:25:10.618501,,,Embraer 175,t,,,
764,3,AA4676,AA,2026-06-11,11:45,ORD,DSM,41,amber,2026-06-11 01:56:06.405,active,,2026-06-11 01:25:17.520626,,,Embraer 175,t,,,
765,3,AA3612,AA,2026-06-11,13:06,ORD,LAN,41,amber,2026-06-11 01:56:10.206,active,,2026-06-11 01:25:21.520275,,,Embraer 170,t,,,
766,3,UA2142,UA,2026-06-11,14:12,ORD,BNA,43,amber,2026-06-11 01:56:12.205,active,,2026-06-11 01:25:38.118809,,,Boeing 737-700,t,,,
767,3,XP394,XP,2026-06-11,11:15,ATL,HVN,11,green,2026-06-11 01:56:14.706,active,,2026-06-11 01:25:46.320457,,,Boeing 737-800,t,,,
769,3,DL5105,DL,2026-06-11,16:45,ATL,CRW,11,green,2026-06-11 01:56:19.729,active,,2026-06-11 01:25:56.320048,,,Bombardier CRJ900,t,,,
770,3,DL836,DL,2026-06-11,17:59,ATL,PHX,11,green,2026-06-11 01:56:24.906,active,,2026-06-11 01:25:57.819803,,,Boeing 757,t,,,
774,3,AA3366,AA,2026-06-11,08:52,DFW,ABI,0,green,,active,,2026-06-11 02:08:03.314808,,,,t,,,
242,3,DL6330,DL,2026-06-09,09:22,LAX,SFO,0,green,,archived,,2026-06-09 23:36:02.715716,,,,t,Departed,0,2026-06-10 03:11:55.405
382,3,UA5892,UA,2026-06-10,10:25,ORD,FWA,25,amber,2026-06-10 22:51:07.471,active,,2026-06-10 03:04:46.676348,,N453SW,Canadair CRJ 200,t,Arrived,0,2026-06-11 00:10:52.68
275,3,WN2348,WN,2026-06-10,19:55,LAX,SMF,12,green,2026-06-10 22:51:12.771,active,,2026-06-10 01:49:49.513763,,,Boeing 737,t,status_unresolvable,,2026-06-11 00:10:54.441
335,3,AA4297,AA,2026-06-10,22:40,DFW,LAW,19,green,2026-06-10 22:51:16.471,active,,2026-06-10 02:19:29.122451,,,Embraer 170,t,status_unresolvable,,2026-06-11 00:10:55.148
259,3,AA3210,AA,2026-06-10,07:00,JFK,BDA,41,amber,2026-06-10 22:51:38.271,active,,2026-06-10 01:49:23.11407,,N812UP,Boeing 737 MAX 8,t,Arrived,0,2026-06-11 00:10:55.941
331,3,AA1084,AA,2026-06-10,20:56,DFW,LAX,17,green,2026-06-10 22:51:46.471,active,,2026-06-10 02:19:29.077482,,,Airbus A321,t,status_unresolvable,,2026-06-11 00:10:57.141
363,3,DL865,DL,2026-06-10,22:50,ATL,BOS,29,amber,2026-06-10 22:52:46.471,active,,2026-06-10 02:57:26.697659,,,Airbus A320,t,status_unresolvable,,2026-06-11 00:10:58.316
416,3,DL5718,DL,2026-06-10,18:15,BOS,EWR,47,amber,2026-06-10 22:52:49.471,active,,2026-06-10 05:00:59.081449,,,Embraer 175,t,status_unresolvable,,2026-06-11 00:10:59.84
323,3,AA3485,AA,2026-06-10,14:25,DFW,CRP,13,green,2026-06-10 22:52:52.971,active,,2026-06-10 02:19:14.1103,,,Embraer 175,t,Cancelled,0,2026-06-11 00:11:00.923
328,3,AA3408,AA,2026-06-10,18:25,BOS,CVG,27,amber,2026-06-10 22:52:57.071,active,,2026-06-10 02:19:28.944191,,,Embraer 175,t,status_unresolvable,,2026-06-11 00:11:01.541
19,1,DL5242,DL,2026-05-19,19:33,TYS,ATL,18,green,2026-05-23 16:38:07.898,cancelled,,2026-05-19 21:17:05.180541,,,,f,Arrived,0,2026-06-10 03:06:03.776
179,3,DL434,DL,2026-06-07,18:00,ATL,LGA,26,amber,2026-06-07 22:58:48.553,archived,,2026-06-07 06:02:00.028036,,N110DX,Airbus A321,t,Arrived,0,2026-06-10 03:11:35.404
148,3,HY102,HY,2026-06-07,12:55,JFK,TAS,24,green,2026-06-07 22:58:50.984,archived,,2026-06-07 06:01:19.228017,,UK78706,Boeing 787-8,t,Arrived,0,2026-06-10 03:11:36.104
172,3,DL2168,DL,2026-06-07,15:29,ATL,EYW,9,green,2026-06-07 22:59:03.183,archived,,2026-06-07 06:01:56.627246,,N325NB,Airbus A319,t,Arrived,0,2026-06-10 03:11:37.021
155,3,AA2198,AA,2026-06-07,14:14,ORD,MSY,24,green,2026-06-07 22:59:05.353,archived,,2026-06-07 06:01:38.028175,,N826AW,Airbus A319,t,Arrived,0,2026-06-10 03:11:37.805
149,3,AA4389,AA,2026-06-07,14:25,JFK,CLE,27,amber,2026-06-07 22:59:08.953,archived,,2026-06-07 06:01:20.929526,,N130HQ,Embraer 175,t,Arrived,0,2026-06-10 03:11:38.504
183,3,AA5596,AA,2026-06-07,15:44,DFW,MCI,9,green,2026-06-07 22:59:15.953,archived,,2026-06-07 06:02:08.230364,,,Bombardier CRJ900,t,Cancelled,0,2026-06-10 03:11:41.205
141,3,UA1185,UA,2026-06-07,08:51,LAX,SJD,5,green,2026-06-07 22:59:33.153,archived,,2026-06-07 06:00:53.227866,,N76503,Boeing 737-800,t,Departed,0,2026-06-10 03:11:41.911
41,3,DL5328,DL,2026-06-04,14:20,JFK,SYR,9,green,2026-06-04 23:45:31.589,archived,,2026-06-04 06:00:50.525154,,N485PX,Canadair CRJ 900,t,Arrived,0,2026-06-10 03:07:38.305
77,3,AS3082,AS,2026-06-06,07:00,LAX,BOI,75,red,2026-06-06 23:29:13.739,archived,,2026-06-06 06:00:33.526646,,,Embraer 175,t,Cancelled,0,2026-06-10 03:07:48.604
90,3,DL2283,DL,2026-06-06,12:55,BOS,RDU,7,green,2026-06-06 23:31:21.939,archived,,2026-06-06 06:00:38.981876,,N371NB,Airbus A319,t,Arrived,0,2026-06-10 03:07:51.904
103,3,AA3485,AA,2026-06-06,14:25,DFW,CRP,25,amber,2026-06-06 23:31:12.838,archived,,2026-06-06 06:00:55.183993,,,Embraer 175,t,Cancelled,0,2026-06-10 03:07:55.105
115,3,LA533,LA,2026-06-06,19:50,JFK,SCL,25,amber,2026-06-06 23:28:55.338,archived,,2026-06-06 06:01:20.796542,,CC-BBF,Boeing 787-8,t,EnRoute,0,2026-06-10 03:08:17.405
156,3,LF3006,LF,2026-06-07,12:40,DFW,TUP,7,green,2026-06-07 22:57:25.384,archived,,2026-06-07 06:01:39.929717,,N532CN,Embraer 140,t,EnRoute,0,2026-06-10 03:10:36.205
135,3,BW521,BW,2026-06-07,07:00,JFK,POS,23,green,2026-06-07 22:58:35.953,archived,,2026-06-07 06:00:50.729511,,9Y-GUY,Boeing 737-800,t,EnRoute,0,2026-06-10 03:11:20.305
390,3,DL5074,DL,2026-06-10,21:15,ATL,GTR,14,green,2026-06-10 22:53:45.97,active,,2026-06-10 03:04:57.790305,,,Bombardier CRJ900,t,status_unresolvable,,2026-06-11 00:11:31.24
436,3,DL2250,DL,2026-06-10,07:30,ATL,BNA,7,green,2026-06-10 22:53:48.671,active,,2026-06-10 06:00:45.979608,,N939AT,Boeing 717,t,Arrived,0,2026-06-11 00:11:32.167
446,3,UA5499,UA,2026-06-10,19:45,ORD,SBN,35,amber,2026-06-10 22:53:52.671,active,,2026-06-10 06:54:55.513287,,,Bombardier CRJ,t,status_unresolvable,,2026-06-11 00:11:32.789
453,3,AA2634,AA,2026-06-10,11:55,DFW,SMF,11,green,2026-06-10 22:53:55.501,active,,2026-06-10 08:59:02.931813,,N153UW,Airbus A321,t,Arrived,0,2026-06-11 00:11:34.24
455,3,UA5329,UA,2026-06-10,21:31,LAX,FAT,14,green,2026-06-10 22:54:00.57,active,,2026-06-10 08:59:33.931234,,,Embraer 175,t,status_unresolvable,,2026-06-11 00:11:35.04
457,3,UA4511,UA,2026-06-10,22:00,ORD,ATW,29,amber,2026-06-10 22:54:04.101,active,,2026-06-10 08:59:58.332082,,,,t,status_unresolvable,,2026-06-11 00:11:35.941
417,3,DL3026,DL,2026-06-10,15:30,ATL,HSV,10,green,2026-06-10 22:54:11.47,active,,2026-06-10 05:01:08.881324,,N924AT,Boeing 717,t,Arrived,0,2026-06-11 00:11:37.04
419,3,AA574,AA,2026-06-10,18:30,DFW,BUF,15,green,2026-06-10 22:54:19.971,active,,2026-06-10 05:01:10.482186,,N967NN,Boeing 737-800,t,EnRoute,0,2026-06-11 00:11:37.841
420,3,DL720,DL,2026-06-10,18:00,ATL,CLT,12,green,2026-06-10 22:54:24.77,active,,2026-06-10 05:01:11.382253,,N945AT,Boeing 717,t,Arrived,0,2026-06-11 00:11:38.845
428,3,AA6407,AA,2026-06-10,11:45,ORD,YYZ,23,green,2026-06-10 22:54:27.504,active,,2026-06-10 05:30:02.277551,,,Canadair reg jet 700,t,Arrived,0,2026-06-11 00:11:39.54
430,3,DL981,DL,2026-06-10,15:30,ATL,BOG,9,green,2026-06-10 22:54:29.671,active,,2026-06-10 05:30:27.676607,,N550NW,Boeing 757-200,t,EnRoute,0,2026-06-11 00:11:40.24
273,3,AA4958,AA,2026-06-10,14:05,LAX,DEN,10,green,2026-06-10 22:54:33.071,active,,2026-06-10 01:49:28.214283,,,Embraer 175,t,status_unresolvable,,2026-06-11 00:11:40.923
373,3,BA202,BA,2026-06-10,21:50,BOS,LHR,29,amber,2026-06-10 22:54:36.77,active,,2026-06-10 02:57:43.297982,,,Boeing 777,t,status_unresolvable,,2026-06-11 00:11:42.94
449,3,LXJ333,LXJ,2026-06-10,07:00,LAX,OAK,7,green,2026-06-10 22:54:39.171,active,,2026-06-10 08:16:11.013011,,N333FX,Embraer Pheom 300,t,Arrived,0,2026-06-11 00:11:44.541
461,3,DL2883,DL,2026-06-10,10:05,ATL,YYZ,8,green,2026-06-10 22:54:43.571,active,,2026-06-10 09:58:59.440042,,N961DZ,Boeing 737-900,t,Arrived,0,2026-06-11 00:11:45.411
462,3,DL5086,DL,2026-06-10,09:45,JFK,PIT,42,amber,2026-06-10 22:54:46.871,active,,2026-06-10 09:58:59.96359,,N200PQ,Canadair CRJ 900,t,Arrived,0,2026-06-11 00:11:46.54
465,3,UA3707,UA,2026-06-10,19:45,ORD,IND,27,amber,2026-06-10 22:54:49.271,active,,2026-06-10 10:00:19.704712,,,Embraer 175,t,Arrived,0,2026-06-11 00:11:47.94
406,3,DL4441,DL,2026-06-10,22:50,ATL,XNA,16,green,2026-06-10 22:54:52.97,active,,2026-06-10 03:32:18.657274,,,Embraer 175,t,status_unresolvable,,2026-06-11 00:11:49.24
459,3,AA2968,AA,2026-06-10,07:00,ORD,BOS,22,green,2026-06-10 22:55:01.071,active,,2026-06-10 09:58:58.684449,,N979NN,Boeing 737-800,t,Arrived,0,2026-06-11 00:11:51.84
414,3,DL2889,DL,2026-06-10,15:40,BOS,SEA,25,amber,2026-06-10 22:55:03.702,active,,2026-06-10 05:00:56.282854,,N536DN,Airbus A321 NEO,t,EnRoute,0,2026-06-11 00:11:52.889
377,3,DL4933,DL,2026-06-10,18:20,JFK,MSP,49,amber,2026-06-10 22:55:07.171,active,,2026-06-10 03:04:46.621487,,N197PQ,Canadair CRJ 900,t,EnRoute,0,2026-06-11 00:11:54.121
463,3,UA2096,UA,2026-06-10,08:50,LAX,EWR,42,amber,2026-06-10 22:55:11.271,active,,2026-06-10 09:59:00.24691,,N23994,Boeing 787-9,t,Arrived,0,2026-06-11 00:11:55.341
464,3,DL5703,DL,2026-06-10,06:35,BOS,BWI,22,green,2026-06-10 22:55:17.371,active,,2026-06-10 09:59:10.328745,,N206JQ,Embraer 175,t,Arrived,0,2026-06-11 00:11:55.884
432,3,DL688,DL,2026-06-10,19:30,JFK,SEA,47,amber,2026-06-10 22:55:23.67,active,,2026-06-10 05:30:46.778436,,N612DN,Airbus A321 NEO,t,status_unresolvable,,2026-06-11 00:11:56.741
397,3,AA4090,AA,2026-06-10,11:55,DFW,TAM,10,green,2026-06-10 22:55:38.371,active,,2026-06-10 03:31:29.942937,,,Embraer 170,t,status_unresolvable,,2026-06-11 00:11:58.387
376,3,UA2361,UA,2026-06-10,07:00,ORD,LAX,22,green,2026-06-10 22:55:41.471,active,,2026-06-10 03:04:46.586256,,N54538,Airbus A321 NEO,t,Arrived,0,2026-06-11 00:11:59.84
395,3,DL5630,DL,2026-06-10,10:05,BOS,CLT,23,green,2026-06-10 22:55:50.47,active,,2026-06-10 03:31:29.933772,,N239JQ,Embraer 175,t,Arrived,0,2026-06-11 00:12:00.444
466,3,AA1713,AA,2026-06-10,07:09,DFW,CVG,10,green,2026-06-10 22:56:00.271,active,,2026-06-10 11:58:41.017847,,N947AN,Boeing 737-800,t,Arrived,0,2026-06-11 00:12:01.172
400,3,AA216,AA,2026-06-10,15:40,DFW,ATH,12,green,2026-06-10 22:56:05.47,active,,2026-06-10 03:31:38.254082,,N731AN,Boeing 777-300,t,EnRoute,0,2026-06-11 00:12:01.883
468,3,AA3045,AA,2026-06-10,10:12,DFW,GCM,13,green,2026-06-10 22:56:20.071,active,,2026-06-10 11:58:41.156419,,N896NN,Boeing 737-800,t,Arrived,0,2026-06-11 00:12:04.54
469,3,UA466,UA,2026-06-10,08:40,ORD,CID,22,green,2026-06-10 22:56:24.471,active,,2026-06-10 11:58:41.302537,,N844UA,Airbus A319,t,Arrived,0,2026-06-11 00:12:05.441
470,3,UA4382,UA,2026-06-10,10:25,ORD,BUF,23,green,2026-06-10 22:56:30.271,active,,2026-06-10 11:58:41.362005,,N564GJ,Canadair CRJ,t,Arrived,0,2026-06-11 00:12:06.141
442,3,DL1655,DL,2026-06-10,17:05,BOS,SFO,25,amber,2026-06-10 22:56:38.47,active,,2026-06-10 06:11:18.619149,,N548DN,Airbus A321 NEO,t,EnRoute,0,2026-06-11 00:12:07.036
443,3,AC8484,AC,2026-06-10,15:40,ORD,YUL,25,amber,2026-06-10 22:56:42.97,active,,2026-06-10 06:11:24.817967,,C-FCJZ,Canadair CRJ 900,t,EnRoute,0,2026-06-11 00:12:08.241
444,3,UA1555,UA,2026-06-10,19:45,ORD,MCO,27,amber,2026-06-10 22:56:46.171,active,,2026-06-10 06:11:32.517479,,,Airbus A320,t,status_unresolvable,,2026-06-11 00:12:09.058
426,3,UA5795,UA,2026-06-10,08:45,ORD,TUL,24,green,2026-06-10 22:56:56.771,active,,2026-06-10 05:29:48.675682,,N122SY,Embraer 175,t,Arrived,0,2026-06-11 00:12:10.355
401,3,AA6352,AA,2026-06-10,11:45,ORD,STL,75,red,2026-06-10 22:57:02.47,active,,2026-06-10 03:31:50.254722,,,Canadair reg jet 700,t,Cancelled,0,2026-06-11 00:12:11.14
427,3,DL5301,DL,2026-06-10,14:20,JFK,RIC,45,amber,2026-06-10 22:57:07.97,active,,2026-06-10 05:29:57.076702,,N917XJ,Canadair CRJ 900,t,Arrived,0,2026-06-11 00:12:11.767
405,3,DL1105,DL,2026-06-10,21:15,ATL,SGF,16,green,2026-06-10 22:57:17.671,active,,2026-06-10 03:32:16.655942,,,Boeing 717-200,t,status_unresolvable,,2026-06-11 00:12:12.74
403,3,DL5704,DL,2026-06-10,21:50,BOS,DCA,29,amber,2026-06-10 22:57:23.487,active,,2026-06-10 03:31:59.137467,,,Embraer 175,t,status_unresolvable,,2026-06-11 00:12:13.396
408,3,AA4776,AA,2026-06-10,22:00,ORD,CVG,29,amber,2026-06-10 22:53:41.97,active,,2026-06-10 03:32:28.955469,,,Embraer 175,t,status_unresolvable,,2026-06-11 00:12:14.341
34,3,UA2091,UA,2026-06-04,14:13,ORD,RDU,9,green,2026-06-04 23:45:02.289,archived,,2026-06-04 06:00:45.322993,,N34460,Boeing 737-900,t,Arrived,0,2026-06-10 03:07:17.105
615,3,AA1683,AA,2026-06-10,16:49,ORD,CLT,25,amber,2026-06-10 23:16:22.071,active,,2026-06-10 19:24:36.729679,,N852NN,Boeing 737-800,t,Arrived,0,2026-06-11 01:29:23.015
95,3,DL753,DL,2026-06-06,14:05,ATL,LAX,9,green,2026-06-06 23:30:59.639,archived,,2026-06-06 06:00:44.481721,,N584DN,Airbus A321 NEO,t,Arrived,0,2026-06-10 03:08:40.204
104,3,AA2293,AA,2026-06-06,11:40,ORD,XNA,7,green,2026-06-06 23:30:31.24,archived,,2026-06-06 06:01:01.7824,,N981AN,Boeing 737-800,t,Arrived,0,2026-06-10 03:08:58.906
93,3,WN746,WN,2026-06-06,14:10,BOS,MDW,9,green,2026-06-06 23:30:19.659,archived,,2026-06-06 06:00:42.782076,,N8855Q,Boeing 737 MAX 8,t,Arrived,0,2026-06-10 03:09:09.805
131,3,AA3873,AA,2026-06-06,21:00,ORD,TRI,13,green,2026-06-06 23:29:59.24,archived,,2026-06-06 06:01:39.30248,,,Embraer 170,t,Cancelled,0,2026-06-10 03:09:13.104
165,3,LH401,LH,2026-06-07,15:40,JFK,FRA,27,amber,2026-06-07 22:56:06.153,archived,,2026-06-07 06:01:45.42992,,D-AIHZ,Airbus A340,t,Arrived,0,2026-06-10 03:10:48.306
181,3,DL1943,DL,2026-06-07,19:30,JFK,SDQ,28,amber,2026-06-07 22:57:56.853,archived,,2026-06-07 06:02:06.829954,,N510DE,Airbus A321 NEO,t,status_unresolvable,,2026-06-10 03:11:06.504
144,3,UA319,UA,2026-06-07,10:19,LAX,PVR,6,green,2026-06-07 22:59:42.853,archived,,2026-06-07 06:00:55.127948,,N35271,Boeing 737-800,t,Departed,0,2026-06-10 03:11:28.204
176,3,DL2627,DL,2026-06-07,16:45,ATL,JAX,9,green,2026-06-07 22:58:42.853,archived,,2026-06-07 06:01:58.228326,,N323DN,Airbus A321,t,Arrived,0,2026-06-10 03:11:34.803
152,3,AM645,AM,2026-06-07,14:10,LAX,MEX,19,green,2026-06-07 22:59:12.253,archived,,2026-06-07 06:01:28.329206,,XA-GNS,Boeing 737 MAX 8,t,EnRoute,0,2026-06-10 03:11:39.104
393,3,UA1421,UA,2026-06-10,07:00,ORD,FLL,22,green,2026-06-10 22:58:00.371,active,,2026-06-10 03:31:29.913884,,N14512,Airbus A321 NEO,t,Arrived,0,2026-06-11 00:12:16.34
398,3,UA5383,UA,2026-06-10,08:45,ORD,MSN,27,amber,2026-06-10 22:58:16.671,active,,2026-06-10 03:31:29.976093,,N128SY,Embraer 175,t,Arrived,0,2026-06-11 00:12:17.24
399,3,UA215,UA,2026-06-10,10:25,ORD,MSP,25,amber,2026-06-10 22:58:24.771,active,,2026-06-10 03:31:30.023174,,N444UA,Airbus A320,t,Arrived,0,2026-06-11 00:12:18.041
352,3,WN2400,WN,2026-06-10,12:50,LAX,STL,10,green,2026-06-10 22:58:37.37,active,,2026-06-10 02:57:08.397806,,N8530W,Boeing 737-800,t,Arrived,0,2026-06-11 00:12:19.441
402,3,DL4914,DL,2026-06-10,18:20,JFK,IND,49,amber,2026-06-10 22:58:43.171,active,,2026-06-10 03:31:59.105212,,,Bombardier CRJ900,t,status_unresolvable,,2026-06-11 00:12:20.849
404,3,UA793,UA,2026-06-10,15:40,ORD,DFW,27,amber,2026-06-10 22:58:57.67,active,,2026-06-10 03:31:59.292612,,N897UA,Airbus A319,t,Departed,0,2026-06-11 00:12:22.037
385,3,SQ25,SQ,2026-06-10,20:55,JFK,FRA,49,amber,2026-06-10 22:59:05.97,active,,2026-06-10 03:04:47.034902,,9V-SNC,Boeing 777,t,status_unresolvable,,2026-06-11 00:12:23.341
272,3,DL712,DL,2026-06-10,10:08,ATL,SAN,8,green,2026-06-10 22:59:09.57,active,,2026-06-10 01:49:28.014035,,N595NW,Boeing 757-300,t,Arrived,0,2026-06-11 00:12:24.74
445,3,UA5589,UA,2026-06-10,10:25,ORD,OMA,23,green,2026-06-10 22:59:28.071,active,,2026-06-10 06:53:46.012141,,N138SY,Embraer 175,t,Arrived,0,2026-06-11 00:12:25.84
424,3,DL4097,DL,2026-06-10,09:05,ATL,SBN,15,green,2026-06-10 22:59:34.371,active,,2026-06-10 05:29:39.478219,,N265SY,Embraer 175,t,Arrived,0,2026-06-11 00:12:26.528
284,3,UA2091,UA,2026-06-10,14:13,ORD,RDU,25,amber,2026-06-10 22:57:53.771,active,,2026-06-10 01:49:50.913659,,N68811,Boeing 737-900,t,Arrived,0,2026-06-11 00:12:27.225
359,3,DL2459,DL,2026-06-10,17:01,LAX,PDX,10,green,2026-06-10 22:59:39.671,active,,2026-06-10 02:57:22.600698,,N591DT,Airbus A321 NEO,t,EnRoute,0,2026-06-11 00:12:28.055
418,3,UA1800,UA,2026-06-10,19:45,ORD,BOS,27,amber,2026-06-10 22:59:44.471,active,,2026-06-10 05:01:09.08062,,,Boeing 737,t,status_unresolvable,,2026-06-11 00:12:28.841
439,3,AA2814,AA,2026-06-10,07:10,DFW,TPA,10,green,2026-06-10 22:59:52.371,active,,2026-06-10 06:09:55.840637,,N129AA,Airbus A321 (Sharklets),t,Arrived,0,2026-06-11 00:12:29.641
421,3,UA4472,UA,2026-06-10,22:00,ORD,STL,31,amber,2026-06-10 22:59:59.67,active,,2026-06-10 05:01:12.581746,,,,t,status_unresolvable,,2026-06-11 00:12:30.341
433,3,DL298,DL,2026-06-10,21:15,ATL,FCO,13,green,2026-06-10 23:00:02.402,active,,2026-06-10 05:30:48.177534,,N507DN,Airbus A350,t,status_unresolvable,,2026-06-11 00:12:31.159
447,3,AA2234,AA,2026-06-10,08:15,JFK,DFW,44,amber,2026-06-10 23:00:07.77,active,,2026-06-10 08:15:28.114385,,N725AN,Boeing 777-300,t,Arrived,0,2026-06-11 00:12:31.845
451,3,UA5974,UA,2026-06-10,08:45,ORD,ATW,22,green,2026-06-10 23:00:10.07,active,,2026-06-10 08:57:56.224416,,N916SW,Bombardier CRJ200,t,Arrived,0,2026-06-11 00:12:32.613
441,3,DL598,DL,2026-06-10,11:18,ATL,CUN,7,green,2026-06-10 23:00:12.47,active,,2026-06-10 06:10:38.617683,,N340DN,Airbus A321,t,Arrived,0,2026-06-11 00:12:33.441
452,3,UA3450,UA,2026-06-10,10:25,ORD,CLT,23,green,2026-06-10 23:00:16.37,active,,2026-06-10 08:57:56.294853,,N750YX,Embraer 175,t,Arrived,0,2026-06-11 00:12:34.223
454,3,AA2235,AA,2026-06-10,18:30,DFW,DEN,15,green,2026-06-10 23:00:20.702,active,,2026-06-10 08:59:18.930327,,N163AA,Airbus A321,t,status_unresolvable,,2026-06-11 00:12:34.749
448,3,AA5006,AA,2026-06-10,14:25,DFW,ICT,75,red,2026-06-10 23:00:44.771,active,,2026-06-10 08:15:58.913448,,,Canadair reg jet 700,t,Cancelled,0,2026-06-11 00:12:35.533
296,3,DL850,DL,2026-06-10,15:30,ATL,DCA,15,green,2026-06-10 23:00:51.271,active,,2026-06-10 01:50:02.81355,,N357NW,Airbus A320,t,Arrived,0,2026-06-11 00:12:36.34
429,3,WN1698,WN,2026-06-10,12:50,LAX,BNA,8,green,2026-06-10 23:00:54.971,active,,2026-06-10 05:30:09.576786,,N8909L,Boeing 737 MAX 8,t,Arrived,0,2026-06-11 00:12:37.076
450,3,DL1076,DL,2026-06-10,21:15,ATL,MDW,34,amber,2026-06-10 23:00:57.371,active,,2026-06-10 08:17:13.511845,,,Airbus A319,t,status_unresolvable,,2026-06-11 00:12:37.955
440,3,UA1606,UA,2026-06-10,10:25,ORD,BOS,23,green,2026-06-10 23:01:05.07,active,,2026-06-10 06:09:56.232572,,N847UA,Airbus A319,t,Arrived,0,2026-06-11 00:12:38.84
456,3,DL2945,DL,2026-06-10,21:15,ATL,ATW,14,green,2026-06-10 23:01:27.971,active,,2026-06-10 08:59:57.330967,,N3772H,Boeing 737-800,t,status_unresolvable,,2026-06-11 01:26:16.814
460,3,DL2836,DL,2026-06-10,07:30,ATL,MIA,7,green,2026-06-10 23:01:39.971,active,,2026-06-10 09:58:59.255137,,N126DN,Airbus A321,t,Arrived,0,2026-06-11 01:26:19.806
396,3,DL1100,DL,2026-06-10,07:30,ATL,PHL,53,amber,2026-06-10 23:01:44.071,active,,2026-06-10 03:31:29.941969,,N304DN,Airbus A321,t,Arrived,0,2026-06-11 01:26:21.806
425,3,AM649,AM,2026-06-10,07:00,LAX,MEX,7,green,2026-06-10 23:01:48.97,active,,2026-06-10 05:29:41.379327,,XA-JGQ,Boeing 737-900,t,EnRoute,0,2026-06-11 01:26:22.975
407,3,UA2632,UA,2026-06-10,21:30,LAX,IAD,19,green,2026-06-10 23:01:51.771,active,,2026-06-10 03:32:26.556052,,N17596,Boeing 737,t,status_unresolvable,,2026-06-11 01:26:24.205
431,3,UA4505,UA,2026-06-10,22:00,ORD,MLI,29,amber,2026-06-10 23:01:54.971,active,,2026-06-10 05:30:45.877329,,,,t,status_unresolvable,,2026-06-11 01:26:25.007
434,3,DL1199,DL,2026-06-10,22:50,ATL,ORD,29,amber,2026-06-10 23:02:00.071,active,,2026-06-10 05:30:48.577201,,,Boeing 737-800,t,status_unresolvable,,2026-06-11 01:26:25.771
435,3,AA324,AA,2026-06-10,11:55,DFW,RNO,11,green,2026-06-10 23:02:17.171,active,,2026-06-10 06:00:41.276965,,N317VE,Boeing 737 MAX 8,t,Arrived,0,2026-06-11 01:26:27.855
438,3,DL3119,DL,2026-06-10,18:00,ATL,CVG,12,green,2026-06-10 23:02:24.771,active,,2026-06-10 06:01:22.078968,,N837DN,Boeing 737,t,Arrived,0,2026-06-11 01:26:29.338
437,3,AS668,AS,2026-06-10,07:00,LAX,PDX,7,green,2026-06-10 23:02:32.27,active,,2026-06-10 06:00:49.478195,,N431AS,Boeing 737-900,t,Arrived,0,2026-06-11 01:26:30.415
256,3,DL2810,DL,2026-06-09,22:49,ATL,DAB,0,green,,archived,,2026-06-09 23:36:52.915562,,,,t,EnRoute,0,2026-06-10 03:11:43.303
625,3,UA5571,UA,2026-06-10,14:29,ORD,SDF,25,amber,2026-06-10 23:17:01.671,active,,2026-06-10 19:52:34.931502,,N625UX,Embraer 175,t,status_unresolvable,,2026-06-11 01:29:28.506
482,3,MS986,MS,2026-06-10,12:55,JFK,CAI,42,amber,2026-06-10 23:02:45.37,active,,2026-06-10 12:33:08.148674,,SU-GGH,Airbus A350-900,t,EnRoute,0,2026-06-11 01:26:34.306
483,3,VJA388,VJA,2026-06-10,18:20,BOS,BDR,27,amber,2026-06-10 23:02:49.371,active,,2026-06-10 12:33:33.748577,,N388GC,Gulfstream Aerospace V,t,status_unresolvable,,2026-06-11 01:26:35.618
472,3,AA1459,AA,2026-06-10,22:00,ORD,SEA,29,amber,2026-06-10 23:02:57.071,active,,2026-06-10 11:59:45.249336,,,Airbus A321,t,status_unresolvable,,2026-06-11 01:26:37.355
214,3,DL1437,DL,2026-06-09,12:35,ATL,RIC,7,green,2026-06-09 23:36:52.704,archived,,2026-06-09 23:35:23.555739,,N873DN,Boeing 737,t,Arrived,0,2026-06-10 03:11:45.804
254,3,DL1339,DL,2026-06-09,19:35,ATL,CLE,0,green,,archived,,2026-06-09 23:36:51.915622,,,,t,Arrived,0,2026-06-10 03:11:58.204
216,3,DL1642,DL,2026-06-09,14:00,ATL,MCO,9,green,2026-06-09 23:36:57.003,archived,,2026-06-09 23:35:23.814101,,N845MH,Boeing 767-400,t,Arrived,0,2026-06-10 03:32:01.344
217,3,UA6200,UA,2026-06-09,13:36,ORD,CMH,7,green,2026-06-09 23:36:58.703,archived,,2026-06-09 23:35:26.014241,,N790SK,Bombardier CRJ700,t,Arrived,0,2026-06-10 03:32:09.944
218,3,DL5795,DL,2026-06-09,19:29,JFK,PIT,14,green,2026-06-09 23:37:00.204,archived,,2026-06-09 23:35:32.113934,,N221JQ,Embraer 175,t,Arrived,0,2026-06-10 03:32:26.443
220,3,UA5804,UA,2026-06-09,17:16,ORD,CRW,9,green,2026-06-09 23:37:02.204,archived,,2026-06-09 23:35:40.212894,,N793SK,Canadair CRJ,t,Arrived,0,2026-06-10 03:32:28.544
222,3,UA1335,UA,2026-06-09,18:17,ORD,BUF,11,green,2026-06-09 23:37:04.404,archived,,2026-06-09 23:35:41.812762,,N38454,Boeing 737-900,t,Arrived,0,2026-06-10 03:32:32.544
224,3,AA531,AA,2026-06-09,22:38,DFW,TUL,15,green,2026-06-09 23:37:09.903,archived,,2026-06-09 23:35:45.391184,,,Boeing 737,t,status_unresolvable,,2026-06-10 03:32:38.044
225,3,DL5702,DL,2026-06-09,21:29,BOS,JFK,15,green,2026-06-09 23:37:13.704,archived,,2026-06-09 23:35:45.39674,,,Embraer 175,t,Arrived,0,2026-06-10 03:32:41.044
204,3,WN4943,WN,2026-06-09,11:00,LAX,ABQ,9,green,2026-06-09 23:36:13.504,archived,,2026-06-09 23:35:20.518795,,N8533S,Boeing 737-800,t,Arrived,0,2026-06-10 03:32:43.743
206,3,DL3842,DL,2026-06-09,12:57,LAX,SJC,7,green,2026-06-09 23:36:26.405,archived,,2026-06-09 23:35:20.58186,,N271SY,Embraer 175,t,Arrived,0,2026-06-10 03:32:48.244
208,3,DL4001,DL,2026-06-09,14:11,LAX,SAN,9,green,2026-06-09 23:36:43.704,archived,,2026-06-09 23:35:20.644777,,N300SY,Embraer 175,t,Arrived,0,2026-06-10 03:32:51.043
211,3,DL2279,DL,2026-06-09,11:21,ATL,PHL,7,green,2026-06-09 23:36:49.903,archived,,2026-06-09 23:35:23.49304,,N313DN,Airbus A321,t,Arrived,0,2026-06-10 03:32:53.644
197,3,MQ3651,MQ,2026-06-09,09:51,DFW,MAF,10,green,2026-06-09 23:37:42.904,archived,,2026-06-09 23:35:09.818774,,N323ED,Embraer 175,t,Arrived,0,2026-06-10 03:33:15.443
205,3,UA5629,UA,2026-06-09,10:35,ORD,GRB,7,green,2026-06-09 23:37:44.404,archived,,2026-06-09 23:35:20.526712,,N919EV,Canadair CRJ 200,t,Arrived,0,2026-06-10 03:33:19.744
207,3,UA4605,UA,2026-06-09,12:41,ORD,DSM,7,green,2026-06-09 23:37:46.403,archived,,2026-06-09 23:35:20.589405,,N538GJ,Canadair Regional Jet,t,Arrived,0,2026-06-10 03:33:32.144
209,3,UA4523,UA,2026-06-09,13:55,ORD,CAE,7,green,2026-06-09 23:37:47.904,archived,,2026-06-09 23:35:20.6599,,N503GJ,Canadair Regional Jet,t,Arrived,0,2026-06-10 03:33:35.443
200,3,DL3064,DL,2026-06-09,10:11,ATL,TLH,7,green,2026-06-09 23:37:51.304,archived,,2026-06-09 23:35:16.562089,,N964AT,Boeing 717,t,Arrived,0,2026-06-10 03:33:59.644
201,3,DL668,DL,2026-06-09,07:00,JFK,SFO,19,green,2026-06-09 23:37:54.204,archived,,2026-06-09 23:35:20.320233,,N193DN,Boeing 767-300,t,Arrived,0,2026-06-10 03:34:03.444
202,3,VS26,VS,2026-06-09,08:15,JFK,LHR,11,green,2026-06-09 23:37:56.104,archived,,2026-06-09 23:35:20.384602,,G-VYUM,Boeing 787-9,t,Arrived,0,2026-06-10 03:34:05.044
203,3,DL2019,DL,2026-06-09,09:50,JFK,MCO,9,green,2026-06-09 23:37:58.703,archived,,2026-06-09 23:35:20.449419,,N397DN,Airbus A321,t,Arrived,0,2026-06-10 03:34:14.544
210,3,AA2718,AA,2026-06-09,15:37,LAX,ORD,9,green,2026-06-09 23:38:01.303,archived,,2026-06-09 23:35:23.492026,,N937NN,Boeing 737-800,t,Arrived,0,2026-06-10 03:34:17.543
212,3,AA2934,AA,2026-06-09,15:55,DFW,ILM,9,green,2026-06-09 23:38:03.907,archived,,2026-06-09 23:35:23.497306,,N741UW,Airbus A319,t,Arrived,0,2026-06-10 03:34:18.644
215,3,UA1303,UA,2026-06-09,16:50,DFW,DEN,29,amber,2026-06-09 23:38:06.503,archived,,2026-06-09 23:35:23.560674,,N12221,Boeing 737-800,t,Arrived,0,2026-06-10 03:34:26.743
219,3,DL5657,DL,2026-06-09,15:34,BOS,JAX,9,green,2026-06-09 23:38:08.503,archived,,2026-06-09 23:35:38.214609,,N235JQ,Embraer 175,t,Arrived,0,2026-06-10 03:34:31.443
199,3,DL1708,DL,2026-06-09,09:05,ATL,HSV,6,green,2026-06-09 23:38:11.103,archived,,2026-06-09 23:35:16.49552,,N894AT,Boeing 717,t,Arrived,0,2026-06-10 03:34:34.144
221,3,UA2040,UA,2026-06-09,17:05,BOS,ORD,9,green,2026-06-09 23:38:13.703,archived,,2026-06-09 23:35:41.013326,,N17583,Boeing 737 MAX 9,t,Arrived,0,2026-06-10 03:34:36.244
226,3,DL4148,DL,2026-06-09,19:59,LAX,BOI,11,green,2026-06-09 23:38:16.403,archived,,2026-06-09 23:35:45.434866,,,Embraer 175,t,status_unresolvable,,2026-06-10 03:34:39.444
227,3,AA4908,AA,2026-06-09,21:50,LAX,SMF,13,green,2026-06-09 23:38:17.703,archived,,2026-06-09 23:35:45.499801,,,Embraer 175,t,status_unresolvable,,2026-06-10 03:34:41.143
229,3,DL503,DL,2026-06-09,16:45,ATL,PDX,9,green,2026-06-09 23:38:21.603,archived,,2026-06-09 23:35:45.678174,,N880DN,Boeing 737,t,Arrived,0,2026-06-10 03:34:47.744
230,3,DL436,DL,2026-06-09,17:15,ATL,DFW,9,green,2026-06-09 23:38:23.204,archived,,2026-06-09 23:35:45.735651,,N353DN,Airbus A321,t,Arrived,0,2026-06-10 03:33:37.643
243,3,DL5654,DL,2026-06-09,08:09,BOS,CMH,0,green,,archived,,2026-06-09 23:36:04.41398,,,,t,Arrived,0,2026-06-10 03:11:59.704
235,3,MQ3480,MQ,2026-06-09,08:30,ORD,COU,0,green,,archived,,2026-06-09 23:35:53.816466,,,,t,Arrived,0,2026-06-10 03:34:51.324
236,3,OO6440,OO,2026-06-09,09:30,ORD,DAY,0,green,,archived,,2026-06-09 23:35:56.216257,,,,t,Arrived,0,2026-06-10 03:34:55.443
237,3,MQ3549,MQ,2026-06-09,11:28,DFW,GRK,0,green,,archived,,2026-06-09 23:35:56.415895,,,,t,Arrived,0,2026-06-10 03:34:56.444
239,3,AV441,AV,2026-06-09,13:55,DFW,SAL,0,green,,archived,,2026-06-09 23:35:59.114719,,,,t,EnRoute,0,2026-06-10 03:35:04.744
240,3,AM649,AM,2026-06-09,07:00,LAX,MEX,0,green,,archived,,2026-06-09 23:35:59.315126,,,,t,EnRoute,0,2026-06-10 03:35:10.644
241,3,DL5626,DL,2026-06-09,07:00,BOS,CLT,0,green,,archived,,2026-06-09 23:35:59.514414,,,,t,Arrived,0,2026-06-10 03:35:11.443
244,3,DL1514,DL,2026-06-09,11:05,JFK,MIA,0,green,,archived,,2026-06-09 23:36:11.314793,,,,t,Arrived,0,2026-06-10 03:35:12.444
245,3,TJ433,TJ,2026-06-09,14:20,JFK,GFL,0,green,,archived,,2026-06-09 23:36:13.51414,,,,t,Arrived,0,2026-06-10 03:35:15.943
473,3,MQ4302,MQ,2026-06-10,08:40,DFW,LAW,12,green,2026-06-10 23:03:03.171,active,,2026-06-10 12:32:06.512632,,N745JB,Embraer 170,t,Arrived,0,2026-06-11 01:26:37.927
475,3,AC8478,AC,2026-06-10,08:45,ORD,YUL,22,green,2026-06-10 23:03:16.27,active,,2026-06-10 12:32:07.033433,,C-GOJZ,Canadair CRJ 900,t,Arrived,0,2026-06-11 01:26:39.284
476,3,ET575,ET,2026-06-10,10:15,ORD,ADD,22,green,2026-06-10 23:03:21.871,active,,2026-06-10 12:32:07.122031,,ET-AOT,Boeing 787-8,t,EnRoute,0,2026-06-11 01:26:39.716
477,3,DL1422,DL,2026-06-10,07:00,JFK,FLL,42,amber,2026-06-10 23:03:24.07,active,,2026-06-10 12:32:10.162155,,N833DN,Boeing 737,t,Arrived,0,2026-06-11 01:26:40.706
479,3,AA6336,AA,2026-06-10,07:00,LAX,SFO,22,green,2026-06-10 23:03:27.17,active,,2026-06-10 12:33:03.948399,,,Embraer 175,t,Arrived,0,2026-06-11 01:26:41.705
480,3,AA2049,AA,2026-06-10,11:29,JFK,DFW,45,amber,2026-06-10 23:02:39.171,active,,2026-06-10 12:33:04.548402,,N892NN,Boeing 737-800,t,Arrived,0,2026-06-11 01:26:43.106
246,3,DL322,DL,2026-06-09,13:55,BOS,ATL,0,green,,archived,,2026-06-09 23:36:19.314602,,,,t,Arrived,0,2026-06-10 03:35:17.143
248,3,DL28,DL,2026-06-09,18:05,JFK,NCE,0,green,,archived,,2026-06-09 23:36:41.515282,,,,t,EnRoute,0,2026-06-10 03:35:20.843
249,3,AA4065,AA,2026-06-09,22:38,DFW,CRP,0,green,,archived,,2026-06-09 23:36:41.915387,,,,t,status_unresolvable,,2026-06-10 03:35:23.743
250,3,DL2202,DL,2026-06-09,19:59,LAX,LAS,0,green,,archived,,2026-06-09 23:36:44.715629,,,,t,EnRoute,0,2026-06-10 03:35:27.144
251,3,DL1295,DL,2026-06-09,16:44,ATL,FLL,0,green,,archived,,2026-06-09 23:36:47.814322,,,,t,Arrived,0,2026-06-10 03:35:29.043
252,3,BA172,BA,2026-06-09,20:55,JFK,LHR,0,green,,archived,,2026-06-09 23:36:48.214757,,,,t,EnRoute,0,2026-06-10 03:35:30.244
234,3,UA6005,UA,2026-06-09,06:55,ORD,MCI,6,green,2026-06-09 23:38:31.803,archived,,2026-06-09 23:35:52.416261,,N202SY,Embraer 175,t,Arrived,0,2026-06-10 03:35:32.843
195,3,AA1279,AA,2026-06-09,07:15,DFW,CMH,6,green,2026-06-09 23:37:17.204,archived,,2026-06-09 23:35:09.677562,,N978NN,Boeing 737-800,t,Arrived,0,2026-06-10 03:33:05.444
231,3,UA3707,UA,2026-06-09,19:45,ORD,IND,11,green,2026-06-09 23:38:25.903,archived,,2026-06-09 23:35:45.77362,,N754YX,Embraer 175,t,Arrived,0,2026-06-10 03:33:38.608
228,3,DL2168,DL,2026-06-09,15:29,ATL,EYW,9,green,2026-06-09 23:38:19.403,archived,,2026-06-09 23:35:45.620525,,N347NB,Airbus A319,t,Arrived,0,2026-06-10 03:34:43.744
238,3,AA1862,AA,2026-06-09,12:41,DFW,FLL,0,green,,archived,,2026-06-09 23:35:57.914686,,,,t,Arrived,0,2026-06-10 03:35:00.643
253,3,DL114,DL,2026-06-09,22:25,JFK,OPO,0,green,,archived,,2026-06-09 23:36:48.714632,,,,t,status_unresolvable,,2026-06-10 03:35:31.24
223,3,AA2283,AA,2026-06-09,20:48,DFW,PDX,13,green,2026-06-09 23:37:07.103,archived,,2026-06-09 23:35:45.114217,,N925UY,Airbus A321,t,EnRoute,0,2026-06-10 03:32:33.843
232,3,AA4511,AA,2026-06-09,20:55,ORD,RIC,13,green,2026-06-09 23:38:29.204,archived,,2026-06-09 23:35:45.835628,,,Embraer 175,t,EnRoute,0,2026-06-10 03:33:01.243
213,3,AA6515,AA,2026-06-09,18:30,LAX,ABQ,11,green,2026-06-09 23:38:05.304,archived,,2026-06-09 23:35:23.55489,,,Canadair reg jet 700,t,Arrived,0,2026-06-10 03:34:24.144
233,3,UA4603,UA,2026-06-09,22:00,ORD,PIA,13,green,2026-06-09 23:38:30.303,archived,,2026-06-09 23:35:45.898503,,,,t,EnRoute,0,2026-06-10 03:34:50.343
247,3,AA3262,AA,2026-06-09,20:48,DFW,MEM,0,green,,archived,,2026-06-09 23:36:41.513888,,,,t,Arrived,0,2026-06-10 03:35:19.044
505,3,AA4825,AA,2026-06-10,13:06,ORD,ALO,75,red,2026-06-10 23:06:11.971,active,,2026-06-10 14:35:34.169357,,,Canadair reg jet 700,t,Cancelled,0,2026-06-11 01:27:17.542
506,3,DL3507,DL,2026-06-10,11:21,ATL,SHV,8,green,2026-06-10 23:06:14.47,active,,2026-06-10 14:36:18.969376,,N273SY,Embraer 175,t,Arrived,0,2026-06-11 01:27:18.306
508,3,AA110,AA,2026-06-10,16:55,ORD,FCO,24,green,2026-06-10 23:06:22.571,active,,2026-06-10 14:36:25.370511,,N820AL,Boeing 787-9,t,EnRoute,0,2026-06-11 01:27:36.306
509,3,AF331,AF,2026-06-10,21:45,BOS,CDG,29,amber,2026-06-10 23:06:26.671,active,,2026-06-10 14:36:34.271248,,F-HUVJ,Airbus A350-900,t,status_unresolvable,,2026-06-11 01:27:36.918
520,3,DL439,DL,2026-06-10,07:26,DFW,LAX,10,green,2026-06-10 23:06:29.971,active,,2026-06-10 15:56:54.936749,,N358NB,Airbus A319,t,Arrived,0,2026-06-11 01:27:38.433
516,3,UA1912,UA,2026-06-10,08:47,LAX,DEN,7,green,2026-06-10 23:06:32.771,active,,2026-06-10 15:02:41.01882,,N24555,Airbus A321 NEO,t,Arrived,0,2026-06-11 01:27:39.701
492,3,AA3264,AA,2026-06-10,11:43,ORD,DFW,25,amber,2026-06-10 23:06:35.871,active,,2026-06-10 13:20:27.330322,,N969NN,Boeing 737-800,t,Arrived,0,2026-06-11 01:27:40.918
518,3,DL3773,DL,2026-06-10,11:44,LAX,BOI,10,green,2026-06-10 23:06:42.471,active,,2026-06-10 15:02:48.71933,,N296SY,Embraer 175,t,Arrived,0,2026-06-11 01:27:44.328
519,3,DL2867,DL,2026-06-10,11:21,ATL,BNA,8,green,2026-06-10 23:06:45.671,active,,2026-06-10 15:02:50.919503,,N960DZ,Boeing 737-900,t,Arrived,0,2026-06-11 01:27:45.642
510,3,AA5013,AA,2026-06-10,07:25,DFW,MAF,75,red,2026-06-10 23:06:50.171,active,,2026-06-10 15:01:44.137113,,,Canadair reg jet 700,t,Cancelled,0,2026-06-11 01:27:46.966
521,3,OO4918,OO,2026-06-10,08:50,DFW,GJT,12,green,2026-06-10 23:06:53.871,active,,2026-06-10 15:56:55.006852,,N724SK,Canadair CRJ-701ER,t,Arrived,0,2026-06-11 01:27:47.606
522,3,UA2668,UA,2026-06-10,11:15,ORD,DCA,23,green,2026-06-10 23:06:57.871,active,,2026-06-10 15:56:55.382131,,N14228,Boeing 737-800,t,Arrived,0,2026-06-11 01:27:49.225
495,3,IB342,IB,2026-06-10,16:55,ORD,MAD,24,green,2026-06-10 23:04:10.171,active,,2026-06-10 13:21:12.334156,,EC-LUX,Airbus A330-300,t,EnRoute,0,2026-06-11 01:26:44.707
471,3,AS57,AS,2026-06-10,07:00,LAX,ANC,7,green,2026-06-10 23:04:16.802,active,,2026-06-10 11:58:52.548455,,N977AK,Boeing 737 MAX 9,t,Arrived,0,2026-06-11 01:26:48.006
474,3,UA5477,UA,2026-06-10,06:45,ORD,ORF,27,amber,2026-06-10 23:04:19.571,active,,2026-06-10 12:32:06.956271,,N145SY,Embraer 175,t,Arrived,0,2026-06-11 01:26:48.734
514,3,UA567,UA,2026-06-10,10:25,ORD,PIT,23,green,2026-06-10 23:07:00.371,active,,2026-06-10 15:01:44.611941,,N68453,Boeing 737-900,t,Arrived,0,2026-06-11 01:27:50.306
493,3,AA3612,AA,2026-06-10,13:06,ORD,LAN,75,red,2026-06-10 23:03:30.471,active,,2026-06-10 13:20:28.730957,,,Embraer 170,t,Cancelled,0,2026-06-11 01:27:51.119
478,3,DL1966,DL,2026-06-10,08:00,JFK,SJU,42,amber,2026-06-10 23:04:26.171,active,,2026-06-10 12:32:10.207948,,N544DN,Airbus A321 NEO,t,Arrived,0,2026-06-11 01:26:49.549
484,3,LF3029,LF,2026-06-10,16:55,ORD,MBL,30,amber,2026-06-10 23:04:32.971,active,,2026-06-10 12:33:38.648731,,N12552,Embraer 145,t,status_unresolvable,,2026-06-11 01:26:50.507
486,3,AA474,AA,2026-06-10,07:15,DFW,PHX,10,green,2026-06-10 23:04:35.77,active,,2026-06-10 13:19:21.699813,,N162UW,Airbus A321,t,Arrived,0,2026-06-11 01:26:51.115
487,3,MQ3451,MQ,2026-06-10,08:41,DFW,CHA,10,green,2026-06-10 23:04:38.371,active,,2026-06-10 13:19:21.755197,,N219NN,Embraer 175,t,Arrived,0,2026-06-11 01:26:52.306
489,3,AA2965,AA,2026-06-10,07:10,ORD,DCA,22,green,2026-06-10 23:04:45.77,active,,2026-06-10 13:19:21.978867,,N756US,Airbus A319,t,Arrived,0,2026-06-11 01:26:55.506
490,3,UA3634,UA,2026-06-10,08:40,ORD,BNA,22,green,2026-06-10 23:04:48.971,active,,2026-06-10 13:19:22.042947,,N768YX,Embraer 175,t,Arrived,0,2026-06-11 01:26:56.706
491,3,AA1015,AA,2026-06-10,10:14,ORD,LGA,43,amber,2026-06-10 23:04:54.971,active,,2026-06-10 13:19:22.088936,,N946NN,Boeing 737-800,t,Arrived,0,2026-06-11 01:26:57.315
513,3,OO6232,OO,2026-06-10,08:30,ORD,FWA,24,green,2026-06-10 23:05:02.571,active,,2026-06-10 15:01:44.550989,,N453SW,Canadair CRJ 200,t,Arrived,0,2026-06-11 01:26:59.306
511,3,AA1177,AA,2026-06-10,08:56,DFW,DCA,15,green,2026-06-10 23:05:07.371,active,,2026-06-10 15:01:44.227222,,N355PU,Boeing 737-800,t,Arrived,0,2026-06-11 01:27:01.607
512,3,UA563,UA,2026-06-10,07:10,ORD,EWR,42,amber,2026-06-10 23:05:11.371,active,,2026-06-10 15:01:44.492048,,N54552,Airbus A321 NEO,t,Arrived,0,2026-06-11 01:27:02.405
500,3,UA2847,UA,2026-06-10,08:45,ORD,RAP,22,green,2026-06-10 23:05:24.671,active,,2026-06-10 14:34:58.368883,,N807UA,Airbus A319,t,Arrived,0,2026-06-11 01:27:03.735
498,3,AA1998,AA,2026-06-10,10:06,DFW,JAX,11,green,2026-06-10 23:05:39.87,active,,2026-06-10 14:33:56.576372,,N926AN,Boeing 737-800,t,Arrived,0,2026-06-11 01:27:05.67
501,3,AA2016,AA,2026-06-10,10:10,ORD,LAS,23,green,2026-06-10 23:05:48.97,active,,2026-06-10 14:35:01.270448,,N907AN,Boeing 737-800,t,Arrived,0,2026-06-11 01:27:06.807
502,3,DL963,DL,2026-06-10,07:35,ATL,CVG,7,green,2026-06-10 23:05:55.771,active,,2026-06-10 14:35:19.869466,,N890DN,Boeing 737,t,Arrived,0,2026-06-11 01:27:07.906
503,3,DL1424,DL,2026-06-10,09:01,ATL,MSY,7,green,2026-06-10 23:06:03.471,active,,2026-06-10 14:35:26.768822,,N882DN,Boeing 737-900,t,Arrived,0,2026-06-11 01:27:13.405
504,3,DL1622,DL,2026-06-10,09:49,ATL,AGS,7,green,2026-06-10 23:06:07.471,active,,2026-06-10 14:35:31.168638,,N944AT,Boeing 717,t,Arrived,0,2026-06-11 01:27:14.205
458,3,AA1828,AA,2026-06-10,08:53,DFW,FAT,10,green,2026-06-10 23:01:11.502,active,,2026-06-10 09:58:58.354008,,N952AA,Boeing 737-800,t,Arrived,0,2026-06-11 01:26:15.006
526,3,UA1349,UA,2026-06-10,09:50,BOS,ORD,22,green,2026-06-10 23:07:10.271,active,,2026-06-10 15:58:14.131029,,N77426,Boeing 737 MAX 9,t,Arrived,0,2026-06-11 01:27:55.006
527,3,DL2605,DL,2026-06-10,07:25,ATL,TPA,7,green,2026-06-10 23:07:13.171,active,,2026-06-10 15:58:14.330475,,N593DX,Airbus A321 NEO,t,Arrived,0,2026-06-11 01:27:55.542
529,3,AS348,AS,2026-06-10,08:54,ATL,SEA,7,green,2026-06-10 23:07:20.271,active,,2026-06-10 15:58:16.030725,,N433AS,Boeing 737-900,t,Arrived,0,2026-06-11 01:27:58.151
530,3,DL1564,DL,2026-06-10,13:00,ORD,SEA,23,green,2026-06-10 23:07:22.871,active,,2026-06-10 15:58:17.430782,,N3737C,Boeing 737-800,t,Arrived,0,2026-06-11 01:27:59.043
531,3,DL664,DL,2026-06-10,10:25,ATL,MCO,8,green,2026-06-10 23:07:25.47,active,,2026-06-10 15:58:18.230808,,N344DN,Airbus A321,t,Arrived,0,2026-06-11 01:28:00.907
532,3,UA2370,UA,2026-06-10,14:12,ORD,MCI,27,amber,2026-06-10 23:07:27.871,active,,2026-06-10 15:58:19.843939,,N878UA,Airbus A319,t,Arrived,0,2026-06-11 01:28:01.707
533,3,AA271,AA,2026-06-10,08:53,LAX,OGG,9,green,2026-06-10 23:07:30.503,active,,2026-06-10 15:58:20.13128,,N452AN,Airbus A321 NEO,t,status_unresolvable,,2026-06-11 01:28:02.951
534,3,OZ201,OZ,2026-06-10,10:10,LAX,ICN,15,green,2026-06-10 23:07:33.67,active,,2026-06-10 15:58:21.631386,,HL7634,Airbus A380,t,EnRoute,0,2026-06-11 01:28:04.506
536,3,DL5803,DL,2026-06-10,11:25,BOS,SAV,23,green,2026-06-10 23:07:40.97,active,,2026-06-10 15:58:29.929424,,N206JQ,Embraer 175,t,Arrived,0,2026-06-11 01:28:08.006
537,3,DL2606,DL,2026-06-10,14:00,LAX,SEA,10,green,2026-06-10 23:07:45.27,active,,2026-06-10 15:58:36.33137,,N3765,Boeing 737-800,t,Arrived,0,2026-06-11 01:28:08.905
538,3,AA3249,AA,2026-06-10,11:20,ATL,DFW,10,green,2026-06-10 23:07:49.271,active,,2026-06-10 15:58:40.831817,,N974AN,Boeing 737-800,t,Arrived,0,2026-06-11 01:28:09.805
539,3,AA3910,AA,2026-06-10,22:00,ORD,TVC,29,amber,2026-06-10 23:07:52.571,active,,2026-06-10 15:58:48.030228,,,Embraer 170,t,status_unresolvable,,2026-06-11 01:28:10.809
540,3,AA602,AA,2026-06-10,08:56,DFW,MCI,12,green,2026-06-10 23:07:57.87,active,,2026-06-10 16:41:01.088695,,N948AN,Boeing 737-800,t,Arrived,0,2026-06-11 01:28:13.406
541,3,UA3498,UA,2026-06-10,06:55,ORD,CVG,22,green,2026-06-10 23:08:08.971,active,,2026-06-10 16:41:01.337055,,N788YX,Embraer 175,t,Arrived,0,2026-06-11 01:28:14.046
543,3,AA1650,AA,2026-06-10,10:00,ORD,BNA,23,green,2026-06-10 23:08:28.671,active,,2026-06-10 16:41:01.464918,,N750UW,Airbus A319,t,Arrived,0,2026-06-11 01:28:16.906
544,3,DL2018,DL,2026-06-10,07:00,JFK,PBI,42,amber,2026-06-10 23:08:37.171,active,,2026-06-10 16:41:14.007961,,N399DA,Boeing 737-800,t,Arrived,0,2026-06-11 01:28:17.53
545,3,DL2253,DL,2026-06-10,07:15,LAX,LAS,7,green,2026-06-10 23:08:43.471,active,,2026-06-10 16:41:22.906857,,N876DN,Boeing 737,t,Arrived,0,2026-06-11 01:28:18.711
546,3,AA1186,AA,2026-06-10,09:02,LAX,DFW,9,green,2026-06-10 23:08:46.671,active,,2026-06-10 16:41:41.106765,,N556UW,Airbus A321,t,Arrived,0,2026-06-11 01:28:19.811
547,3,UA2127,UA,2026-06-10,10:15,LAX,EWR,43,amber,2026-06-10 23:08:48.41,active,,2026-06-10 16:41:45.007003,,N19136,Boeing 757-200,t,Arrived,0,2026-06-11 01:28:20.967
548,3,AA281,AA,2026-06-10,10:55,DFW,ICN,16,green,2026-06-10 23:08:52.271,active,,2026-06-10 16:41:52.507359,,N840AN,Boeing 787-9,t,EnRoute,0,2026-06-11 01:28:21.627
549,3,OO6384,OO,2026-06-10,12:30,DFW,STL,13,green,2026-06-10 23:08:55.071,active,,2026-06-10 16:41:57.605465,,N756SK,Canadair CRJ-701ER,t,Arrived,0,2026-06-11 01:28:22.447
550,3,AA2141,AA,2026-06-10,14:11,DFW,MSN,18,green,2026-06-10 23:08:57.77,active,,2026-06-10 16:41:59.006099,,N815AW,Airbus A319,t,Arrived,0,2026-06-11 01:28:23.706
552,3,DL695,DL,2026-06-10,06:50,BOS,ATL,22,green,2026-06-10 23:09:26.67,active,,2026-06-10 16:42:08.006805,,N712TW,Boeing 757-200,t,Arrived,0,2026-06-11 01:28:26.222
553,3,UA424,UA,2026-06-10,11:00,ORD,LGA,43,amber,2026-06-10 23:09:34.07,active,,2026-06-10 16:42:12.006374,,N14230,Boeing 737-800,t,Arrived,0,2026-06-11 01:28:27.206
554,3,UA4605,UA,2026-06-10,12:41,ORD,DSM,23,green,2026-06-10 23:09:39.67,active,,2026-06-10 16:42:15.007399,,N544GJ,Canadair Regional Jet,t,Arrived,0,2026-06-11 01:28:28.406
555,3,AA3696,AA,2026-06-10,14:06,ORD,MHT,25,amber,2026-06-10 23:09:42.671,active,,2026-06-10 16:42:17.107367,,,Embraer 170,t,status_unresolvable,,2026-06-11 01:28:29.275
556,3,AA4709,AA,2026-06-10,12:22,BOS,ROC,23,green,2026-06-10 23:09:47.271,active,,2026-06-10 16:42:20.80611,,N131HQ,Embraer 175,t,Arrived,0,2026-06-11 01:28:30.118
557,3,DL2063,DL,2026-06-10,11:25,ATL,FLL,8,green,2026-06-10 23:09:49.871,active,,2026-06-10 16:42:25.305184,,N336DX,Airbus A321,t,Arrived,0,2026-06-11 01:28:30.885
560,3,LO27,LO,2026-06-10,22:20,JFK,WAW,50,amber,2026-06-10 23:09:56.67,active,,2026-06-10 16:42:38.606366,,,Boeing 777-200,t,status_unresolvable,,2026-06-11 01:28:32.107
561,3,UA4447,UA,2026-06-10,22:00,ORD,GRB,34,amber,2026-06-10 23:09:58.771,active,,2026-06-10 16:42:44.506766,,,,t,status_unresolvable,,2026-06-11 01:28:33.206
562,3,AA1949,AA,2026-06-10,07:15,DFW,SFO,25,amber,2026-06-10 23:10:02.87,active,,2026-06-10 17:12:20.405907,,N417AN,Airbus A321 NEO,t,Arrived,0,2026-06-11 01:28:33.825
563,3,AA1885,AA,2026-06-10,10:15,DFW,GEG,11,green,2026-06-10 23:10:05.471,active,,2026-06-10 17:12:25.761201,,N934AA,Airbus A321,t,Arrived,0,2026-06-11 01:28:34.367
515,3,UA1397,UA,2026-06-10,07:05,LAX,IAH,12,green,2026-06-10 23:10:08.27,active,,2026-06-10 15:02:40.218954,,N27404,Boeing 737 MAX 9,t,Arrived,0,2026-06-11 01:28:35.007
496,3,AA1948,AA,2026-06-10,07:00,DFW,IND,12,green,2026-06-10 23:10:11.871,active,,2026-06-10 14:33:56.436309,,N980NN,Boeing 737-800,t,Arrived,0,2026-06-11 01:28:35.906
565,3,OO6443,OO,2026-06-10,08:56,DFW,SGF,12,green,2026-06-10 23:10:18.671,active,,2026-06-10 17:56:54.156234,,N752SK,Canadair CRJ-701ER,t,Arrived,0,2026-06-11 01:28:37.326
566,3,UA2622,UA,2026-06-10,07:00,ORD,SAV,22,green,2026-06-10 23:10:40.7,active,,2026-06-10 17:56:54.358317,,N37555,Boeing 737 MAX 9,t,Arrived,0,2026-06-11 01:28:38.206
567,3,AA3222,AA,2026-06-10,08:00,ORD,CLT,22,green,2026-06-10 23:10:49.77,active,,2026-06-10 17:56:54.447121,,N917AN,Boeing 737-800,t,Arrived,0,2026-06-11 01:28:38.729
569,3,AA1057,AA,2026-06-10,12:36,BOS,PHX,23,green,2026-06-10 23:10:54.67,active,,2026-06-10 17:57:04.782859,,N471AN,Airbus A321 NEO,t,Arrived,0,2026-06-11 01:28:39.307
570,3,UA1621,UA,2026-06-10,10:24,LAX,MCO,8,green,2026-06-10 23:10:56.671,active,,2026-06-10 17:57:04.803661,,N17441,Boeing 737 MAX 9,t,Arrived,0,2026-06-11 01:28:41.006
571,3,DL2775,DL,2026-06-10,11:30,JFK,MCO,43,amber,2026-06-10 23:11:06.57,active,,2026-06-10 17:57:04.98652,,N590DT,Airbus A321 NEO,t,Arrived,0,2026-06-11 01:28:41.907
572,3,AC778,AC,2026-06-10,11:05,LAX,YUL,8,green,2026-06-10 23:11:12.67,active,,2026-06-10 17:57:05.714577,,C-FSNQ,Boeing 737,t,Arrived,0,2026-06-11 01:28:42.637
574,3,LH401,LH,2026-06-10,15:40,JFK,FRA,47,amber,2026-06-10 23:11:20.571,active,,2026-06-10 17:57:12.639033,,D-AIHW,Airbus A340-600,t,EnRoute,0,2026-06-11 01:28:44.289
575,3,DL743,DL,2026-06-10,17:59,ATL,SMF,10,green,2026-06-10 23:11:30.77,active,,2026-06-10 17:57:37.215116,,N841DN,Boeing 737,t,EnRoute,0,2026-06-11 01:28:45.045
576,3,OO6427,OO,2026-06-10,11:15,ORD,TUL,25,amber,2026-06-10 23:11:37.071,active,,2026-06-10 17:57:42.017255,,N168SY,Embraer 175,t,Arrived,0,2026-06-11 01:28:46.151
577,3,UA3554,UA,2026-06-10,12:50,ORD,CMH,23,green,2026-06-10 23:11:44.271,active,,2026-06-10 17:57:43.815515,,N787YX,Embraer 175,t,Arrived,0,2026-06-11 01:28:46.749
579,3,UA1673,UA,2026-06-10,19:45,ORD,DFW,29,amber,2026-06-10 23:11:49.201,active,,2026-06-10 17:58:10.113349,,,Airbus A319,t,status_unresolvable,,2026-06-11 01:28:47.321
523,3,DL2570,DL,2026-06-10,10:29,ORD,BOS,23,green,2026-06-10 23:11:52.771,active,,2026-06-10 15:56:55.471304,,N3768,Boeing 737-800,t,Arrived,0,2026-06-11 01:28:49.106
289,3,AC753,AC,2026-06-10,15:40,BOS,YUL,25,amber,2026-06-10 23:01:36.97,active,,2026-06-10 01:49:56.714653,,C-GUPG,Airbus A220-300,t,Arrived,0,2026-06-11 01:26:18.006
568,3,AA6330,AA,2026-06-10,09:22,LAX,SFO,22,green,2026-06-10 23:12:01.67,active,,2026-06-10 17:57:04.739591,,N409SY,Embraer 175,t,Arrived,0,2026-06-11 01:28:51.406
580,3,MQ3628,MQ,2026-06-10,07:12,DFW,LIT,10,green,2026-06-10 23:12:11.271,active,,2026-06-10 18:46:14.829632,,N206NN,Embraer 175,t,Arrived,0,2026-06-11 01:28:53.305
582,3,AA1520,AA,2026-06-10,09:57,DFW,BNA,10,green,2026-06-10 23:12:22.771,active,,2026-06-10 18:46:14.933284,,N826NN,Boeing 737-800,t,Arrived,0,2026-06-11 01:28:53.765
583,3,AA831,AA,2026-06-10,07:11,ORD,NAS,21,green,2026-06-10 23:12:25.471,active,,2026-06-10 18:46:15.293065,,N966NN,Boeing 737-800,t,EnRoute,0,2026-06-11 01:28:55.006
584,3,DL2252,DL,2026-06-10,09:35,ORD,LGA,42,amber,2026-06-10 23:12:29.271,active,,2026-06-10 18:46:15.337806,,N326DU,Airbus A220-300,t,Arrived,0,2026-06-11 01:28:55.503
585,3,AA2389,AA,2026-06-10,10:00,ORD,YYC,25,amber,2026-06-10 23:12:31.871,active,,2026-06-10 18:46:15.382417,,N936AN,Boeing 737-800,t,Arrived,0,2026-06-11 01:28:57.251
587,3,MQ3859,MQ,2026-06-10,11:00,DFW,HUX,10,green,2026-06-10 23:12:42.371,active,,2026-06-10 18:46:37.85702,,N206NN,Embraer 175,t,Departed,0,2026-06-11 01:28:58.51
589,3,DL1400,DL,2026-06-10,09:04,ATL,STL,9,green,2026-06-10 23:12:48.871,active,,2026-06-10 18:46:37.942902,,N817DN,Boeing 737-900,t,Arrived,0,2026-06-11 01:29:00.806
590,3,DL1115,DL,2026-06-10,10:12,ATL,DAL,10,green,2026-06-10 23:12:55.871,active,,2026-06-10 18:46:37.986177,,N929AT,Boeing 717,t,Arrived,0,2026-06-11 01:29:01.906
592,3,MQ3480,MQ,2026-06-10,08:30,ORD,COU,22,green,2026-06-10 23:13:43.871,active,,2026-06-10 18:46:38.037061,,N739AE,Embraer 170,t,status_unresolvable,,2026-06-11 01:29:02.874
593,3,MQ4330,MQ,2026-06-10,12:59,ORD,SPI,23,green,2026-06-10 23:13:53.371,active,,2026-06-10 18:46:39.448194,,N740MR,Embraer 170,t,Departed,0,2026-06-11 01:29:03.541
594,3,DL1716,DL,2026-06-10,14:07,ORD,DTW,33,amber,2026-06-10 23:14:01.27,active,,2026-06-10 18:46:57.847718,,N983AT,Boeing 717,t,Arrived,0,2026-06-11 01:29:04.407
595,3,WN4943,WN,2026-06-10,11:00,LAX,ABQ,8,green,2026-06-10 23:14:06.67,active,,2026-06-10 18:47:02.738409,,N8508W,Boeing 737-800,t,Arrived,0,2026-06-11 01:29:05.106
598,3,AF21,AF,2026-06-10,14:00,LAX,CDG,10,green,2026-06-10 23:14:36.771,active,,2026-06-10 18:47:02.834043,,F-GSQC,Boeing 777-300,t,EnRoute,0,2026-06-11 01:29:06.505
599,3,DL2279,DL,2026-06-10,11:21,ATL,PHL,48,amber,2026-06-10 23:14:42.971,active,,2026-06-10 18:47:15.048054,,N320DN,Airbus A321,t,Arrived,0,2026-06-11 01:29:07.105
600,3,AA1589,AA,2026-06-10,12:39,BOS,MIA,23,green,2026-06-10 23:14:46.771,active,,2026-06-10 18:47:17.046662,,N947NN,Boeing 737-800,t,Arrived,0,2026-06-11 01:29:07.729
602,3,AC8693,AC,2026-06-10,12:30,BOS,YYZ,23,green,2026-06-10 23:14:52.471,active,,2026-06-10 18:47:19.447977,,C-FRQN,Embraer 175,t,Arrived,0,2026-06-11 01:29:08.406
603,3,DL5830,DL,2026-06-10,14:11,ATL,HHH,9,green,2026-06-10 23:14:58.071,active,,2026-06-10 18:47:20.648813,,N818MD,Embraer 170,t,Arrived,0,2026-06-11 01:29:09.014
604,3,UA212,UA,2026-06-10,17:00,LAX,ORD,25,amber,2026-06-10 23:15:05.271,active,,2026-06-10 18:47:20.949269,,,Airbus A320,t,status_unresolvable,,2026-06-11 01:29:10.506
605,3,DL2243,DL,2026-06-10,18:30,LAX,MCI,14,green,2026-06-10 23:15:32.171,active,,2026-06-10 18:47:23.749479,,,Airbus A319,t,status_unresolvable,,2026-06-11 01:29:12.207
608,3,DL2039,DL,2026-06-10,07:01,ORD,DTW,30,amber,2026-06-10 23:15:44.071,active,,2026-06-10 19:23:01.254149,,N979AT,Boeing 717,t,Arrived,0,2026-06-11 01:29:15.119
609,3,UA4462,UA,2026-06-10,08:40,ORD,FSD,24,green,2026-06-10 23:15:46.17,active,,2026-06-10 19:23:01.328459,,N563GJ,Canadair CRJ,t,Arrived,0,2026-06-11 01:29:15.907
610,3,AA2920,AA,2026-06-10,09:41,ORD,TPA,22,green,2026-06-10 23:15:51.971,active,,2026-06-10 19:23:01.39363,,N342PM,Boeing 737-800,t,Arrived,0,2026-06-11 01:29:16.862
611,3,UA5566,UA,2026-06-10,10:45,ORD,TVC,23,green,2026-06-10 23:15:58.77,active,,2026-06-10 19:24:29.329573,,N87364,Embraer 175,t,Arrived,0,2026-06-11 01:29:18.807
613,3,AM653,AM,2026-06-10,13:45,ORD,GDL,22,green,2026-06-10 23:16:09.971,active,,2026-06-10 19:24:30.828678,,XA-EBN,Boeing 737,t,EnRoute,0,2026-06-11 01:29:20.214
614,3,UA2846,UA,2026-06-10,15:38,ORD,GRR,30,amber,2026-06-10 23:16:15.171,active,,2026-06-10 19:24:35.830411,,N492UA,Airbus A320,t,Arrived,0,2026-06-11 01:29:21.039
616,3,AA3499,AA,2026-06-10,18:04,ORD,HPN,27,amber,2026-06-10 23:16:27.771,active,,2026-06-10 19:24:37.42852,,,Embraer 175,t,status_unresolvable,,2026-06-11 01:29:23.761
618,3,MQ3366,MQ,2026-06-10,08:52,DFW,ABI,12,green,2026-06-10 23:16:40.301,active,,2026-06-10 19:51:09.369807,,N277NN,Embraer 175,t,Arrived,0,2026-06-11 01:29:24.114
619,3,MQ3718,MQ,2026-06-10,09:51,ORD,MSO,22,green,2026-06-10 23:16:42.271,active,,2026-06-10 19:51:09.668355,,N246NN,Embraer 175,t,Arrived,0,2026-06-11 01:29:24.889
620,3,DL2650,DL,2026-06-10,10:15,ATL,RIC,8,green,2026-06-10 23:16:45.671,active,,2026-06-10 19:51:10.097939,,N383DZ,Airbus A321,t,Arrived,0,2026-06-11 01:29:25.841
621,3,DL1961,DL,2026-06-10,12:30,JFK,SJU,43,amber,2026-06-10 23:16:48.57,active,,2026-06-10 19:52:15.330341,,N525DA,Airbus A321 NEO,t,Arrived,0,2026-06-11 01:29:26.407
623,3,LF3027,LF,2026-06-10,11:10,ORD,MBL,28,amber,2026-06-10 23:16:56.771,active,,2026-06-10 19:52:28.134538,,N12552,Embraer 145,t,Arrived,0,2026-06-11 01:29:27.026
624,3,UA1902,UA,2026-06-10,12:45,ORD,SFO,23,green,2026-06-10 23:16:58.871,active,,2026-06-10 19:52:31.034002,,N779UA,Boeing 777-200,t,Arrived,0,2026-06-11 01:29:27.906
626,3,DL4975,DL,2026-06-10,14:30,JFK,CLE,50,amber,2026-06-10 23:17:05.071,active,,2026-06-10 19:52:45.331865,,N934XJ,Canadair CRJ 900,t,Arrived,0,2026-06-11 01:29:29.006
628,3,DL1660,DL,2026-06-10,15:24,ATL,MCI,12,green,2026-06-10 23:17:15.77,active,,2026-06-10 19:53:05.531093,,N838DN,Boeing 737,t,Arrived,0,2026-06-11 01:29:29.874
629,3,DL2627,DL,2026-06-10,16:45,ATL,JAX,10,green,2026-06-10 23:17:39.971,active,,2026-06-10 19:53:06.831701,,N370DN,Airbus A321,t,Arrived,0,2026-06-11 01:29:30.806
578,3,UA1862,UA,2026-06-10,14:05,ORD,IAH,25,amber,2026-06-10 23:17:46.57,active,,2026-06-10 17:57:44.515406,,N24508,Airbus A321 NEO,t,Arrived,0,2026-06-11 01:29:31.212
630,3,UA4594,UA,2026-06-10,08:40,ORD,DAY,22,green,2026-06-10 23:17:48.871,active,,2026-06-10 20:34:14.665048,,N556GJ,Canadair CRJ,t,Arrived,0,2026-06-11 01:29:31.806
631,3,UA2743,UA,2026-06-10,07:00,LAX,EWR,42,amber,2026-06-10 23:17:53.971,active,,2026-06-10 20:34:20.462371,,N58101,Boeing 757-200,t,Arrived,0,2026-06-11 01:29:32.806
633,3,AA1866,AA,2026-06-10,07:16,DFW,FLL,10,green,2026-06-10 23:18:03.171,active,,2026-06-10 20:34:23.261549,,N965AN,Boeing 737-800,t,Arrived,0,2026-06-11 01:29:34.206
635,3,AA2226,AA,2026-06-10,09:35,DFW,OMA,10,green,2026-06-10 23:18:07.771,active,,2026-06-10 20:34:24.563833,,N741UW,Airbus A319,t,Arrived,0,2026-06-11 01:29:36.506
636,3,DL5730,DL,2026-06-10,14:00,BOS,LGA,45,amber,2026-06-10 23:18:12.771,active,,2026-06-10 20:34:37.061793,,N231JQ,Embraer 175,t,Arrived,0,2026-06-11 01:29:37.506
638,3,UA2212,UA,2026-06-10,13:05,LAX,BZN,10,green,2026-06-10 23:18:20.17,active,,2026-06-10 20:34:56.362373,,N35271,Boeing 737-800,t,Arrived,0,2026-06-11 01:29:38.606
639,3,UA5926,UA,2026-06-10,12:41,ORD,ICT,25,amber,2026-06-10 23:18:23.171,active,,2026-06-10 20:35:04.662918,,N976SW,Canadair CRJ 200,t,Arrived,0,2026-06-11 01:29:39.206
640,3,AA3455,AA,2026-06-10,09:47,ORD,CID,22,green,2026-06-10 23:18:27.802,active,,2026-06-10 20:35:07.962257,,N673AW,Airbus A320,t,Departed,0,2026-06-11 01:29:40.606
642,3,DL2832,DL,2026-06-10,13:48,ATL,VPS,8,green,2026-06-10 23:18:33.37,active,,2026-06-10 20:35:14.464703,,N603AT,Boeing 717,t,Arrived,0,2026-06-11 01:29:41.406
643,3,OO6390,OO,2026-06-10,11:19,DFW,COS,13,green,2026-06-10 23:18:35.971,active,,2026-06-10 20:35:16.263409,,N706SK,Canadair CRJ-701ER,t,Arrived,0,2026-06-11 01:29:42.106
337,3,UA288,UA,2026-06-10,18:05,ORD,SNN,26,amber,2026-06-10 23:02:10.771,active,,2026-06-10 02:19:29.153274,,N12116,Boeing 757-200,t,EnRoute,0,2026-06-11 01:26:27.006
646,3,DL5605,DL,2026-06-10,15:00,ORD,BOS,25,amber,2026-06-10 23:18:43.771,active,,2026-06-10 20:35:56.864742,,N87365,Embraer 175,t,Departed,0,2026-06-11 01:29:43.359
648,3,TP244,TP,2026-06-10,18:00,ORD,LIS,28,amber,2026-06-10 23:18:51.071,active,,2026-06-10 20:36:02.764101,,CS-TUJ,Airbus A330,t,EnRoute,0,2026-06-11 01:29:45.094
649,3,MQ3461,MQ,2026-06-10,15:28,DFW,CID,13,green,2026-06-10 23:18:54.57,active,,2026-06-10 20:36:14.864604,,N234JW,Embraer 175,t,Arrived,0,2026-06-11 01:29:45.706
651,3,AA2810,AA,2026-06-10,16:17,DFW,SFO,28,amber,2026-06-10 23:19:06.071,active,,2026-06-10 20:36:16.365442,,N123NN,Airbus A321 (Sharklets),t,Arrived,0,2026-06-11 01:29:46.406
652,3,AA1745,AA,2026-06-10,18:15,DFW,SAN,15,green,2026-06-10 23:19:08.402,active,,2026-06-10 20:36:17.7646,,N959XV,Airbus A321,t,EnRoute,0,2026-06-11 01:29:47.405
654,3,OO6272,OO,2026-06-10,08:36,LAX,OKC,9,green,2026-06-10 23:19:10.77,active,,2026-06-10 21:15:47.759599,,N503SY,Embraer 175,t,Arrived,0,2026-06-11 01:29:48.711
653,3,DL1363,DL,2026-06-10,09:06,ATL,PIT,7,green,2026-06-10 23:19:13.302,active,,2026-06-10 21:15:47.761722,,N949DZ,Boeing 737-900,t,Arrived,0,2026-06-11 01:29:49.407
656,3,MQ3449,MQ,2026-06-10,15:19,DFW,CAE,13,green,2026-06-10 23:19:18.47,active,,2026-06-10 21:15:52.460857,,N312BT,Embraer 175,t,Arrived,0,2026-06-11 01:29:51.506
658,3,AA6235,AA,2026-06-10,18:12,DFW,PHX,15,green,2026-06-10 23:19:24.171,active,,2026-06-10 21:15:55.856456,,,Canadair reg jet 700,t,status_unresolvable,,2026-06-11 01:29:55.206
659,3,LP2691,LP,2026-06-10,14:00,JFK,LIM,46,amber,2026-06-10 23:19:26.971,active,,2026-06-10 21:15:59.856626,,CC-CXH,Boeing 767-300,t,EnRoute,0,2026-06-11 01:29:56.206
661,3,DL5299,DL,2026-06-10,16:50,JFK,ROC,45,amber,2026-06-10 23:19:34.571,active,,2026-06-10 21:16:14.657364,,N133EV,Canadair CRJ 900,t,Arrived,0,2026-06-11 01:29:56.954
662,3,DL4719,DL,2026-06-10,15:30,ORD,BDL,25,amber,2026-06-10 23:19:38.77,active,,2026-06-10 21:16:22.859678,,N149SY,Embraer 175,t,Arrived,0,2026-06-11 01:29:58.606
663,3,DL1353,DL,2026-06-10,14:07,ATL,PIT,10,green,2026-06-10 23:19:44.271,active,,2026-06-10 21:16:24.256471,,N957DZ,Boeing 737-900,t,Arrived,0,2026-06-11 01:29:59.107
664,3,OO4958,OO,2026-06-10,14:05,LAX,DEN,10,green,2026-06-10 23:19:50.271,active,,2026-06-10 21:16:24.556023,,N506SY,Embraer 175,t,Arrived,0,2026-06-11 01:30:00.305
667,3,PTR2948,PTR,2026-06-10,20:25,BOS,YTZ,30,amber,2026-06-10 23:19:59.171,active,,2026-06-10 21:16:32.858346,,C-GLQP,De Havilland Canada DHC-8-400 Dash 8Q,t,Departed,0,2026-06-11 01:30:02.216
668,3,AS3476,AS,2026-06-10,17:00,LAX,STS,10,green,2026-06-10 23:20:05.571,active,,2026-06-10 21:16:34.057719,,N179SY,Embraer 175,t,EnRoute,0,2026-06-11 01:30:02.706
670,3,MQ3766,MQ,2026-06-10,09:45,ORD,RAP,22,green,2026-06-10 23:20:29.87,active,,2026-06-10 21:52:25.869867,,N283NN,Embraer 175,t,Arrived,0,2026-06-11 01:30:03.306
671,3,MQ3701,MQ,2026-06-10,11:55,DFW,MLU,11,green,2026-06-10 23:20:35.671,active,,2026-06-10 21:52:28.330621,,N341MB,Embraer 175,t,Arrived,0,2026-06-11 01:30:04.107
672,3,UA2160,UA,2026-06-10,14:15,DFW,ORD,28,amber,2026-06-10 23:20:41.671,active,,2026-06-10 21:52:28.395677,,N27246,Boeing 737-800,t,status_unresolvable,,2026-06-11 01:30:05.506
673,3,AA4509,AA,2026-06-10,12:42,JFK,ORF,43,amber,2026-06-10 23:20:48.371,active,,2026-06-10 21:52:38.553158,,N855RW,Embraer 170,t,Departed,0,2026-06-11 01:30:06.19
675,3,AA1322,AA,2026-06-10,16:13,DFW,DEN,13,green,2026-06-10 23:20:57.77,active,,2026-06-10 21:53:00.652915,,N981UY,Airbus A321,t,Arrived,0,2026-06-11 01:30:06.894
677,3,UA1183,UA,2026-06-10,15:54,BOS,IAH,25,amber,2026-06-10 23:21:04.07,active,,2026-06-10 21:53:01.152163,,N17423,Boeing 737 MAX 9,t,Arrived,0,2026-06-11 01:30:09.107
678,3,AA4151,AA,2026-06-10,14:26,ORD,MHK,25,amber,2026-06-10 23:21:08.871,active,,2026-06-10 21:53:09.353483,,,Embraer 170,t,Cancelled,0,2026-06-11 02:09:08.67
680,3,UA5467,UA,2026-06-10,12:45,LAX,ACV,8,green,2026-06-10 23:21:15.371,active,,2026-06-10 21:53:15.253515,,N78361,Embraer 175,t,EnRoute,0,2026-06-11 02:09:15.47
681,3,UA5757,UA,2026-06-10,14:30,ORD,CLT,25,amber,2026-06-10 23:21:17.37,active,,2026-06-10 21:54:00.952286,,N132SY,Embraer 175,t,Arrived,0,2026-06-11 02:09:20.274
682,3,AA3479,AA,2026-06-10,16:44,ORD,COU,25,amber,2026-06-10 23:21:19.771,active,,2026-06-10 21:54:03.653069,,,Embraer 175,t,status_unresolvable,,2026-06-11 02:09:37.771
683,3,UA1369,UA,2026-06-10,18:00,ORD,DCA,27,amber,2026-06-10 23:21:22.171,active,,2026-06-10 21:54:04.453148,,,Airbus A320,t,status_unresolvable,,2026-06-11 02:09:44.372
685,3,AA2526,AA,2026-06-10,09:00,ATL,MIA,7,green,2026-06-10 23:21:56.271,active,,2026-06-10 22:17:02.674422,,N778XF,Airbus A319,t,Arrived,0,2026-06-11 02:09:52.072
686,3,AM409,AM,2026-06-10,16:00,JFK,MEX,45,amber,2026-06-10 23:22:03.071,active,,2026-06-10 22:17:29.773835,,N967AM,Boeing 787-8,t,EnRoute,0,2026-06-11 02:09:54.971
687,3,CI5311,CI,2026-06-10,16:05,JFK,TPE,46,amber,2026-06-10 23:22:33.37,active,,2026-06-10 22:17:34.773864,,B-18780,Boeing 777,t,EnRoute,0,2026-06-11 02:10:00.171
688,3,EI110,EI,2026-06-10,18:25,JFK,SNN,48,amber,2026-06-10 23:22:40.071,active,,2026-06-10 22:17:36.573989,,EI-LRF,Airbus A321 NEO,t,EnRoute,0,2026-06-11 02:10:01.372
689,3,AA869,AA,2026-06-10,11:28,DFW,FLG,11,green,2026-06-10 23:22:42.67,active,,2026-06-10 22:17:40.675485,,N714US,Airbus A319,t,Arrived,0,2026-06-11 02:10:04.472
691,3,AA1988,AA,2026-06-10,13:53,LAX,CLT,8,green,2026-06-10 23:22:49.27,active,,2026-06-10 22:17:44.375233,,N928AM,Airbus A321,t,Arrived,0,2026-06-11 02:10:05.47
692,3,MQ3875,MQ,2026-06-10,14:17,DFW,MLI,18,green,2026-06-10 23:22:51.67,active,,2026-06-10 22:17:45.573799,,N337MR,Embraer 175,t,Departed,0,2026-06-11 02:10:06.097
694,3,WN888,WN,2026-06-10,16:45,BOS,DEN,25,amber,2026-06-10 23:22:57.17,active,,2026-06-10 22:17:49.573189,,N8658A,Boeing 737-800,t,Arrived,0,2026-06-11 02:10:08.07
696,3,AA4444,AA,2026-06-10,12:29,ORD,PNS,23,green,2026-06-10 23:23:01.471,active,,2026-06-10 22:17:55.475359,,N425YX,Embraer 175,t,Arrived,0,2026-06-11 02:10:09.072
697,3,UA622,UA,2026-06-10,13:30,ORD,AUS,23,green,2026-06-10 23:23:04.071,active,,2026-06-10 22:17:57.675762,,N37252,Boeing 737-800,t,Arrived,0,2026-06-11 02:10:10.072
698,3,DL2198,DL,2026-06-10,15:25,LAX,MSP,12,green,2026-06-10 23:23:07.07,active,,2026-06-10 22:18:08.873486,,N593DX,Airbus A321 NEO,t,Arrived,0,2026-06-11 02:10:10.817
699,3,WS1425,WS,2026-06-10,16:55,LAX,YEG,11,green,2026-06-10 23:23:11.07,active,,2026-06-10 22:18:14.173394,,C-GWSQ,Boeing 737-700,t,EnRoute,0,2026-06-11 02:10:11.584
701,3,AA2673,AA,2026-06-10,16:37,DFW,VPS,13,green,2026-06-10 23:23:16.071,active,,2026-06-10 22:18:28.872727,,N982AN,Boeing 737-800,t,Arrived,0,2026-06-11 02:10:12.772
703,3,UA4766,UA,2026-06-10,15:35,ORD,OKC,27,amber,2026-06-10 23:23:20.77,active,,2026-06-10 22:18:43.275052,,,Embraer 175,t,status_unresolvable,,2026-06-11 02:10:16.871
704,3,AA10,AA,2026-06-10,21:30,LAX,JFK,49,amber,2026-06-10 23:23:22.77,active,,2026-06-10 22:18:43.474023,,,Airbus A321,t,status_unresolvable,,2026-06-11 02:10:17.373
706,3,DL1021,DL,2026-06-10,18:10,ATL,GSP,12,green,2026-06-10 23:23:29.27,active,,2026-06-10 22:18:45.77344,,N886DN,Boeing 737,t,Arrived,0,2026-06-11 02:10:19.072
707,3,KL612,KL,2026-06-10,16:50,ORD,AMS,25,amber,2026-06-10 23:23:32.47,active,,2026-06-10 22:18:46.074545,,PH-BKH,Boeing 787-10,t,EnRoute,0,2026-06-11 02:10:20.072
708,3,UA953,UA,2026-06-10,18:00,ORD,MUC,26,amber,2026-06-10 23:23:35.97,active,,2026-06-10 22:18:47.27441,,N27908,Boeing 787-8,t,EnRoute,0,2026-06-11 02:10:22.471
711,3,DL2810,DL,2026-06-10,22:49,ATL,DAB,14,green,2026-06-10 23:23:48.37,active,,2026-06-10 22:18:56.177249,,,Boeing 737-900,t,status_unresolvable,,2026-06-11 02:10:23.973
732,3,DL3060,DL,2026-06-11,12:36,ATL,GSO,9,green,2026-06-11 01:56:40.906,active,,2026-06-11 00:06:34.953063,,,Boeing 737-900,t,,,
734,3,UA970,UA,2026-06-11,15:45,ORD,FCO,42,amber,2026-06-11 01:56:44.606,active,,2026-06-11 00:06:57.152373,,,Boeing 787,t,,,
740,3,AA5596,AA,2026-06-11,15:44,DFW,MCI,11,green,2026-06-11 01:56:48.006,active,,2026-06-11 00:07:21.452645,,,Bombardier CRJ900,t,,,
720,3,UA4570,UA,2026-06-11,10:25,ORD,HSV,41,amber,2026-06-11 01:56:50.906,active,,2026-06-11 00:05:17.776184,,,,t,,,
723,3,DL984,DL,2026-06-11,10:07,ATL,CTG,8,green,2026-06-11 01:56:52.905,active,,2026-06-11 00:05:43.054046,,,Boeing 737-800,t,,,
724,3,AA6352,AA,2026-06-11,11:45,ORD,STL,41,amber,2026-06-11 01:56:55.716,active,,2026-06-11 00:06:04.353888,,,Canadair reg jet 700,t,,,
725,3,UA2290,UA,2026-06-11,13:05,ORD,DFW,41,amber,2026-06-11 01:56:57.506,active,,2026-06-11 00:06:06.952885,,,Boeing 737-800,t,,,
726,3,AS325,AS,2026-06-11,14:12,ORD,PDX,43,amber,2026-06-11 01:57:00.729,active,,2026-06-11 00:06:08.652623,,,Boeing 737-900,t,,,
727,3,UA703,UA,2026-06-11,07:00,LAX,DEN,8,green,2026-06-11 01:57:02.706,active,,2026-06-11 00:06:13.852402,,,Boeing 737-900,t,,,
729,3,WN2251,WN,2026-06-11,08:55,LAX,AUS,8,green,2026-06-11 01:57:06.806,active,,2026-06-11 00:06:14.952788,,,Boeing 737,t,,,
733,3,DL2546,DL,2026-06-11,14:09,ATL,TRI,11,green,2026-06-11 01:57:09.006,active,,2026-06-11 00:06:51.252327,,,Boeing 717-200,t,,,
730,3,DL749,DL,2026-06-11,10:11,LAX,TPA,9,green,2026-06-11 01:57:11.205,active,,2026-06-11 00:06:18.552472,,,Airbus A320,t,,,
716,3,AA5243,AA,2026-06-11,07:10,DFW,JAN,8,green,2026-06-11 01:57:13.029,active,,2026-06-11 00:05:17.279998,,,Bombardier CRJ900,t,,,
736,3,AA4430,AA,2026-06-11,18:06,ORD,CMH,46,amber,2026-06-11 01:57:15.506,active,,2026-06-11 00:07:01.953028,,,Embraer 175,t,,,
737,3,DL1194,DL,2026-06-11,11:48,LAX,SLC,10,green,2026-06-11 01:57:37.205,active,,2026-06-11 00:07:04.452844,,,Boeing 737-900,t,,,
738,3,UA2212,UA,2026-06-11,12:55,LAX,BZN,10,green,2026-06-11 01:57:41.606,active,,2026-06-11 00:07:08.952248,,,Boeing 737-800,t,,,
739,3,VB623,VB,2026-06-11,14:10,LAX,MTY,10,green,2026-06-11 01:57:43.505,active,,2026-06-11 00:07:11.651306,,,Airbus A321,t,,,
717,3,AA5521,AA,2026-06-11,10:16,DFW,JAN,9,green,2026-06-11 01:57:45.306,active,,2026-06-11 00:05:17.337243,,,Canadair reg jet 700,t,,,
742,3,DL981,DL,2026-06-11,15:30,ATL,BOG,10,green,2026-06-11 01:57:47.606,active,,2026-06-11 00:07:26.751814,,,Boeing 757,t,,,
743,3,AA2235,AA,2026-06-11,18:30,DFW,DEN,14,green,2026-06-11 01:57:49.306,active,,2026-06-11 00:07:27.651808,,,Airbus A321,t,,,
744,3,AA2718,AA,2026-06-11,15:37,LAX,ORD,43,amber,2026-06-11 01:57:51.106,active,,2026-06-11 00:07:28.052339,,,Boeing 737-800,t,,,
745,3,DL2627,DL,2026-06-11,16:45,ATL,JAX,11,green,2026-06-11 01:57:53.305,active,,2026-06-11 00:07:30.751999,,,Airbus A321,t,,,
746,3,WN1571,WN,2026-06-11,17:00,LAX,LAS,11,green,2026-06-11 01:57:58.806,active,,2026-06-11 00:07:33.252098,,,Boeing 737-800,t,,,
719,3,UA2301,UA,2026-06-11,08:45,ORD,EWR,40,amber,2026-06-11 01:58:02.505,active,,2026-06-11 00:05:17.729683,,,Boeing 757-200,t,,,
713,3,DL1008,DL,2026-06-10,15:15,ATL,CVG,0,green,,active,,2026-06-10 22:41:25.325248,,,,t,Arrived,0,2026-06-11 02:10:24.873
714,3,WN596,WN,2026-06-10,18:20,ATL,TPA,0,green,,active,,2026-06-10 22:41:25.385363,,,,t,Arrived,0,2026-06-11 02:10:25.794
715,3,DL575,DL,2026-06-10,22:49,ATL,LAX,0,green,,active,,2026-06-10 22:41:47.283579,,,,t,status_unresolvable,,2026-06-11 02:10:27.171
559,3,WN225,WN,2026-06-10,14:10,ATL,STL,12,green,2026-06-10 23:11:56.27,active,,2026-06-10 16:42:28.706983,,N444WN,Boeing 737-700,t,Arrived,0,2026-06-11 02:10:27.973
481,3,AC8603,AC,2026-06-10,05:50,BOS,YUL,22,green,2026-06-10 23:02:42.27,active,,2026-06-10 12:33:05.947867,,C-FEJY,Embraer 175,t,Arrived,0,2026-06-11 01:26:31.707
581,3,AA1849,AA,2026-06-10,08:40,DFW,SFO,25,amber,2026-06-10 23:12:18.371,active,,2026-06-10 18:46:14.888258,,N959XV,Airbus A321,t,Arrived,0,2026-06-11 02:10:28.972
591,3,DL2118,DL,2026-06-10,10:00,BOS,RDU,23,green,2026-06-10 23:13:17.671,active,,2026-06-10 18:46:38.003112,,N321NB,Airbus A319,t,Arrived,0,2026-06-11 02:10:32.771
596,3,AA4389,AA,2026-06-10,14:25,JFK,CLE,50,amber,2026-06-10 23:14:09.171,active,,2026-06-10 18:47:02.755199,,N129HQ,Embraer 175,t,status_unresolvable,,2026-06-11 02:10:33.771
601,3,DL4663,DL,2026-06-10,12:36,ATL,CRW,8,green,2026-06-10 23:14:49.971,active,,2026-06-10 18:47:18.348256,,N330PQ,Canadair CRJ 900,t,Arrived,0,2026-06-11 02:10:34.571
607,3,DL472,DL,2026-06-10,16:45,ATL,SEA,10,green,2026-06-10 23:15:40.37,active,,2026-06-10 18:48:27.049584,,N585NW,Boeing 757-300,t,EnRoute,0,2026-06-11 02:10:35.401
612,3,AA6451,AA,2026-06-10,13:16,ORD,DAY,75,red,2026-06-10 23:16:03.87,active,,2026-06-10 19:24:30.328728,,,Canadair reg jet 700,t,Cancelled,0,2026-06-11 02:10:36.252
622,3,DL2827,DL,2026-06-10,12:49,ATL,DAB,8,green,2026-06-10 23:16:52.271,active,,2026-06-10 19:52:20.730986,,N945DZ,Boeing 737-900,t,Arrived,0,2026-06-11 02:10:38.672
627,3,AS25,AS,2026-06-10,16:57,JFK,SAN,45,amber,2026-06-10 23:17:10.971,active,,2026-06-10 19:52:46.532993,,N546AS,Boeing 737-800,t,EnRoute,0,2026-06-11 02:10:39.572
632,3,UA1295,UA,2026-06-10,08:35,LAX,LIH,7,green,2026-06-10 23:17:59.371,active,,2026-06-10 20:34:21.862046,,N37372,Boeing 737 MAX 8,t,EnRoute,0,2026-06-11 02:10:40.378
637,3,UA2086,UA,2026-06-10,11:30,LAX,IAH,13,green,2026-06-10 23:18:16.07,active,,2026-06-10 20:34:52.661272,,N17596,Boeing 737 MAX 9,t,Arrived,0,2026-06-11 02:10:46.972
641,3,DL895,DL,2026-06-10,12:35,ATL,LAX,8,green,2026-06-10 23:18:30.271,active,,2026-06-10 20:35:13.66354,,N593DX,Airbus A321 NEO,t,Arrived,0,2026-06-11 02:10:57.874
644,3,UA1574,UA,2026-06-10,13:00,DFW,EWR,46,amber,2026-06-10 23:18:38.171,active,,2026-06-10 20:35:22.562305,,N69830,Boeing 737,t,Arrived,0,2026-06-11 02:10:58.762
650,3,DL2086,DL,2026-06-10,16:44,ATL,DSM,10,green,2026-06-10 23:19:00.771,active,,2026-06-10 20:36:16.362709,,N930AT,Boeing 717,t,Arrived,0,2026-06-11 02:11:01.372
655,3,DL986,DL,2026-06-10,10:05,LAX,AUS,8,green,2026-06-10 23:19:16.171,active,,2026-06-10 21:15:50.558005,,N386DA,Boeing 737-800,t,Arrived,0,2026-06-11 02:11:03.071
660,3,CM812,CM,2026-06-10,15:32,JFK,PTY,46,amber,2026-06-10 23:19:30.871,active,,2026-06-10 21:16:11.258807,,HP-9911,Boeing 737 MAX 9,t,EnRoute,0,2026-06-11 02:11:04.271
665,3,UA4173,UA,2026-06-10,16:40,ORD,MDT,25,amber,2026-06-10 23:19:52.671,active,,2026-06-10 21:16:26.456904,,N564GJ,Canadair CRJ,t,Arrived,0,2026-06-11 02:11:05.371
669,3,AA2221,AA,2026-06-10,16:56,ATL,LAX,10,green,2026-06-10 23:20:22.671,active,,2026-06-10 21:16:35.154772,,N156UW,Airbus A321,t,Arrived,0,2026-06-11 02:11:05.973
674,3,AA2337,AA,2026-06-10,15:27,DFW,CMH,13,green,2026-06-10 23:20:54.371,active,,2026-06-10 21:52:58.052829,,N889NN,Boeing 737-800,t,Arrived,0,2026-06-11 02:11:06.972
261,3,AA5243,AA,2026-06-10,07:10,DFW,JAN,10,green,2026-06-10 23:21:53.47,active,,2026-06-10 01:49:23.714704,,N597NN,Canadair CRJ 900,t,Arrived,0,2026-06-11 02:11:08.771
690,3,AA1577,AA,2026-06-10,12:17,DFW,BOS,26,amber,2026-06-10 23:22:45.671,active,,2026-06-10 22:17:42.174523,,N140AN,Airbus A321,t,Arrived,0,2026-06-11 02:11:09.82
695,3,DL4703,DL,2026-06-10,11:32,ORD,PVD,23,green,2026-06-10 23:22:59.071,active,,2026-06-10 22:17:54.074136,,N85377,Embraer 175,t,Arrived,0,2026-06-11 02:11:11.572
700,3,AA2485,AA,2026-06-10,14:40,DFW,SAN,13,green,2026-06-10 23:23:13.67,active,,2026-06-10 22:18:28.073157,,N556UW,Airbus A321,t,Arrived,0,2026-06-11 02:11:12.972
705,3,AA73,AA,2026-06-10,23:05,LAX,SYD,14,green,2026-06-10 23:23:25.271,active,,2026-06-10 22:18:45.5725,,,Boeing 777-300ER,t,status_unresolvable,,2026-06-11 02:11:14.471
710,3,DL5452,DL,2026-06-10,21:04,ATL,MLU,14,green,2026-06-10 23:23:45.971,active,,2026-06-10 22:18:55.575162,,N132EV,Canadair CRJ 900,t,EnRoute,0,2026-06-11 02:11:15.265
384,3,AA727,AA,2026-06-10,14:25,DFW,SEA,13,green,2026-06-10 22:44:02.671,active,,2026-06-10 03:04:46.708356,,N540UW,Airbus A321,t,EnRoute,0,2026-06-11 00:09:44.24
277,3,DL5200,DL,2026-06-10,14:20,JFK,CHS,45,amber,2026-06-10 22:44:25.571,active,,2026-06-10 01:49:49.713037,,,Bombardier CRJ900,t,Cancelled,0,2026-06-11 00:09:49.441
269,3,AA2736,AA,2026-06-10,10:15,DFW,STS,11,green,2026-06-10 22:44:46.47,active,,2026-06-10 01:49:27.413829,,N758US,Airbus A319,t,status_unresolvable,,2026-06-11 00:09:54.64
375,3,AA2140,AA,2026-06-10,10:15,DFW,MRY,11,green,2026-06-10 22:45:05.671,active,,2026-06-10 03:04:35.120615,,N315UU,Boeing 737 MAX 8,t,Arrived,0,2026-06-11 00:09:59.04
343,3,AA1680,AA,2026-06-10,07:10,DFW,CLE,10,green,2026-06-10 22:49:01.271,active,,2026-06-10 02:56:22.510644,,N945AN,Boeing 737-800,t,Arrived,0,2026-06-11 00:10:22.934
634,3,DL1714,DL,2026-06-10,09:40,LAX,SEA,7,green,2026-06-10 23:18:05.57,active,,2026-06-10 20:34:23.760345,,N373DA,Boeing 737-800,t,Arrived,0,2026-06-11 01:29:35.606
712,3,AA3246,AA,2026-06-10,10:45,DFW,TUS,0,green,,active,,2026-06-10 22:40:25.081952,,,,t,Arrived,0,2026-06-11 01:29:42.55
647,3,KG5882,KG,2026-06-10,16:40,ORD,MKL,27,amber,2026-06-10 23:18:48.571,active,,2026-06-10 20:35:58.664882,,,Embraer RJ145,t,EnRoute,0,2026-06-11 01:29:44.406
657,3,AA651,AA,2026-06-10,16:42,DFW,SMF,13,green,2026-06-10 23:19:20.771,active,,2026-06-10 21:15:54.456834,,N997NN,Boeing 737-800,t,Arrived,0,2026-06-11 01:29:53.606
666,3,AA4102,AA,2026-06-10,18:00,ORD,DSM,27,amber,2026-06-10 23:19:56.77,active,,2026-06-10 21:16:28.45812,,,Embraer 170,t,status_unresolvable,,2026-06-11 01:30:01.207
676,3,UA2440,UA,2026-06-10,12:45,ORD,LAS,23,green,2026-06-10 23:21:00.771,active,,2026-06-10 21:53:00.952451,,N66808,Boeing 737-900,t,Arrived,0,2026-06-11 01:30:08.206
768,3,EI122,EI,2026-06-11,15:45,ORD,DUB,53,red,2026-06-11 01:56:17.506,active,,2026-06-11 01:25:50.319889,,,Airbus A330-300,t,,,
771,3,UA1850,UA,2026-06-11,22:00,ORD,OMA,47,amber,2026-06-11 01:56:30.006,active,,2026-06-11 01:26:08.521093,,,Boeing 737-900,t,,,
772,3,DL74,DL,2026-06-11,19:45,ATL,AMS,14,green,2026-06-11 01:56:31.806,active,,2026-06-11 01:26:12.419377,,,Airbus A330-300,t,,,
773,3,DL1320,DL,2026-06-11,22:49,ATL,CLE,21,green,2026-06-11 01:56:33.806,active,,2026-06-11 01:26:12.619849,,,Airbus A321,t,,,
731,3,DL1017,DL,2026-06-11,11:15,ATL,BHM,9,green,2026-06-11 01:56:37.305,active,,2026-06-11 00:06:28.751542,,,Boeing 717-200,t,,,
747,3,DL743,DL,2026-06-11,17:59,ATL,SMF,11,green,2026-06-11 01:58:04.805,active,,2026-06-11 00:07:34.952078,,,Boeing 737-900,t,,,
748,3,AA3561,AA,2026-06-11,19:46,ORD,LIT,46,amber,2026-06-11 01:58:06.606,active,,2026-06-11 00:07:36.451957,,,Embraer 170,t,,,
749,3,AS1397,AS,2026-06-11,18:27,LAX,PDX,14,green,2026-06-11 01:58:12.005,active,,2026-06-11 00:07:37.053145,,,Boeing 737-900,t,,,
750,3,AA4403,AA,2026-06-11,20:59,ORD,PWM,47,amber,2026-06-11 01:58:14.605,active,,2026-06-11 00:07:40.252549,,,Embraer 175,t,,,
777,3,DL1955,DL,2026-06-11,08:20,JFK,MBJ,0,green,,active,,2026-06-11 02:08:15.581704,,,,t,,,
778,3,DL5086,DL,2026-06-11,09:45,JFK,PIT,0,green,,active,,2026-06-11 02:08:18.184945,,,,t,,,
779,3,DL1585,DL,2026-06-11,07:30,ATL,IAH,0,green,,active,,2026-06-11 02:08:56.781634,,,,t,,,
780,3,AA897,AA,2026-06-11,06:26,BOS,PHL,0,green,,active,,2026-06-11 02:08:58.182734,,,,t,,,
781,3,DL1708,DL,2026-06-11,09:05,ATL,HSV,0,green,,active,,2026-06-11 02:08:59.581872,,,,t,,,
782,3,DL2118,DL,2026-06-11,10:00,BOS,RDU,0,green,,active,,2026-06-11 02:09:01.183862,,,,t,,,
783,3,AA4375,AA,2026-06-11,14:05,BOS,LGA,0,green,,active,,2026-06-11 02:09:12.484302,,,,t,,,
784,3,AA2766,AA,2026-06-11,18:30,DFW,LAX,0,green,,active,,2026-06-11 02:09:15.484263,,,,t,,,
785,3,QR704,QR,2026-06-11,11:20,JFK,DOH,0,green,,active,,2026-06-11 02:09:16.38177,,,,t,,,
786,3,TK4,TK,2026-06-11,12:50,JFK,IST,0,green,,active,,2026-06-11 02:09:18.08293,,,,t,,,
787,3,AA4389,AA,2026-06-11,14:25,JFK,CLE,0,green,,active,,2026-06-11 02:09:20.282986,,,,t,,,
788,3,AC753,AC,2026-06-11,15:40,BOS,YUL,0,green,,active,,2026-06-11 02:09:25.383224,,,,t,,,
789,3,AZ615,AZ,2026-06-11,17:05,BOS,FCO,0,green,,active,,2026-06-11 02:09:29.084044,,,,t,,,
790,3,UA2400,UA,2026-06-11,18:10,BOS,SFO,0,green,,active,,2026-06-11 02:09:32.082252,,,,t,,,
791,3,AS19,AS,2026-06-11,17:08,JFK,PDX,0,green,,active,,2026-06-11 02:09:35.083501,,,,t,,,
485,3,AA1207,AA,2026-06-10,19:40,DFW,TUS,15,green,2026-06-10 23:02:54.471,active,,2026-06-10 12:33:59.047324,,N972UY,Airbus A321,t,status_unresolvable,,2026-06-11 01:26:36.583
494,3,DL46,DL,2026-06-10,18:20,JFK,AMS,47,amber,2026-06-10 23:03:42.771,active,,2026-06-10 13:20:47.631931,,N831NW,Airbus A330,t,EnRoute,0,2026-06-11 01:26:43.626
488,3,AA3958,AA,2026-06-10,10:04,DFW,MGM,75,red,2026-06-10 23:04:40.702,active,,2026-06-10 13:19:21.801977,,,Embraer 170,t,Cancelled,0,2026-06-11 01:26:53.207
499,3,UA1358,UA,2026-06-10,07:00,ORD,MIA,22,green,2026-06-10 23:05:14.871,active,,2026-06-10 14:34:46.669026,,N37551,Boeing 737 MAX 9,t,Arrived,0,2026-06-11 01:27:03.066
751,3,AA1880,AA,2026-06-11,22:00,ORD,LAS,47,amber,2026-06-11 01:58:17.405,active,,2026-06-11 00:07:48.45095,,,Boeing 737-800,t,,,
718,3,UA2428,UA,2026-06-11,07:00,ORD,SAN,43,amber,2026-06-11 01:58:19.207,active,,2026-06-11 00:05:17.681192,,N77590,Boeing 737 MAX 9,t,,,
752,3,AA1797,AA,2026-06-11,20:51,DFW,LAS,15,green,2026-06-11 01:58:23.705,active,,2026-06-11 00:08:23.652215,,,Airbus A321,t,,,
753,3,DL2457,DL,2026-06-11,20:00,LAX,PDX,15,green,2026-06-11 01:58:28.106,active,,2026-06-11 00:08:23.753163,,,Boeing 737-800,t,,,
754,3,AA4065,AA,2026-06-11,22:38,DFW,CRP,18,green,2026-06-11 01:58:30.306,active,,2026-06-11 00:08:24.554103,,,Embraer 175,t,,,
755,3,UA2056,UA,2026-06-11,21:34,LAX,SFO,29,amber,2026-06-11 01:58:32.506,active,,2026-06-11 00:08:24.753404,,,Boeing 737-800,t,,,
756,3,UA2303,UA,2026-06-11,23:15,LAX,EWR,29,amber,2026-06-11 01:58:35.73,active,,2026-06-11 00:08:25.951856,,,Boeing 777,t,,,
757,3,DL2388,DL,2026-06-11,19:45,ATL,MKE,14,green,2026-06-11 01:58:38.206,active,,2026-06-11 00:08:26.052612,,,Airbus A321,t,,,
758,3,DL1589,DL,2026-06-11,22:49,ATL,MIA,15,green,2026-06-11 01:58:40.006,active,,2026-06-11 00:08:28.051082,,,Airbus A321,t,,,
721,3,UA1378,UA,2026-06-11,07:30,ATL,DEN,8,green,2026-06-11 01:58:42.406,active,,2026-06-11 00:05:27.752593,,N27323,Boeing 737 MAX 8,t,,,
728,3,AA2229,AA,2026-06-11,14:25,DFW,OMA,11,green,2026-06-11 01:58:44.806,active,,2026-06-11 00:06:14.951524,,,Airbus A319,t,,,
775,3,AA4953,AA,2026-06-11,07:00,ORD,CMH,0,green,,active,,2026-06-11 02:08:03.532137,,,,t,,,
776,3,UA342,UA,2026-06-11,08:45,ORD,GCM,0,green,,active,,2026-06-11 02:08:03.600856,,,,t,,,
792,3,EI110,EI,2026-06-11,18:25,JFK,SNN,0,green,,active,,2026-06-11 02:09:36.783769,,,,t,,,
793,3,DL321,DL,2026-06-11,20:35,BOS,LAX,0,green,,active,,2026-06-11 02:09:46.383435,,,,t,,,
684,3,AA364,AA,2026-06-10,19:42,DFW,MCO,15,green,2026-06-10 23:21:46.271,active,,2026-06-10 21:54:06.652389,,N139AN,Airbus A321,t,EnRoute,0,2026-06-11 02:09:49.071
794,3,UA516,UA,2026-06-11,15:30,ATL,ORD,0,green,,active,,2026-06-11 02:09:51.181261,,,,t,,,
795,3,AA292,AA,2026-06-11,21:00,JFK,DEL,0,green,,active,,2026-06-11 02:09:56.783684,,,,t,,,
796,3,DL114,DL,2026-06-11,22:25,JFK,OPO,0,green,,active,,2026-06-11 02:09:58.482656,,,,t,,,
693,3,DL5657,DL,2026-06-10,15:34,BOS,JAX,25,amber,2026-06-10 23:22:54.071,active,,2026-06-10 22:17:45.873194,,N207JQ,Embraer 175,t,Arrived,0,2026-06-11 02:10:06.974
702,3,DL1295,DL,2026-06-10,16:44,ATL,FLL,10,green,2026-06-10 23:23:17.871,active,,2026-06-10 22:18:43.272996,,N109DN,Airbus A321,t,Arrived,0,2026-06-11 02:10:14.273
709,3,DL1713,DL,2026-06-10,19:42,ATL,ELP,14,green,2026-06-10 23:23:40.171,active,,2026-06-10 22:18:54.274197,,N842DN,Boeing 737,t,EnRoute,0,2026-06-11 02:10:23.172
586,3,UA5980,UA,2026-06-10,10:02,LAX,SUN,8,green,2026-06-10 23:12:37.971,active,,2026-06-10 18:46:35.046174,,N631SY,Embraer 175,t,EnRoute,0,2026-06-11 02:10:30.374
617,3,OO6206,OO,2026-06-10,07:10,DFW,OKC,12,green,2026-06-10 23:16:34.47,active,,2026-06-10 19:51:09.298437,,N614SK,Canadair CRJ-701ER,t,Arrived,0,2026-06-11 02:10:37.771
645,3,AA143,AA,2026-06-10,15:37,LAX,HNL,10,green,2026-06-10 23:18:41.471,active,,2026-06-10 20:35:43.962623,,N433AN,Airbus A321 NEO,t,EnRoute,0,2026-06-11 02:10:59.88
679,3,AA3642,AA,2026-06-10,18:12,DFW,LRD,15,green,2026-06-10 23:21:12.67,active,,2026-06-10 21:53:13.453371,,,Embraer 175,t,status_unresolvable,,2026-06-11 02:11:07.745
