id,proposal_id,type,description,price_estimate,duffel_offer_id,duffel_offer_data
1,1,flight,"Economy Flight: New York to Miami, Miami to New York",171.65,off_0000B3fV7nIcZ6J79qVcCd,"{""id"": ""off_0000B3fV7nIcZ6J79qVcCd"", ""owner"": {""id"": ""arl_00009VME7DAGiJjwomhv32"", ""name"": ""American Airlines"", ""iata_code"": ""AA"", ""logo_lockup_url"": ""https://assets.duffel.com/img/airlines/for-light-background/full-color-lockup/AA.svg"", ""logo_symbol_url"": ""https://assets.duffel.com/img/airlines/for-light-background/full-color-logo/AA.svg"", ""conditions_of_carriage_url"": ""https://www.aa.com/i18n/customer-service/support/conditions-of-carriage.jsp""}, ""slices"": [{""id"": ""sli_0000B3fV7nIcZ6J79qVcCY"", ""origin"": {""city"": ""New York"", ""iata"": ""JFK"", ""name"": ""John F. Kennedy International Airport""}, ""duration"": ""PT3H14M"", ""segments"": [{""id"": ""seg_0000B3fV7nIcZ6J79qVcCX"", ""origin"": {""iata"": ""JFK"", ""name"": ""John F. Kennedy International Airport""}, ""carrier"": {""iata"": ""AA"", ""name"": ""American Airlines"", ""logoUrl"": ""https://assets.duffel.com/img/airlines/for-light-background/full-color-logo/AA.svg""}, ""aircraft"": ""Boeing 737-800"", ""baggages"": [{""type"": ""checked"", ""quantity"": 0}, {""type"": ""carry_on"", ""quantity"": 1}], ""arrivingAt"": ""2026-03-11T09:15:00"", ""cabinClass"": ""ECONOMY"", ""departingAt"": ""2026-03-11T06:01:00"", ""destination"": {""iata"": ""MIA"", ""name"": ""Miami International Airport""}, ""flightNumber"": ""1032""}], ""destination"": {""city"": ""Miami"", ""iata"": ""MIA"", ""name"": ""Miami International Airport""}}, {""id"": ""sli_0000B3fV7nIcZ6J79qVcCb"", ""origin"": {""city"": ""Miami"", ""iata"": ""MIA"", ""name"": ""Miami International Airport""}, ""duration"": ""PT3H6M"", ""segments"": [{""id"": ""seg_0000B3fV7nIcZ6J79qVcCa"", ""origin"": {""iata"": ""MIA"", ""name"": ""Miami International Airport""}, ""carrier"": {""iata"": ""AA"", ""name"": ""American Airlines"", ""logoUrl"": ""https://assets.duffel.com/img/airlines/for-light-background/full-color-logo/AA.svg""}, ""aircraft"": ""Boeing 737-800"", ""baggages"": [{""type"": ""checked"", ""quantity"": 0}, {""type"": ""carry_on"", ""quantity"": 1}], ""arrivingAt"": ""2026-03-21T00:59:00"", ""cabinClass"": ""ECONOMY"", ""departingAt"": ""2026-03-20T21:53:00"", ""destination"": {""iata"": ""JFK"", ""name"": ""John F. Kennedy International Airport""}, ""flightNumber"": ""2077""}], ""destination"": {""city"": ""New York"", ""iata"": ""JFK"", ""name"": ""John F. Kennedy International Airport""}}], ""expiresAt"": ""2026-02-25T04:51:09.000000Z"", ""passengers"": [{""id"": ""pas_0000B3fV76djAkdmqr3MdH"", ""age"": null, ""type"": ""adult"", ""fare_type"": null, ""given_name"": null, ""family_name"": null, ""loyalty_programme_accounts"": []}], ""totalAmount"": ""171.65"", ""totalCurrency"": ""USD""}"
2,1,flight,"Alternative ECONOMY Flight: New York to Miami, Miami to New York (American Airlines)",171.65,off_0000B3fV7nIcZ6J79qVcCU,"{""id"": ""off_0000B3fV7nIcZ6J79qVcCU"", ""owner"": {""id"": ""arl_00009VME7DAGiJjwomhv32"", ""name"": ""American Airlines"", ""iata_code"": ""AA"", ""logo_lockup_url"": ""https://assets.duffel.com/img/airlines/for-light-background/full-color-lockup/AA.svg"", ""logo_symbol_url"": ""https://assets.duffel.com/img/airlines/for-light-background/full-color-logo/AA.svg"", ""conditions_of_carriage_url"": ""https://www.aa.com/i18n/customer-service/support/conditions-of-carriage.jsp""}, ""slices"": [{""id"": ""sli_0000B3fV7nIcZ6J79qVcCP"", ""origin"": {""city"": ""New York"", ""iata"": ""JFK"", ""name"": ""John F. Kennedy International Airport""}, ""duration"": ""PT3H14M"", ""segments"": [{""id"": ""seg_0000B3fV7nIcZ6J79qVcCO"", ""origin"": {""iata"": ""JFK"", ""name"": ""John F. Kennedy International Airport""}, ""carrier"": {""iata"": ""AA"", ""name"": ""American Airlines"", ""logoUrl"": ""https://assets.duffel.com/img/airlines/for-light-background/full-color-logo/AA.svg""}, ""aircraft"": ""Boeing 777-200/200ER"", ""baggages"": [{""type"": ""checked"", ""quantity"": 0}, {""type"": ""carry_on"", ""quantity"": 1}], ""arrivingAt"": ""2026-03-11T10:54:00"", ""cabinClass"": ""ECONOMY"", ""departingAt"": ""2026-03-11T07:40:00"", ""destination"": {""iata"": ""MIA"", ""name"": ""Miami International Airport""}, ""flightNumber"": ""2017""}], ""destination"": {""city"": ""Miami"", ""iata"": ""MIA"", ""name"": ""Miami International Airport""}}, {""id"": ""sli_0000B3fV7nIcZ6J79qVcCS"", ""origin"": {""city"": ""Miami"", ""iata"": ""MIA"", ""name"": ""Miami International Airport""}, ""duration"": ""PT3H6M"", ""segments"": [{""id"": ""seg_0000B3fV7nIcZ6J79qVcCR"", ""origin"": {""iata"": ""MIA"", ""name"": ""Miami International Airport""}, ""carrier"": {""iata"": ""AA"", ""name"": ""American Airlines"", ""logoUrl"": ""https://assets.duffel.com/img/airlines/for-light-background/full-color-logo/AA.svg""}, ""aircraft"": ""Boeing 737-800"", ""baggages"": [{""type"": ""checked"", ""quantity"": 0}, {""type"": ""carry_on"", ""quantity"": 1}], ""arrivingAt"": ""2026-03-21T00:59:00"", ""cabinClass"": ""ECONOMY"", ""departingAt"": ""2026-03-20T21:53:00"", ""destination"": {""iata"": ""JFK"", ""name"": ""John F. Kennedy International Airport""}, ""flightNumber"": ""2077""}], ""destination"": {""city"": ""New York"", ""iata"": ""JFK"", ""name"": ""John F. Kennedy International Airport""}}], ""expiresAt"": ""2026-02-25T04:51:09.000000Z"", ""passengers"": [{""id"": ""pas_0000B3fV76djAkdmqr3MdH"", ""age"": null, ""type"": ""adult"", ""fare_type"": null, ""given_name"": null, ""family_name"": null, ""loyalty_programme_accounts"": []}], ""totalAmount"": ""171.65"", ""totalCurrency"": ""USD""}"
3,1,flight,"Alternative ECONOMY Flight: New York to Miami, Miami to New York (American Airlines)",171.65,off_0000B3fV7nIGaQ1X8kLKf0,"{""id"": ""off_0000B3fV7nIGaQ1X8kLKf0"", ""owner"": {""id"": ""arl_00009VME7DAGiJjwomhv32"", ""name"": ""American Airlines"", ""iata_code"": ""AA"", ""logo_lockup_url"": ""https://assets.duffel.com/img/airlines/for-light-background/full-color-lockup/AA.svg"", ""logo_symbol_url"": ""https://assets.duffel.com/img/airlines/for-light-background/full-color-logo/AA.svg"", ""conditions_of_carriage_url"": ""https://www.aa.com/i18n/customer-service/support/conditions-of-carriage.jsp""}, ""slices"": [{""id"": ""sli_0000B3fV7nIGaQ1X8kLKev"", ""origin"": {""city"": ""New York"", ""iata"": ""JFK"", ""name"": ""John F. Kennedy International Airport""}, ""duration"": ""PT3H16M"", ""segments"": [{""id"": ""seg_0000B3fV7nIGaQ1X8kLKeu"", ""origin"": {""iata"": ""JFK"", ""name"": ""John F. Kennedy International Airport""}, ""carrier"": {""iata"": ""AA"", ""name"": ""American Airlines"", ""logoUrl"": ""https://assets.duffel.com/img/airlines/for-light-background/full-color-logo/AA.svg""}, ""aircraft"": ""Boeing 737 MAX 8 / BBJ MAX 8/MAX200"", ""baggages"": [{""type"": ""checked"", ""quantity"": 0}, {""type"": ""carry_on"", ""quantity"": 1}], ""arrivingAt"": ""2026-03-11T18:15:00"", ""cabinClass"": ""ECONOMY"", ""departingAt"": ""2026-03-11T14:59:00"", ""destination"": {""iata"": ""MIA"", ""name"": ""Miami International Airport""}, ""flightNumber"": ""1017""}], ""destination"": {""city"": ""Miami"", ""iata"": ""MIA"", ""name"": ""Miami International Airport""}}, {""id"": ""sli_0000B3fV7nIGaQ1X8kLKey"", ""origin"": {""city"": ""Miami"", ""iata"": ""MIA"", ""name"": ""Miami International Airport""}, ""duration"": ""PT3H6M"", ""segments"": [{""id"": ""seg_0000B3fV7nIGaQ1X8kLKex"", ""origin"": {""iata"": ""MIA"", ""name"": ""Miami International Airport""}, ""carrier"": {""iata"": ""AA"", ""name"": ""American Airlines"", ""logoUrl"": ""https://assets.duffel.com/img/airlines/for-light-background/full-color-logo/AA.svg""}, ""aircraft"": ""Boeing 737-800"", ""baggages"": [{""type"": ""checked"", ""quantity"": 0}, {""type"": ""carry_on"", ""quantity"": 1}], ""arrivingAt"": ""2026-03-21T00:59:00"", ""cabinClass"": ""ECONOMY"", ""departingAt"": ""2026-03-20T21:53:00"", ""destination"": {""iata"": ""JFK"", ""name"": ""John F. Kennedy International Airport""}, ""flightNumber"": ""2077""}], ""destination"": {""city"": ""New York"", ""iata"": ""JFK"", ""name"": ""John F. Kennedy International Airport""}}], ""expiresAt"": ""2026-02-25T04:51:09.000000Z"", ""passengers"": [{""id"": ""pas_0000B3fV76djAkdmqr3MdH"", ""age"": null, ""type"": ""adult"", ""fare_type"": null, ""given_name"": null, ""family_name"": null, ""loyalty_programme_accounts"": []}], ""totalAmount"": ""171.65"", ""totalCurrency"": ""USD""}"
4,1,flight,"Alternative Economy Flight: New York to Miami, Miami to New York (Frontier Airlines)",146.96,off_0000B3fV7BBuFcMCy14iT4,"{""id"": ""off_0000B3fV7BBuFcMCy14iT4"", ""owner"": {""id"": ""arl_00009VME7DC2bj9quHXKpE"", ""name"": ""Frontier Airlines"", ""iata_code"": ""F9"", ""logo_lockup_url"": ""https://assets.duffel.com/img/airlines/for-light-background/full-color-lockup/F9.svg"", ""logo_symbol_url"": ""https://assets.duffel.com/img/airlines/for-light-background/full-color-logo/F9.svg"", ""conditions_of_carriage_url"": ""https://www.flyfrontier.com/legal/contract-of-carriage""}, ""slices"": [{""id"": ""sli_0000B3fV7BBuFcMCy14iSz"", ""origin"": {""city"": ""New York"", ""iata"": ""JFK"", ""name"": ""John F. Kennedy International Airport""}, ""duration"": ""PT3H19M"", ""segments"": [{""id"": ""seg_0000B3fV7BBuFcMCy14iSy"", ""origin"": {""iata"": ""JFK"", ""name"": ""John F. Kennedy International Airport""}, ""carrier"": {""iata"": ""F9"", ""name"": ""Frontier Airlines"", ""logoUrl"": ""https://assets.duffel.com/img/airlines/for-light-background/full-color-logo/F9.svg""}, ""aircraft"": ""Airbus A320neo"", ""baggages"": [{""type"": ""checked"", ""quantity"": 0}], ""arrivingAt"": ""2026-03-11T14:21:00"", ""cabinClass"": ""Economy"", ""departingAt"": ""2026-03-11T11:02:00"", ""destination"": {""iata"": ""MIA"", ""name"": ""Miami International Airport""}, ""flightNumber"": ""1809""}], ""destination"": {""city"": ""Miami"", ""iata"": ""MIA"", ""name"": ""Miami International Airport""}}, {""id"": ""sli_0000B3fV7BBuFcMCy14iT2"", ""origin"": {""city"": ""Miami"", ""iata"": ""MIA"", ""name"": ""Miami International Airport""}, ""duration"": ""PT3H7M"", ""segments"": [{""id"": ""seg_0000B3fV7BBuFcMCy14iT1"", ""origin"": {""iata"": ""MIA"", ""name"": ""Miami International Airport""}, ""carrier"": {""iata"": ""F9"", ""name"": ""Frontier Airlines"", ""logoUrl"": ""https://assets.duffel.com/img/airlines/for-light-background/full-color-logo/F9.svg""}, ""aircraft"": ""Airbus A321"", ""baggages"": [{""type"": ""checked"", ""quantity"": 0}], ""arrivingAt"": ""2026-03-20T10:07:00"", ""cabinClass"": ""Economy"", ""departingAt"": ""2026-03-20T07:00:00"", ""destination"": {""iata"": ""JFK"", ""name"": ""John F. Kennedy International Airport""}, ""flightNumber"": ""4218""}], ""destination"": {""city"": ""New York"", ""iata"": ""JFK"", ""name"": ""John F. Kennedy International Airport""}}], ""expiresAt"": ""2026-02-25T05:21:10.327639Z"", ""passengers"": [{""id"": ""pas_0000B3fV76djAkdmqr3MdH"", ""age"": null, ""type"": ""adult"", ""fare_type"": null, ""given_name"": null, ""family_name"": null, ""loyalty_programme_accounts"": []}], ""totalAmount"": ""146.96"", ""totalCurrency"": ""USD""}"
5,1,flight,"Alternative Economy Flight: New York to Miami, Miami to New York (Frontier Airlines)",142.97,off_0000B3fV7BBuFcMCy14iSR,"{""id"": ""off_0000B3fV7BBuFcMCy14iSR"", ""owner"": {""id"": ""arl_00009VME7DC2bj9quHXKpE"", ""name"": ""Frontier Airlines"", ""iata_code"": ""F9"", ""logo_lockup_url"": ""https://assets.duffel.com/img/airlines/for-light-background/full-color-lockup/F9.svg"", ""logo_symbol_url"": ""https://assets.duffel.com/img/airlines/for-light-background/full-color-logo/F9.svg"", ""conditions_of_carriage_url"": ""https://www.flyfrontier.com/legal/contract-of-carriage""}, ""slices"": [{""id"": ""sli_0000B3fV7BBYGw4cwuuQuj"", ""origin"": {""city"": ""New York"", ""iata"": ""JFK"", ""name"": ""John F. Kennedy International Airport""}, ""duration"": ""PT7H6M"", ""segments"": [{""id"": ""seg_0000B3fV7BBYGw4cwuuQug"", ""origin"": {""iata"": ""JFK"", ""name"": ""John F. Kennedy International Airport""}, ""carrier"": {""iata"": ""F9"", ""name"": ""Frontier Airlines"", ""logoUrl"": ""https://assets.duffel.com/img/airlines/for-light-background/full-color-logo/F9.svg""}, ""aircraft"": ""Airbus A321neo"", ""baggages"": [{""type"": ""checked"", ""quantity"": 0}], ""arrivingAt"": ""2026-03-11T09:12:00"", ""cabinClass"": ""Economy"", ""departingAt"": ""2026-03-11T06:00:00"", ""destination"": {""iata"": ""ATL"", ""name"": ""Hartsfield-Jackson Atlanta International Airport""}, ""flightNumber"": ""4817""}, {""id"": ""seg_0000B3fV7BBYGw4cwuuQui"", ""origin"": {""iata"": ""ATL"", ""name"": ""Hartsfield-Jackson Atlanta International Airport""}, ""carrier"": {""iata"": ""F9"", ""name"": ""Frontier Airlines"", ""logoUrl"": ""https://assets.duffel.com/img/airlines/for-light-background/full-color-logo/F9.svg""}, ""aircraft"": ""Airbus A321neo"", ""baggages"": [{""type"": ""checked"", ""quantity"": 0}], ""arrivingAt"": ""2026-03-11T13:06:00"", ""cabinClass"": ""Economy"", ""departingAt"": ""2026-03-11T10:59:00"", ""destination"": {""iata"": ""MIA"", ""name"": ""Miami International Airport""}, ""flightNumber"": ""2272""}], ""destination"": {""city"": ""Miami"", ""iata"": ""MIA"", ""name"": ""Miami International Airport""}}, {""id"": ""sli_0000B3fV7BBYGw4cwuuQum"", ""origin"": {""city"": ""Miami"", ""iata"": ""MIA"", ""name"": ""Miami International Airport""}, ""duration"": ""PT3H7M"", ""segments"": [{""id"": ""seg_0000B3fV7BBYGw4cwuuQul"", ""origin"": {""iata"": ""MIA"", ""name"": ""Miami International Airport""}, ""carrier"": {""iata"": ""F9"", ""name"": ""Frontier Airlines"", ""logoUrl"": ""https://assets.duffel.com/img/airlines/for-light-background/full-color-logo/F9.svg""}, ""aircraft"": ""Airbus A321"", ""baggages"": [{""type"": ""checked"", ""quantity"": 0}], ""arrivingAt"": ""2026-03-20T10:07:00"", ""cabinClass"": ""Economy"", ""departingAt"": ""2026-03-20T07:00:00"", ""destination"": {""iata"": ""JFK"", ""name"": ""John F. Kennedy International Airport""}, ""flightNumber"": ""4218""}], ""destination"": {""city"": ""New York"", ""iata"": ""JFK"", ""name"": ""John F. Kennedy International Airport""}}], ""expiresAt"": ""2026-02-25T05:21:10.326857Z"", ""passengers"": [{""id"": ""pas_0000B3fV76djAkdmqr3MdH"", ""age"": null, ""type"": ""adult"", ""fare_type"": null, ""given_name"": null, ""family_name"": null, ""loyalty_programme_accounts"": []}], ""totalAmount"": ""142.97"", ""totalCurrency"": ""USD""}"
6,2,other,Travel planning - details pending from concierge call,0.00,,
7,3,other,Travel planning - details pending from concierge call,0.00,,
8,4,other,Travel planning - details pending from concierge call,0.00,,
9,5,other,Travel planning - details pending from concierge call,0.00,,
11,7,flight,"Economy Flight: New York to Los Angeles, Ontario to New York",495.40,off_0000B3hOjBmK37GZxmZZ52,"{""id"": ""off_0000B3hOjBmK37GZxmZZ52"", ""owner"": {""id"": ""arl_00009VME7DCOaPRQvNhcMc"", ""name"": ""Hawaiian Airlines"", ""iata_code"": ""HA"", ""logo_lockup_url"": ""https://assets.duffel.com/img/airlines/for-light-background/full-color-lockup/HA.svg"", ""logo_symbol_url"": ""https://assets.duffel.com/img/airlines/for-light-background/full-color-logo/HA.svg"", ""conditions_of_carriage_url"": ""https://www.hawaiianairlines.com/legal/international-contract-of-carriage""}, ""slices"": [{""id"": ""sli_0000B3hOjBmK37GZxmZZ4w"", ""origin"": {""city"": ""New York"", ""iata"": ""JFK"", ""name"": ""John F. Kennedy International Airport""}, ""duration"": ""PT9H59M"", ""segments"": [{""id"": ""seg_0000B3hOjBmK37GZxmZZ4u"", ""origin"": {""iata"": ""JFK"", ""name"": ""John F. Kennedy International Airport""}, ""carrier"": {""iata"": ""HA"", ""name"": ""Hawaiian Airlines"", ""logoUrl"": ""https://assets.duffel.com/img/airlines/for-light-background/full-color-logo/HA.svg""}, ""aircraft"": ""Boeing 737-900 (winglets)/BBJ3"", ""baggages"": [{""type"": ""checked"", ""quantity"": 0}, {""type"": ""carry_on"", ""quantity"": 1}], ""arrivingAt"": ""2026-02-27T20:33:00"", ""cabinClass"": ""MAIN"", ""departingAt"": ""2026-02-27T17:00:00"", ""destination"": {""iata"": ""PDX"", ""name"": ""Portland International Airport""}, ""flightNumber"": ""4987""}, {""id"": ""seg_0000B3hOjBmK37GZxmZZ4v"", ""origin"": {""iata"": ""PDX"", ""name"": ""Portland International Airport""}, ""carrier"": {""iata"": ""HA"", ""name"": ""Hawaiian Airlines"", ""logoUrl"": ""https://assets.duffel.com/img/airlines/for-light-background/full-color-logo/HA.svg""}, ""aircraft"": ""Boeing 737-900 (winglets)/BBJ3"", ""baggages"": [{""type"": ""checked"", ""quantity"": 0}, {""type"": ""carry_on"", ""quantity"": 1}], ""arrivingAt"": ""2026-02-27T23:59:00"", ""cabinClass"": ""CABIN"", ""departingAt"": ""2026-02-27T21:30:00"", ""destination"": {""iata"": ""LAX"", ""name"": ""Los Angeles International Airport""}, ""flightNumber"": ""6448""}], ""destination"": {""city"": ""Los Angeles"", ""iata"": ""LAX"", ""name"": ""Los Angeles International Airport""}}, {""id"": ""sli_0000B3hOjBmK37GZxmZZ50"", ""origin"": {""city"": ""Ontario"", ""iata"": ""ONT"", ""name"": ""Ontario International Airport""}, ""duration"": ""PT9H47M"", ""segments"": [{""id"": ""seg_0000B3hOjBmK37GZxmZZ4y"", ""origin"": {""iata"": ""ONT"", ""name"": ""Ontario International Airport""}, ""carrier"": {""iata"": ""HA"", ""name"": ""Hawaiian Airlines"", ""logoUrl"": ""https://assets.duffel.com/img/airlines/for-light-background/full-color-logo/HA.svg""}, ""aircraft"": ""Boeing 737 MAX 9 / BBJ MAX 9"", ""baggages"": [{""type"": ""checked"", ""quantity"": 0}, {""type"": ""carry_on"", ""quantity"": 1}], ""arrivingAt"": ""2026-03-07T09:09:00"", ""cabinClass"": ""MAIN"", ""departingAt"": ""2026-03-07T06:14:00"", ""destination"": {""iata"": ""SEA"", ""name"": ""Seattle-Tacoma International Airport""}, ""flightNumber"": ""6361""}, {""id"": ""seg_0000B3hOjBmK37GZxmZZ4z"", ""origin"": {""iata"": ""SEA"", ""name"": ""Seattle-Tacoma International Airport""}, ""carrier"": {""iata"": ""HA"", ""name"": ""Hawaiian Airlines"", ""logoUrl"": ""https://assets.duffel.com/img/airlines/for-light-background/full-color-logo/HA.svg""}, ""aircraft"": ""Boeing 737 MAX 9 / BBJ MAX 9"", ""baggages"": [{""type"": ""checked"", ""quantity"": 0}, {""type"": ""carry_on"", ""quantity"": 1}], ""arrivingAt"": ""2026-03-07T19:01:00"", ""cabinClass"": ""CABIN"", ""departingAt"": ""2026-03-07T10:44:00"", ""destination"": {""iata"": ""JFK"", ""name"": ""John F. Kennedy International Airport""}, ""flightNumber"": ""6745""}], ""destination"": {""city"": ""New York"", ""iata"": ""JFK"", ""name"": ""John F. Kennedy International Airport""}}], ""expiresAt"": ""2026-02-26T02:38:57.000000Z"", ""passengers"": [{""id"": ""pas_0000B3hOinAvWV5peqtMSQ"", ""age"": null, ""type"": ""adult"", ""fare_type"": null, ""given_name"": null, ""family_name"": null, ""loyalty_programme_accounts"": []}], ""totalAmount"": ""495.40"", ""totalCurrency"": ""USD""}"
12,7,flight,"Alternative Economy Flight: New York to Los Angeles, Ontario to New York (Alaska Airlines)",495.40,off_0000B3hOj3c6PEL0dljI3D,"{""id"": ""off_0000B3hOj3c6PEL0dljI3D"", ""owner"": {""id"": ""arl_00009VME7DAch01WpssCcN"", ""name"": ""Alaska Airlines"", ""iata_code"": ""AS"", ""logo_lockup_url"": ""https://assets.duffel.com/img/airlines/for-light-background/full-color-lockup/AS.svg"", ""logo_symbol_url"": ""https://assets.duffel.com/img/airlines/for-light-background/full-color-logo/AS.svg"", ""conditions_of_carriage_url"": ""https://www.alaskaair.com/content/legal/contract-of-carriage/rule-1""}, ""slices"": [{""id"": ""sli_0000B3hOj3c6PEL0dljI35"", ""origin"": {""city"": ""New York"", ""iata"": ""JFK"", ""name"": ""John F. Kennedy International Airport""}, ""duration"": ""PT12H6M"", ""segments"": [{""id"": ""seg_0000B3hOj3c6PEL0dljI33"", ""origin"": {""iata"": ""JFK"", ""name"": ""John F. Kennedy International Airport""}, ""carrier"": {""iata"": ""AS"", ""name"": ""Alaska Airlines"", ""logoUrl"": ""https://assets.duffel.com/img/airlines/for-light-background/full-color-logo/AS.svg""}, ""aircraft"": ""Boeing 737-900 (winglets)/BBJ3"", ""baggages"": [{""type"": ""carry_on"", ""quantity"": 1}], ""arrivingAt"": ""2026-02-27T14:58:00"", ""cabinClass"": ""Economy"", ""departingAt"": ""2026-02-27T11:30:00"", ""destination"": {""iata"": ""SEA"", ""name"": ""Seattle-Tacoma International Airport""}, ""flightNumber"": ""0023""}, {""id"": ""seg_0000B3hOj3c6PEL0dljI34"", ""origin"": {""iata"": ""SEA"", ""name"": ""Seattle-Tacoma International Airport""}, ""carrier"": {""iata"": ""AS"", ""name"": ""Alaska Airlines"", ""logoUrl"": ""https://assets.duffel.com/img/airlines/for-light-background/full-color-logo/AS.svg""}, ""aircraft"": ""Boeing 737 MAX 8 / BBJ MAX 8/MAX200"", ""baggages"": [{""type"": ""carry_on"", ""quantity"": 1}], ""arrivingAt"": ""2026-02-27T20:36:00"", ""cabinClass"": ""Economy"", ""departingAt"": ""2026-02-27T17:50:00"", ""destination"": {""iata"": ""LAX"", ""name"": ""Los Angeles International Airport""}, ""flightNumber"": ""1411""}], ""destination"": {""city"": ""Los Angeles"", ""iata"": ""LAX"", ""name"": ""Los Angeles International Airport""}}, {""id"": ""sli_0000B3hOj3c6PEL0dljI3B"", ""origin"": {""city"": ""Ontario"", ""iata"": ""ONT"", ""name"": ""Ontario International Airport""}, ""duration"": ""PT11H3M"", ""segments"": [{""id"": ""seg_0000B3hOj3c6PEL0dljI38"", ""origin"": {""iata"": ""ONT"", ""name"": ""Ontario International Airport""}, ""carrier"": {""iata"": ""AS"", ""name"": ""Alaska Airlines"", ""logoUrl"": ""https://assets.duffel.com/img/airlines/for-light-background/full-color-logo/AS.svg""}, ""aircraft"": ""Boeing 737-900 (winglets)/BBJ3"", ""baggages"": [{""type"": ""carry_on"", ""quantity"": 1}], ""arrivingAt"": ""2026-03-07T18:52:00"", ""cabinClass"": ""Economy"", ""departingAt"": ""2026-03-07T16:02:00"", ""destination"": {""iata"": ""SEA"", ""name"": ""Seattle-Tacoma International Airport""}, ""flightNumber"": ""0665""}, {""id"": ""seg_0000B3hOj3c6PEL0dljI3A"", ""origin"": {""iata"": ""SEA"", ""name"": ""Seattle-Tacoma International Airport""}, ""carrier"": {""iata"": ""AS"", ""name"": ""Alaska Airlines"", ""logoUrl"": ""https://assets.duffel.com/img/airlines/for-light-background/full-color-logo/AS.svg""}, ""aircraft"": ""Boeing 737 MAX 9 / BBJ MAX 9"", ""baggages"": [{""type"": ""carry_on"", ""quantity"": 1}], ""arrivingAt"": ""2026-03-08T07:05:00"", ""cabinClass"": ""Economy"", ""departingAt"": ""2026-03-07T21:45:00"", ""destination"": {""iata"": ""JFK"", ""name"": ""John F. Kennedy International Airport""}, ""flightNumber"": ""0022""}], ""destination"": {""city"": ""New York"", ""iata"": ""JFK"", ""name"": ""John F. Kennedy International Airport""}}], ""expiresAt"": ""2026-02-26T03:18:59.917962Z"", ""passengers"": [{""id"": ""pas_0000B3hOinAvWV5peqtMSQ"", ""age"": null, ""type"": ""adult"", ""fare_type"": null, ""given_name"": null, ""family_name"": null, ""loyalty_programme_accounts"": []}], ""totalAmount"": ""495.40"", ""totalCurrency"": ""USD""}"
13,8,flight,"Economy Flight: New York to Miami, Miami to New York",313.91,off_0000B3hR7tgmdrCN0YtKVB,"{""id"": ""off_0000B3hR7tgmdrCN0YtKVB"", ""owner"": {""id"": ""arl_00009VME7DAGiJjwomhv32"", ""name"": ""American Airlines"", ""iata_code"": ""AA"", ""logo_lockup_url"": ""https://assets.duffel.com/img/airlines/for-light-background/full-color-lockup/AA.svg"", ""logo_symbol_url"": ""https://assets.duffel.com/img/airlines/for-light-background/full-color-logo/AA.svg"", ""conditions_of_carriage_url"": ""https://www.aa.com/i18n/customer-service/support/conditions-of-carriage.jsp""}, ""slices"": [{""id"": ""sli_0000B3hR7tgmdrCN0YtKV6"", ""origin"": {""city"": ""New York"", ""iata"": ""JFK"", ""name"": ""John F. Kennedy International Airport""}, ""duration"": ""PT3H10M"", ""segments"": [{""id"": ""seg_0000B3hR7tgQfAumzSj2xn"", ""origin"": {""iata"": ""JFK"", ""name"": ""John F. Kennedy International Airport""}, ""carrier"": {""iata"": ""AA"", ""name"": ""American Airlines"", ""logoUrl"": ""https://assets.duffel.com/img/airlines/for-light-background/full-color-logo/AA.svg""}, ""aircraft"": ""Boeing 787-8"", ""baggages"": [{""type"": ""checked"", ""quantity"": 0}, {""type"": ""carry_on"", ""quantity"": 1}], ""arrivingAt"": ""2026-02-27T11:50:00"", ""cabinClass"": ""ECONOMY"", ""departingAt"": ""2026-02-27T08:40:00"", ""destination"": {""iata"": ""MIA"", ""name"": ""Miami International Airport""}, ""flightNumber"": ""2017""}], ""destination"": {""city"": ""Miami"", ""iata"": ""MIA"", ""name"": ""Miami International Airport""}}, {""id"": ""sli_0000B3hR7tgmdrCN0YtKV9"", ""origin"": {""city"": ""Miami"", ""iata"": ""MIA"", ""name"": ""Miami International Airport""}, ""duration"": ""PT3H7M"", ""segments"": [{""id"": ""seg_0000B3hR7tgmdrCN0YtKV8"", ""origin"": {""iata"": ""MIA"", ""name"": ""Miami International Airport""}, ""carrier"": {""iata"": ""AA"", ""name"": ""American Airlines"", ""logoUrl"": ""https://assets.duffel.com/img/airlines/for-light-background/full-color-logo/AA.svg""}, ""aircraft"": ""Boeing 737-800"", ""baggages"": [{""type"": ""checked"", ""quantity"": 0}, {""type"": ""carry_on"", ""quantity"": 1}], ""arrivingAt"": ""2026-03-10T19:29:00"", ""cabinClass"": ""ECONOMY"", ""departingAt"": ""2026-03-10T16:22:00"", ""destination"": {""iata"": ""JFK"", ""name"": ""John F. Kennedy International Airport""}, ""flightNumber"": ""2899""}], ""destination"": {""city"": ""New York"", ""iata"": ""JFK"", ""name"": ""John F. Kennedy International Airport""}}], ""expiresAt"": ""2026-02-26T03:15:49.000000Z"", ""passengers"": [{""id"": ""pas_0000B3hR7Q0F0wwAwDlRfL"", ""age"": null, ""type"": ""adult"", ""fare_type"": null, ""given_name"": null, ""family_name"": null, ""loyalty_programme_accounts"": []}], ""totalAmount"": ""313.91"", ""totalCurrency"": ""USD""}"
14,8,flight,"Alternative Economy Flight: New York to Miami, Miami to New York (Frontier Airlines)",263.97,off_0000B3hR7USkQu7Iln8Gec,"{""id"": ""off_0000B3hR7USkQu7Iln8Gec"", ""owner"": {""id"": ""arl_00009VME7DC2bj9quHXKpE"", ""name"": ""Frontier Airlines"", ""iata_code"": ""F9"", ""logo_lockup_url"": ""https://assets.duffel.com/img/airlines/for-light-background/full-color-lockup/F9.svg"", ""logo_symbol_url"": ""https://assets.duffel.com/img/airlines/for-light-background/full-color-logo/F9.svg"", ""conditions_of_carriage_url"": ""https://www.flyfrontier.com/legal/contract-of-carriage""}, ""slices"": [{""id"": ""sli_0000B3hR7USkQu7Iln8GeX"", ""origin"": {""city"": ""New York"", ""iata"": ""JFK"", ""name"": ""John F. Kennedy International Airport""}, ""duration"": ""PT3H19M"", ""segments"": [{""id"": ""seg_0000B3hR7USkQu7Iln8GeW"", ""origin"": {""iata"": ""JFK"", ""name"": ""John F. Kennedy International Airport""}, ""carrier"": {""iata"": ""F9"", ""name"": ""Frontier Airlines"", ""logoUrl"": ""https://assets.duffel.com/img/airlines/for-light-background/full-color-logo/F9.svg""}, ""aircraft"": ""Airbus A321"", ""baggages"": [{""type"": ""checked"", ""quantity"": 0}], ""arrivingAt"": ""2026-02-27T13:21:00"", ""cabinClass"": ""Economy"", ""departingAt"": ""2026-02-27T10:02:00"", ""destination"": {""iata"": ""MIA"", ""name"": ""Miami International Airport""}, ""flightNumber"": ""1809""}], ""destination"": {""city"": ""Miami"", ""iata"": ""MIA"", ""name"": ""Miami International Airport""}}, {""id"": ""sli_0000B3hR7USkQu7Iln8Gea"", ""origin"": {""city"": ""Miami"", ""iata"": ""MIA"", ""name"": ""Miami International Airport""}, ""duration"": ""PT3H7M"", ""segments"": [{""id"": ""seg_0000B3hR7USkQu7Iln8GeZ"", ""origin"": {""iata"": ""MIA"", ""name"": ""Miami International Airport""}, ""carrier"": {""iata"": ""F9"", ""name"": ""Frontier Airlines"", ""logoUrl"": ""https://assets.duffel.com/img/airlines/for-light-background/full-color-logo/F9.svg""}, ""aircraft"": ""Airbus A320neo"", ""baggages"": [{""type"": ""checked"", ""quantity"": 0}], ""arrivingAt"": ""2026-03-10T10:07:00"", ""cabinClass"": ""Economy"", ""departingAt"": ""2026-03-10T07:00:00"", ""destination"": {""iata"": ""JFK"", ""name"": ""John F. Kennedy International Airport""}, ""flightNumber"": ""4218""}], ""destination"": {""city"": ""New York"", ""iata"": ""JFK"", ""name"": ""John F. Kennedy International Airport""}}], ""expiresAt"": ""2026-02-26T03:45:49.853487Z"", ""passengers"": [{""id"": ""pas_0000B3hR7Q0F0wwAwDlRfL"", ""age"": null, ""type"": ""adult"", ""fare_type"": null, ""given_name"": null, ""family_name"": null, ""loyalty_programme_accounts"": []}], ""totalAmount"": ""263.97"", ""totalCurrency"": ""USD""}"
15,9,other,Travel planning - details pending from concierge call,0.00,,
16,10,other,Travel planning - details pending from concierge call,0.00,,
17,11,other,Travel planning - details pending from concierge call,0.00,,
18,12,other,Travel planning - details pending from concierge call,0.00,,
19,13,other,Travel planning - details pending from concierge call,0.00,,
20,14,other,Travel planning - details pending from concierge call,0.00,,
21,15,flight,No flights available: MDW → DCA on 2026-02-28 to 2026-03-09 (Economy),0.00,,"{""searchParams"": {""budget"": 500, ""origin"": ""MDW"", ""cabinClass"": ""economy"", ""originName"": ""Chicago"", ""passengers"": 1, ""returnDate"": ""2026-03-09"", ""destination"": ""DCA"", ""departureDate"": ""2026-02-28"", ""destinationName"": ""Washington""}, ""noFlightsFound"": true}"
22,16,flight,No flights available: XLS → IAD on 2026-03-12 (Economy),0.00,,"{""searchParams"": {""budget"": null, ""origin"": ""XLS"", ""cabinClass"": ""economy"", ""originName"": ""St-Louis"", ""passengers"": 1, ""returnDate"": null, ""destination"": ""IAD"", ""departureDate"": ""2026-03-12"", ""destinationName"": ""Washington""}, ""noFlightsFound"": true}"
24,18,flight,No flights available: STN → LOS on 2026-03-02 to 2026-03-09 (Economy),0.00,,"{""searchParams"": {""budget"": 500, ""origin"": ""STN"", ""cabinClass"": ""economy"", ""originName"": ""London"", ""passengers"": 1, ""returnDate"": ""2026-03-09"", ""destination"": ""LOS"", ""departureDate"": ""2026-03-02"", ""destinationName"": ""Lagos""}, ""noFlightsFound"": true}"
26,20,other,Travel planning - details pending from concierge call,0.00,,
27,21,flight,Economy Flight: St. Louis to Miami,180.62,off_0000B3nxXgsD2GQ1hWwlQC,"{""id"": ""off_0000B3nxXgsD2GQ1hWwlQC"", ""owner"": {""id"": ""arl_00009VME7DAGiJjwomhv32"", ""name"": ""American Airlines"", ""iata_code"": ""AA"", ""logo_lockup_url"": ""https://assets.duffel.com/img/airlines/for-light-background/full-color-lockup/AA.svg"", ""logo_symbol_url"": ""https://assets.duffel.com/img/airlines/for-light-background/full-color-logo/AA.svg"", ""conditions_of_carriage_url"": ""https://www.aa.com/i18n/customer-service/support/conditions-of-carriage.jsp""}, ""slices"": [{""id"": ""sli_0000B3nxXgsD2GQ1hWwlQA"", ""origin"": {""city"": ""St. Louis"", ""iata"": ""STL"", ""name"": ""St. Louis Lambert International Airport""}, ""duration"": ""PT2H54M"", ""segments"": [{""id"": ""seg_0000B3nxXgsD2GQ1hWwlQ9"", ""origin"": {""iata"": ""STL"", ""name"": ""St. Louis Lambert International Airport""}, ""carrier"": {""iata"": ""AA"", ""name"": ""American Airlines"", ""logoUrl"": ""https://assets.duffel.com/img/airlines/for-light-background/full-color-logo/AA.svg""}, ""aircraft"": ""Airbus A321"", ""baggages"": [{""type"": ""checked"", ""quantity"": 0}, {""type"": ""carry_on"", ""quantity"": 1}], ""arrivingAt"": ""2026-04-02T09:09:00"", ""cabinClass"": ""ECONOMY"", ""departingAt"": ""2026-04-02T05:15:00"", ""destination"": {""iata"": ""MIA"", ""name"": ""Miami International Airport""}, ""flightNumber"": ""2981""}], ""destination"": {""city"": ""Miami"", ""iata"": ""MIA"", ""name"": ""Miami International Airport""}}], ""expiresAt"": ""2026-03-01T06:47:22.000000Z"", ""passengers"": [{""id"": ""pas_0000B3nxXY6lcliSW4glM2"", ""age"": null, ""type"": ""adult"", ""fare_type"": null, ""given_name"": null, ""family_name"": null, ""loyalty_programme_accounts"": []}], ""totalAmount"": ""180.62"", ""totalCurrency"": ""USD""}"
28,21,flight,Alternative ECONOMY Flight: St. Louis to Miami (American Airlines),180.62,off_0000B3nxXgrr3a8RgQmTs0,"{""id"": ""off_0000B3nxXgrr3a8RgQmTs0"", ""owner"": {""id"": ""arl_00009VME7DAGiJjwomhv32"", ""name"": ""American Airlines"", ""iata_code"": ""AA"", ""logo_lockup_url"": ""https://assets.duffel.com/img/airlines/for-light-background/full-color-lockup/AA.svg"", ""logo_symbol_url"": ""https://assets.duffel.com/img/airlines/for-light-background/full-color-logo/AA.svg"", ""conditions_of_carriage_url"": ""https://www.aa.com/i18n/customer-service/support/conditions-of-carriage.jsp""}, ""slices"": [{""id"": ""sli_0000B3nxXgrr3a8RgQmTry"", ""origin"": {""city"": ""St. Louis"", ""iata"": ""STL"", ""name"": ""St. Louis Lambert International Airport""}, ""duration"": ""PT2H54M"", ""segments"": [{""id"": ""seg_0000B3nxXgrr3a8RgQmTrx"", ""origin"": {""iata"": ""STL"", ""name"": ""St. Louis Lambert International Airport""}, ""carrier"": {""iata"": ""AA"", ""name"": ""American Airlines"", ""logoUrl"": ""https://assets.duffel.com/img/airlines/for-light-background/full-color-logo/AA.svg""}, ""aircraft"": ""Airbus A319"", ""baggages"": [{""type"": ""checked"", ""quantity"": 0}, {""type"": ""carry_on"", ""quantity"": 1}], ""arrivingAt"": ""2026-04-02T22:14:00"", ""cabinClass"": ""ECONOMY"", ""departingAt"": ""2026-04-02T18:20:00"", ""destination"": {""iata"": ""MIA"", ""name"": ""Miami International Airport""}, ""flightNumber"": ""1715""}], ""destination"": {""city"": ""Miami"", ""iata"": ""MIA"", ""name"": ""Miami International Airport""}}], ""expiresAt"": ""2026-03-01T06:47:22.000000Z"", ""passengers"": [{""id"": ""pas_0000B3nxXY6lcliSW4glM2"", ""age"": null, ""type"": ""adult"", ""fare_type"": null, ""given_name"": null, ""family_name"": null, ""loyalty_programme_accounts"": []}], ""totalAmount"": ""180.62"", ""totalCurrency"": ""USD""}"
29,22,flight,"Economy Flight: Newark to Miami, Miami to Newark",372.27,off_0000B3ovuN8EGpZrnKznMH,"{""id"": ""off_0000B3ovuN8EGpZrnKznMH"", ""owner"": {""id"": ""arl_00009VME7DAGiJjwomhv32"", ""name"": ""American Airlines"", ""iata_code"": ""AA"", ""logo_lockup_url"": ""https://assets.duffel.com/img/airlines/for-light-background/full-color-lockup/AA.svg"", ""logo_symbol_url"": ""https://assets.duffel.com/img/airlines/for-light-background/full-color-logo/AA.svg"", ""conditions_of_carriage_url"": ""https://www.aa.com/i18n/customer-service/support/conditions-of-carriage.jsp""}, ""slices"": [{""id"": ""sli_0000B3ovuN8EGpZrnKznM7"", ""origin"": {""city"": ""Newark"", ""iata"": ""EWR"", ""name"": ""Newark Liberty International Airport""}, ""duration"": ""PT3H16M"", ""segments"": [{""id"": ""seg_0000B3ovuN8EGpZrnKznM5"", ""origin"": {""iata"": ""EWR"", ""name"": ""Newark Liberty International Airport""}, ""carrier"": {""iata"": ""AA"", ""name"": ""American Airlines"", ""logoUrl"": ""https://assets.duffel.com/img/airlines/for-light-background/full-color-logo/AA.svg""}, ""aircraft"": ""Boeing 737-800"", ""baggages"": [{""type"": ""checked"", ""quantity"": 0}, {""type"": ""carry_on"", ""quantity"": 1}], ""arrivingAt"": ""2026-03-04T09:00:00"", ""cabinClass"": ""ECONOMY"", ""departingAt"": ""2026-03-04T05:44:00"", ""destination"": {""iata"": ""MIA"", ""name"": ""Miami International Airport""}, ""flightNumber"": ""1196""}], ""destination"": {""city"": ""Miami"", ""iata"": ""MIA"", ""name"": ""Miami International Airport""}}, {""id"": ""sli_0000B3ovuN8EGpZrnKznMB"", ""origin"": {""city"": ""Miami"", ""iata"": ""MIA"", ""name"": ""Miami International Airport""}, ""duration"": ""PT3H4M"", ""segments"": [{""id"": ""seg_0000B3ovuN8EGpZrnKznM9"", ""origin"": {""iata"": ""MIA"", ""name"": ""Miami International Airport""}, ""carrier"": {""iata"": ""AA"", ""name"": ""American Airlines"", ""logoUrl"": ""https://assets.duffel.com/img/airlines/for-light-background/full-color-logo/AA.svg""}, ""aircraft"": ""Airbus A319"", ""baggages"": [{""type"": ""checked"", ""quantity"": 0}, {""type"": ""carry_on"", ""quantity"": 1}], ""arrivingAt"": ""2026-03-21T11:49:00"", ""cabinClass"": ""ECONOMY"", ""departingAt"": ""2026-03-21T08:45:00"", ""destination"": {""iata"": ""EWR"", ""name"": ""Newark Liberty International Airport""}, ""flightNumber"": ""1692""}], ""destination"": {""city"": ""Newark"", ""iata"": ""EWR"", ""name"": ""Newark Liberty International Airport""}}], ""expiresAt"": ""2026-03-01T18:03:45.000000Z"", ""passengers"": [{""id"": ""pas_0000B3ovu8BvomctSTc2Xe"", ""age"": null, ""type"": ""adult"", ""fare_type"": null, ""given_name"": null, ""family_name"": null, ""loyalty_programme_accounts"": []}], ""totalAmount"": ""372.27"", ""totalCurrency"": ""USD""}"
30,22,flight,"Alternative Economy Flight: Newark to Miami, Miami to Newark (Spirit Airlines)",199.97,off_0000B3ovuADmGtI7kmUXhP,"{""id"": ""off_0000B3ovuADmGtI7kmUXhP"", ""owner"": {""id"": ""arl_00009VME7DDSWSIAygCT2J"", ""name"": ""Spirit Airlines"", ""iata_code"": ""NK"", ""logo_lockup_url"": ""https://assets.duffel.com/img/airlines/for-light-background/full-color-lockup/NK.svg"", ""logo_symbol_url"": ""https://assets.duffel.com/img/airlines/for-light-background/full-color-logo/NK.svg"", ""conditions_of_carriage_url"": ""https://content.spirit.com/Shared/en-us/Documents/Contract_of_Carriage.pdf""}, ""slices"": [{""id"": ""sli_0000B3ovuADmGtI7kmUXhJ"", ""origin"": {""city"": ""Newark"", ""iata"": ""EWR"", ""name"": ""Newark Liberty International Airport""}, ""duration"": ""PT7H1M"", ""segments"": [{""id"": ""seg_0000B3ovuADmGtI7kmUXhH"", ""origin"": {""iata"": ""EWR"", ""name"": ""Newark Liberty International Airport""}, ""carrier"": {""iata"": ""NK"", ""name"": ""Spirit Airlines"", ""logoUrl"": ""https://assets.duffel.com/img/airlines/for-light-background/full-color-logo/NK.svg""}, ""baggages"": [{""type"": ""checked"", ""quantity"": 0}, {""type"": ""carry_on"", ""quantity"": 0}], ""arrivingAt"": ""2026-03-04T07:42:00"", ""cabinClass"": ""Economy"", ""departingAt"": ""2026-03-04T05:15:00"", ""destination"": {""iata"": ""ATL"", ""name"": ""Hartsfield-Jackson Atlanta International Airport""}, ""flightNumber"": ""0352""}, {""id"": ""seg_0000B3ovuADmGtI7kmUXhI"", ""origin"": {""iata"": ""ATL"", ""name"": ""Hartsfield-Jackson Atlanta International Airport""}, ""carrier"": {""iata"": ""NK"", ""name"": ""Spirit Airlines"", ""logoUrl"": ""https://assets.duffel.com/img/airlines/for-light-background/full-color-logo/NK.svg""}, ""baggages"": [{""type"": ""checked"", ""quantity"": 0}, {""type"": ""carry_on"", ""quantity"": 0}], ""arrivingAt"": ""2026-03-04T12:16:00"", ""cabinClass"": ""Economy"", ""departingAt"": ""2026-03-04T10:12:00"", ""destination"": {""iata"": ""MIA"", ""name"": ""Miami International Airport""}, ""flightNumber"": ""3031""}], ""destination"": {""city"": ""Miami"", ""iata"": ""MIA"", ""name"": ""Miami International Airport""}}, {""id"": ""sli_0000B3ovuADmGtI7kmUXhN"", ""origin"": {""city"": ""Miami"", ""iata"": ""MIA"", ""name"": ""Miami International Airport""}, ""duration"": ""PT8H17M"", ""segments"": [{""id"": ""seg_0000B3ovuADmGtI7kmUXhL"", ""origin"": {""iata"": ""MIA"", ""name"": ""Miami International Airport""}, ""carrier"": {""iata"": ""NK"", ""name"": ""Spirit Airlines"", ""logoUrl"": ""https://assets.duffel.com/img/airlines/for-light-background/full-color-logo/NK.svg""}, ""baggages"": [{""type"": ""checked"", ""quantity"": 0}, {""type"": ""carry_on"", ""quantity"": 0}], ""arrivingAt"": ""2026-03-21T17:09:00"", ""cabinClass"": ""Economy"", ""departingAt"": ""2026-03-21T15:12:00"", ""destination"": {""iata"": ""ATL"", ""name"": ""Hartsfield-Jackson Atlanta International Airport""}, ""flightNumber"": ""3030""}, {""id"": ""seg_0000B3ovuADmGtI7kmUXhM"", ""origin"": {""iata"": ""ATL"", ""name"": ""Hartsfield-Jackson Atlanta International Airport""}, ""carrier"": {""iata"": ""NK"", ""name"": ""Spirit Airlines"", ""logoUrl"": ""https://assets.duffel.com/img/airlines/for-light-background/full-color-logo/NK.svg""}, ""baggages"": [{""type"": ""checked"", ""quantity"": 0}, {""type"": ""carry_on"", ""quantity"": 0}], ""arrivingAt"": ""2026-03-21T23:29:00"", ""cabinClass"": ""Economy"", ""departingAt"": ""2026-03-21T21:17:00"", ""destination"": {""iata"": ""EWR"", ""name"": ""Newark Liberty International Airport""}, ""flightNumber"": ""0351""}], ""destination"": {""city"": ""Newark"", ""iata"": ""EWR"", ""name"": ""Newark Liberty International Airport""}}], ""expiresAt"": ""2026-03-01T17:48:45.350712Z"", ""passengers"": [{""id"": ""pas_0000B3ovu8BvomctSTc2Xe"", ""age"": null, ""type"": ""adult"", ""fare_type"": null, ""given_name"": null, ""family_name"": null, ""loyalty_programme_accounts"": []}], ""totalAmount"": ""199.97"", ""totalCurrency"": ""USD""}"
31,23,flight,No flights available: JFK → STN on 2026-03-16 to 2026-03-23 (Economy),0.00,,"{""searchParams"": {""budget"": 650, ""origin"": ""JFK"", ""cabinClass"": ""economy"", ""originName"": ""new york city"", ""passengers"": 1, ""returnDate"": ""2026-03-23"", ""destination"": ""STN"", ""departureDate"": ""2026-03-16"", ""destinationName"": ""London""}, ""noFlightsFound"": true}"
45,32,flight,Alternative Economy Flight: Newark to Miami (Spirit Airlines),104.78,off_0000B41jNJHJ0O3O4eADqa,"{""id"": ""off_0000B41jNJHJ0O3O4eADqa"", ""owner"": {""id"": ""arl_00009VME7DDSWSIAygCT2J"", ""name"": ""Spirit Airlines"", ""iata_code"": ""NK"", ""logo_lockup_url"": ""https://assets.duffel.com/img/airlines/for-light-background/full-color-lockup/NK.svg"", ""logo_symbol_url"": ""https://assets.duffel.com/img/airlines/for-light-background/full-color-logo/NK.svg"", ""conditions_of_carriage_url"": ""https://content.spirit.com/Shared/en-us/Documents/Contract_of_Carriage.pdf""}, ""slices"": [{""id"": ""sli_0000B41jNJHJ0O3O4eADqY"", ""origin"": {""city"": ""Newark"", ""iata"": ""EWR"", ""name"": ""Newark Liberty International Airport""}, ""duration"": ""PT7H1M"", ""segments"": [{""id"": ""seg_0000B41jNJHJ0O3O4eADqW"", ""origin"": {""iata"": ""EWR"", ""name"": ""Newark Liberty International Airport""}, ""carrier"": {""iata"": ""NK"", ""name"": ""Spirit Airlines"", ""logoUrl"": ""https://assets.duffel.com/img/airlines/for-light-background/full-color-logo/NK.svg""}, ""baggages"": [{""type"": ""checked"", ""quantity"": 0}, {""type"": ""carry_on"", ""quantity"": 0}], ""arrivingAt"": ""2026-03-11T07:42:00"", ""cabinClass"": ""Economy"", ""departingAt"": ""2026-03-11T05:15:00"", ""destination"": {""iata"": ""ATL"", ""name"": ""Hartsfield-Jackson Atlanta International Airport""}, ""flightNumber"": ""0352""}, {""id"": ""seg_0000B41jNJHJ0O3O4eADqX"", ""origin"": {""iata"": ""ATL"", ""name"": ""Hartsfield-Jackson Atlanta International Airport""}, ""carrier"": {""iata"": ""NK"", ""name"": ""Spirit Airlines"", ""logoUrl"": ""https://assets.duffel.com/img/airlines/for-light-background/full-color-logo/NK.svg""}, ""baggages"": [{""type"": ""checked"", ""quantity"": 0}, {""type"": ""carry_on"", ""quantity"": 0}], ""arrivingAt"": ""2026-03-11T12:16:00"", ""cabinClass"": ""Economy"", ""departingAt"": ""2026-03-11T10:12:00"", ""destination"": {""iata"": ""MIA"", ""name"": ""Miami International Airport""}, ""flightNumber"": ""3031""}], ""destination"": {""city"": ""Miami"", ""iata"": ""MIA"", ""name"": ""Miami International Airport""}}], ""expiresAt"": ""2026-03-07T21:59:36.247833Z"", ""passengers"": [{""id"": ""pas_0000B41jNHW7YKiSc151ec"", ""age"": null, ""type"": ""adult"", ""fare_type"": null, ""given_name"": null, ""family_name"": null, ""loyalty_programme_accounts"": []}], ""totalAmount"": ""104.78"", ""totalCurrency"": ""USD""}"
32,24,flight,"Economy Flight: New York to Cairo, Cairo to New York",1003.71,off_0000B3puo2gDUWXXpaGqoS,"{""id"": ""off_0000B3puo2gDUWXXpaGqoS"", ""owner"": {""id"": ""arl_00009VME7DCkZ5j0wTrtvG"", ""name"": ""Lufthansa"", ""iata_code"": ""LH"", ""logo_lockup_url"": ""https://assets.duffel.com/img/airlines/for-light-background/full-color-lockup/LH.svg"", ""logo_symbol_url"": ""https://assets.duffel.com/img/airlines/for-light-background/full-color-logo/LH.svg"", ""conditions_of_carriage_url"": ""https://www.lufthansa.com/gb/en/business-terms-and-conditions-1""}, ""slices"": [{""id"": ""sli_0000B3puo2gDUWXXpaGqo1"", ""origin"": {""city"": ""New York"", ""iata"": ""JFK"", ""name"": ""John F. Kennedy International Airport""}, ""duration"": ""PT18H5M"", ""segments"": [{""id"": ""seg_0000B3puo2gDUWXXpaGqnt"", ""origin"": {""iata"": ""JFK"", ""name"": ""John F. Kennedy International Airport""}, ""carrier"": {""iata"": ""LX"", ""name"": ""SWISS"", ""logoUrl"": ""https://assets.duffel.com/img/airlines/for-light-background/full-color-logo/LX.svg""}, ""aircraft"": ""Airbus A330-300"", ""baggages"": [{""type"": ""checked"", ""quantity"": 1}, {""type"": ""carry_on"", ""quantity"": 1}], ""arrivingAt"": ""2026-03-04T06:15:00"", ""cabinClass"": ""ECONOMY"", ""departingAt"": ""2026-03-03T16:25:00"", ""destination"": {""iata"": ""ZRH"", ""name"": ""Zürich Airport""}, ""flightNumber"": ""0017""}, {""id"": ""seg_0000B3puo2gDUWXXpaGqny"", ""origin"": {""iata"": ""ZRH"", ""name"": ""Zürich Airport""}, ""carrier"": {""iata"": ""LX"", ""name"": ""SWISS"", ""logoUrl"": ""https://assets.duffel.com/img/airlines/for-light-background/full-color-logo/LX.svg""}, ""aircraft"": ""Airbus A321neo"", ""baggages"": [{""type"": ""checked"", ""quantity"": 1}, {""type"": ""carry_on"", ""quantity"": 1}], ""arrivingAt"": ""2026-03-04T17:30:00"", ""cabinClass"": ""ECONOMY"", ""departingAt"": ""2026-03-04T12:30:00"", ""destination"": {""iata"": ""CAI"", ""name"": ""Cairo International Airport""}, ""flightNumber"": ""0238""}], ""destination"": {""city"": ""Cairo"", ""iata"": ""CAI"", ""name"": ""Cairo International Airport""}}, {""id"": ""sli_0000B3puo2gDUWXXpaGqoE"", ""origin"": {""city"": ""Cairo"", ""iata"": ""CAI"", ""name"": ""Cairo International Airport""}, ""duration"": ""P1DT5H15M"", ""segments"": [{""id"": ""seg_0000B3puo2gDUWXXpaGqo8"", ""origin"": {""iata"": ""CAI"", ""name"": ""Cairo International Airport""}, ""carrier"": {""iata"": ""LX"", ""name"": ""SWISS"", ""logoUrl"": ""https://assets.duffel.com/img/airlines/for-light-background/full-color-logo/LX.svg""}, ""aircraft"": ""Airbus A321 (sharklets)"", ""baggages"": [{""type"": ""checked"", ""quantity"": 1}, {""type"": ""carry_on"", ""quantity"": 1}], ""arrivingAt"": ""2026-03-21T21:40:00"", ""cabinClass"": ""ECONOMY"", ""departingAt"": ""2026-03-21T18:25:00"", ""destination"": {""iata"": ""ZRH"", ""name"": ""Zürich Airport""}, ""flightNumber"": ""0239""}, {""id"": ""seg_0000B3puo2gDUWXXpaGqoB"", ""origin"": {""iata"": ""ZRH"", ""name"": ""Zürich Airport""}, ""carrier"": {""iata"": ""LX"", ""name"": ""SWISS"", ""logoUrl"": ""https://assets.duffel.com/img/airlines/for-light-background/full-color-logo/LX.svg""}, ""aircraft"": ""Airbus A330-300"", ""baggages"": [{""type"": ""checked"", ""quantity"": 1}, {""type"": ""carry_on"", ""quantity"": 1}], ""arrivingAt"": ""2026-03-22T17:40:00"", ""cabinClass"": ""ECONOMY"", ""departingAt"": ""2026-03-22T13:15:00"", ""destination"": {""iata"": ""JFK"", ""name"": ""John F. Kennedy International Airport""}, ""flightNumber"": ""0014""}], ""destination"": {""city"": ""New York"", ""iata"": ""JFK"", ""name"": ""John F. Kennedy International Airport""}}], ""expiresAt"": ""2026-03-02T05:26:07.000000Z"", ""passengers"": [{""id"": ""pas_0000B3punsf8jfjklLgqjj"", ""age"": null, ""type"": ""adult"", ""fare_type"": null, ""given_name"": null, ""family_name"": null, ""loyalty_programme_accounts"": []}], ""totalAmount"": ""1003.71"", ""totalCurrency"": ""USD""}"
33,24,flight,"Alternative Economy Flight: New York to Cairo, Cairo to New York (EgyptAir)",894.51,off_0000B3puo43IOCay5S4nQo,"{""id"": ""off_0000B3puo43IOCay5S4nQo"", ""owner"": {""id"": ""arl_00009VME7DC2bj9quHXKoN"", ""name"": ""EgyptAir"", ""iata_code"": ""MS"", ""logo_lockup_url"": ""https://assets.duffel.com/img/airlines/for-light-background/full-color-lockup/MS.svg"", ""logo_symbol_url"": ""https://assets.duffel.com/img/airlines/for-light-background/full-color-logo/MS.svg"", ""conditions_of_carriage_url"": ""https://www.egyptair.com/en/Pages/Conditions-of-Carriage.aspx""}, ""slices"": [{""id"": ""sli_0000B3puo43IOCay5S4nQV"", ""origin"": {""city"": ""New York"", ""iata"": ""JFK"", ""name"": ""John F. Kennedy International Airport""}, ""duration"": ""PT10H25M"", ""segments"": [{""id"": ""seg_0000B3puo43IOCay5S4nQS"", ""origin"": {""iata"": ""JFK"", ""name"": ""John F. Kennedy International Airport""}, ""carrier"": {""iata"": ""MS"", ""name"": ""EgyptAir"", ""logoUrl"": ""https://assets.duffel.com/img/airlines/for-light-background/full-color-logo/MS.svg""}, ""aircraft"": ""Boeing 777-300"", ""baggages"": [{""type"": ""checked"", ""quantity"": 2}, {""type"": ""carry_on"", ""quantity"": 1}], ""arrivingAt"": ""2026-03-04T06:10:00"", ""cabinClass"": ""Economy"", ""departingAt"": ""2026-03-03T12:45:00"", ""destination"": {""iata"": ""CAI"", ""name"": ""Cairo International Airport""}, ""flightNumber"": ""0986""}], ""destination"": {""city"": ""Cairo"", ""iata"": ""CAI"", ""name"": ""Cairo International Airport""}}, {""id"": ""sli_0000B3puo43IOCay5S4nQg"", ""origin"": {""city"": ""Cairo"", ""iata"": ""CAI"", ""name"": ""Cairo International Airport""}, ""duration"": ""PT11H45M"", ""segments"": [{""id"": ""seg_0000B3puo43IOCay5S4nQc"", ""origin"": {""iata"": ""CAI"", ""name"": ""Cairo International Airport""}, ""carrier"": {""iata"": ""MS"", ""name"": ""EgyptAir"", ""logoUrl"": ""https://assets.duffel.com/img/airlines/for-light-background/full-color-logo/MS.svg""}, ""aircraft"": ""Boeing 777-300"", ""baggages"": [{""type"": ""checked"", ""quantity"": 2}, {""type"": ""carry_on"", ""quantity"": 1}], ""arrivingAt"": ""2026-03-21T10:15:00"", ""cabinClass"": ""Economy"", ""departingAt"": ""2026-03-21T04:30:00"", ""destination"": {""iata"": ""JFK"", ""name"": ""John F. Kennedy International Airport""}, ""flightNumber"": ""0985""}], ""destination"": {""city"": ""New York"", ""iata"": ""JFK"", ""name"": ""John F. Kennedy International Airport""}}], ""expiresAt"": ""2026-03-02T05:56:09.626188Z"", ""passengers"": [{""id"": ""pas_0000B3punsf8jfjklLgqjj"", ""age"": null, ""type"": ""adult"", ""fare_type"": null, ""given_name"": null, ""family_name"": null, ""loyalty_programme_accounts"": []}], ""totalAmount"": ""894.51"", ""totalCurrency"": ""USD""}"
36,27,other,Travel planning - details pending from concierge call,0.00,,
37,28,other,Travel planning - details pending from concierge call,0.00,,
38,29,flight,"Economy Flight: St. Louis to Orlando, Orlando to St. Louis",187.97,off_0000B3sIBSa2JpLCHrXdeI,"{""id"": ""off_0000B3sIBSa2JpLCHrXdeI"", ""owner"": {""id"": ""arl_00009VME7DC2bj9quHXKpE"", ""name"": ""Frontier Airlines"", ""iata_code"": ""F9"", ""logo_lockup_url"": ""https://assets.duffel.com/img/airlines/for-light-background/full-color-lockup/F9.svg"", ""logo_symbol_url"": ""https://assets.duffel.com/img/airlines/for-light-background/full-color-logo/F9.svg"", ""conditions_of_carriage_url"": ""https://www.flyfrontier.com/legal/contract-of-carriage""}, ""slices"": [{""id"": ""sli_0000B3sIBSa2JpLCHrXdeD"", ""origin"": {""city"": ""St. Louis"", ""iata"": ""STL"", ""name"": ""St. Louis Lambert International Airport""}, ""duration"": ""PT2H22M"", ""segments"": [{""id"": ""seg_0000B3sIBSa2JpLCHrXdeC"", ""origin"": {""iata"": ""STL"", ""name"": ""St. Louis Lambert International Airport""}, ""carrier"": {""iata"": ""F9"", ""name"": ""Frontier Airlines"", ""logoUrl"": ""https://assets.duffel.com/img/airlines/for-light-background/full-color-logo/F9.svg""}, ""aircraft"": ""Airbus A321"", ""baggages"": [{""type"": ""checked"", ""quantity"": 0}], ""arrivingAt"": ""2026-03-27T20:13:00"", ""cabinClass"": ""Economy"", ""departingAt"": ""2026-03-27T16:51:00"", ""destination"": {""iata"": ""MCO"", ""name"": ""Orlando International Airport""}, ""flightNumber"": ""2636""}], ""destination"": {""city"": ""Orlando"", ""iata"": ""MCO"", ""name"": ""Orlando International Airport""}}, {""id"": ""sli_0000B3sIBSa2JpLCHrXdeG"", ""origin"": {""city"": ""Orlando"", ""iata"": ""MCO"", ""name"": ""Orlando International Airport""}, ""duration"": ""PT2H48M"", ""segments"": [{""id"": ""seg_0000B3sIBSa2JpLCHrXdeF"", ""origin"": {""iata"": ""MCO"", ""name"": ""Orlando International Airport""}, ""carrier"": {""iata"": ""F9"", ""name"": ""Frontier Airlines"", ""logoUrl"": ""https://assets.duffel.com/img/airlines/for-light-background/full-color-logo/F9.svg""}, ""aircraft"": ""Airbus A321"", ""baggages"": [{""type"": ""checked"", ""quantity"": 0}], ""arrivingAt"": ""2026-04-07T23:25:00"", ""cabinClass"": ""Economy"", ""departingAt"": ""2026-04-07T21:37:00"", ""destination"": {""iata"": ""STL"", ""name"": ""St. Louis Lambert International Airport""}, ""flightNumber"": ""2635""}], ""destination"": {""city"": ""St. Louis"", ""iata"": ""STL"", ""name"": ""St. Louis Lambert International Airport""}}], ""expiresAt"": ""2026-03-03T09:27:31.652033Z"", ""passengers"": [{""id"": ""pas_0000B3sIBNthjH6PlPhm7a"", ""age"": null, ""type"": ""adult"", ""fare_type"": null, ""given_name"": null, ""family_name"": null, ""loyalty_programme_accounts"": []}], ""totalAmount"": ""187.97"", ""totalCurrency"": ""USD""}"
39,29,flight,"Alternative ECONOMY Flight: St. Louis to Orlando, Orlando to St. Louis (American Airlines)",419.89,off_0000B3sIBdvM8tvlTAbJuo,"{""id"": ""off_0000B3sIBdvM8tvlTAbJuo"", ""owner"": {""id"": ""arl_00009VME7DAGiJjwomhv32"", ""name"": ""American Airlines"", ""iata_code"": ""AA"", ""logo_lockup_url"": ""https://assets.duffel.com/img/airlines/for-light-background/full-color-lockup/AA.svg"", ""logo_symbol_url"": ""https://assets.duffel.com/img/airlines/for-light-background/full-color-logo/AA.svg"", ""conditions_of_carriage_url"": ""https://www.aa.com/i18n/customer-service/support/conditions-of-carriage.jsp""}, ""slices"": [{""id"": ""sli_0000B3sIBdvM8tvlTAbJuZ"", ""origin"": {""city"": ""St. Louis"", ""iata"": ""STL"", ""name"": ""St. Louis Lambert International Airport""}, ""duration"": ""PT5H47M"", ""segments"": [{""id"": ""seg_0000B3sIBdvM8tvlTAbJuV"", ""origin"": {""iata"": ""STL"", ""name"": ""St. Louis Lambert International Airport""}, ""carrier"": {""iata"": ""AA"", ""name"": ""American Airlines"", ""logoUrl"": ""https://assets.duffel.com/img/airlines/for-light-background/full-color-logo/AA.svg""}, ""aircraft"": ""Boeing 737-800"", ""baggages"": [{""type"": ""checked"", ""quantity"": 0}, {""type"": ""carry_on"", ""quantity"": 1}], ""arrivingAt"": ""2026-03-27T15:13:00"", ""cabinClass"": ""ECONOMY"", ""departingAt"": ""2026-03-27T11:22:00"", ""destination"": {""iata"": ""MIA"", ""name"": ""Miami International Airport""}, ""flightNumber"": ""1622""}, {""id"": ""seg_0000B3sIBdvM8tvlTAbJuX"", ""origin"": {""iata"": ""MIA"", ""name"": ""Miami International Airport""}, ""carrier"": {""iata"": ""AA"", ""name"": ""American Airlines"", ""logoUrl"": ""https://assets.duffel.com/img/airlines/for-light-background/full-color-logo/AA.svg""}, ""aircraft"": ""Boeing 737-800"", ""baggages"": [{""type"": ""checked"", ""quantity"": 0}, {""type"": ""carry_on"", ""quantity"": 1}], ""arrivingAt"": ""2026-03-27T18:09:00"", ""cabinClass"": ""ECONOMY"", ""departingAt"": ""2026-03-27T16:50:00"", ""destination"": {""iata"": ""MCO"", ""name"": ""Orlando International Airport""}, ""flightNumber"": ""1852""}], ""destination"": {""city"": ""Orlando"", ""iata"": ""MCO"", ""name"": ""Orlando International Airport""}}, {""id"": ""sli_0000B3sIBdvM8tvlTAbJuh"", ""origin"": {""city"": ""Orlando"", ""iata"": ""MCO"", ""name"": ""Orlando International Airport""}, ""duration"": ""PT5H16M"", ""segments"": [{""id"": ""seg_0000B3sIBdvM8tvlTAbJud"", ""origin"": {""iata"": ""MCO"", ""name"": ""Orlando International Airport""}, ""carrier"": {""iata"": ""AA"", ""name"": ""American Airlines"", ""logoUrl"": ""https://assets.duffel.com/img/airlines/for-light-background/full-color-logo/AA.svg""}, ""aircraft"": ""Boeing 737-800"", ""baggages"": [{""type"": ""checked"", ""quantity"": 0}, {""type"": ""carry_on"", ""quantity"": 1}], ""arrivingAt"": ""2026-04-07T07:14:00"", ""cabinClass"": ""ECONOMY"", ""departingAt"": ""2026-04-07T06:00:00"", ""destination"": {""iata"": ""MIA"", ""name"": ""Miami International Airport""}, ""flightNumber"": ""2894""}, {""id"": ""seg_0000B3sIBdvM8tvlTAbJuf"", ""origin"": {""iata"": ""MIA"", ""name"": ""Miami International Airport""}, ""carrier"": {""iata"": ""AA"", ""name"": ""American Airlines"", ""logoUrl"": ""https://assets.duffel.com/img/airlines/for-light-background/full-color-logo/AA.svg""}, ""aircraft"": ""Boeing 737-800"", ""baggages"": [{""type"": ""checked"", ""quantity"": 0}, {""type"": ""carry_on"", ""quantity"": 1}], ""arrivingAt"": ""2026-04-07T10:16:00"", ""cabinClass"": ""ECONOMY"", ""departingAt"": ""2026-04-07T08:15:00"", ""destination"": {""iata"": ""STL"", ""name"": ""St. Louis Lambert International Airport""}, ""flightNumber"": ""3175""}], ""destination"": {""city"": ""St. Louis"", ""iata"": ""STL"", ""name"": ""St. Louis Lambert International Airport""}}], ""expiresAt"": ""2026-03-03T08:57:30.000000Z"", ""passengers"": [{""id"": ""pas_0000B3sIBNthjH6PlPhm7a"", ""age"": null, ""type"": ""adult"", ""fare_type"": null, ""given_name"": null, ""family_name"": null, ""loyalty_programme_accounts"": []}], ""totalAmount"": ""419.89"", ""totalCurrency"": ""USD""}"
41,30,flight,Alternative FIRST Flight: New York to Miami (American Airlines),564.74,off_0000B3w7FevgRtW113gHS0,"{""id"": ""off_0000B3w7FevgRtW113gHS0"", ""owner"": {""id"": ""arl_00009VME7DAGiJjwomhv32"", ""name"": ""American Airlines"", ""iata_code"": ""AA"", ""logo_lockup_url"": ""https://assets.duffel.com/img/airlines/for-light-background/full-color-lockup/AA.svg"", ""logo_symbol_url"": ""https://assets.duffel.com/img/airlines/for-light-background/full-color-logo/AA.svg"", ""conditions_of_carriage_url"": ""https://www.aa.com/i18n/customer-service/support/conditions-of-carriage.jsp""}, ""slices"": [{""id"": ""sli_0000B3w7FevgRtW113gHRy"", ""origin"": {""city"": ""New York"", ""iata"": ""JFK"", ""name"": ""John F. Kennedy International Airport""}, ""duration"": ""PT3H24M"", ""segments"": [{""id"": ""seg_0000B3w7FevgRtW113gHRx"", ""origin"": {""iata"": ""JFK"", ""name"": ""John F. Kennedy International Airport""}, ""carrier"": {""iata"": ""AA"", ""name"": ""American Airlines"", ""logoUrl"": ""https://assets.duffel.com/img/airlines/for-light-background/full-color-logo/AA.svg""}, ""aircraft"": ""Airbus A321"", ""baggages"": [{""type"": ""checked"", ""quantity"": 2}, {""type"": ""carry_on"", ""quantity"": 1}], ""arrivingAt"": ""2026-04-07T19:23:00"", ""cabinClass"": ""FIRST"", ""departingAt"": ""2026-04-07T15:59:00"", ""destination"": {""iata"": ""MIA"", ""name"": ""Miami International Airport""}, ""flightNumber"": ""2603""}], ""destination"": {""city"": ""Miami"", ""iata"": ""MIA"", ""name"": ""Miami International Airport""}}], ""expiresAt"": ""2026-03-05T05:13:51.000000Z"", ""passengers"": [{""id"": ""pas_0000B3w7FXVC3zANysEWgc"", ""age"": null, ""type"": ""adult"", ""fare_type"": null, ""given_name"": null, ""family_name"": null, ""loyalty_programme_accounts"": []}], ""totalAmount"": ""564.74"", ""totalCurrency"": ""USD""}"
40,30,flight,Economy Flight: JFK to MIA,45.98,off_0000B3wD5JQn2HBn9jY9xq,"{""id"": ""off_0000B3wD5JQn2HBn9jY9xq"", ""owner"": {""id"": ""arl_00009VME7DC2bj9quHXKpE"", ""name"": ""Frontier Airlines"", ""iata_code"": ""F9"", ""logo_lockup_url"": ""https://assets.duffel.com/img/airlines/for-light-background/full-color-lockup/F9.svg"", ""logo_symbol_url"": ""https://assets.duffel.com/img/airlines/for-light-background/full-color-logo/F9.svg"", ""conditions_of_carriage_url"": ""https://www.flyfrontier.com/legal/contract-of-carriage""}, ""slices"": [{""id"": ""sli_0000B3wD5JQn2HBn9jY9xo"", ""origin"": {""city"": ""New York"", ""iata"": ""JFK"", ""name"": ""John F. Kennedy International Airport""}, ""duration"": ""PT3H17M"", ""segments"": [{""id"": ""seg_0000B3wD5JQR3auD8dNsPY"", ""origin"": {""iata"": ""JFK"", ""name"": ""John F. Kennedy International Airport""}, ""carrier"": {""iata"": ""F9"", ""name"": ""Frontier Airlines"", ""logoUrl"": ""https://assets.duffel.com/img/airlines/for-light-background/full-color-logo/F9.svg""}, ""aircraft"": ""Airbus A321neo"", ""baggages"": [{""type"": ""checked"", ""quantity"": 0}], ""arrivingAt"": ""2026-04-07T14:47:00"", ""cabinClass"": ""Economy"", ""departingAt"": ""2026-04-07T11:30:00"", ""destination"": {""iata"": ""MIA"", ""name"": ""Miami International Airport""}, ""flightNumber"": ""1809""}], ""destination"": {""city"": ""Miami"", ""iata"": ""MIA"", ""name"": ""Miami International Airport""}}], ""expiresAt"": ""2026-03-05T06:49:14.198739Z"", ""passengers"": [{""id"": ""pas_0000B3wD5GmesVtowgl58M"", ""age"": null, ""type"": ""adult"", ""fare_type"": null, ""given_name"": null, ""family_name"": null, ""loyalty_programme_accounts"": []}], ""totalAmount"": ""45.98"", ""searchParams"": {""origin"": ""JFK"", ""cabinClass"": ""economy"", ""passengers"": 1, ""returnDate"": null, ""destination"": ""MIA"", ""departureDate"": ""2026-04-07""}, ""totalCurrency"": ""USD"", ""passengerIdentityDocumentsRequired"": false}"
44,32,flight,Economy Flight: Newark to Miami,184.99,off_0000B41jNKcxzKyUG7J2F2,"{""id"": ""off_0000B41jNKcxzKyUG7J2F2"", ""owner"": {""id"": ""arl_00009VME7DC2bj9quHXKpE"", ""name"": ""Frontier Airlines"", ""iata_code"": ""F9"", ""logo_lockup_url"": ""https://assets.duffel.com/img/airlines/for-light-background/full-color-lockup/F9.svg"", ""logo_symbol_url"": ""https://assets.duffel.com/img/airlines/for-light-background/full-color-logo/F9.svg"", ""conditions_of_carriage_url"": ""https://www.flyfrontier.com/legal/contract-of-carriage""}, ""slices"": [{""id"": ""sli_0000B41jNKcxzKyUG7J2F0"", ""origin"": {""city"": ""Newark"", ""iata"": ""EWR"", ""name"": ""Newark Liberty International Airport""}, ""duration"": ""PT6H56M"", ""segments"": [{""id"": ""seg_0000B41jNKcxzKyUG7J2Ey"", ""origin"": {""iata"": ""EWR"", ""name"": ""Newark Liberty International Airport""}, ""carrier"": {""iata"": ""F9"", ""name"": ""Frontier Airlines"", ""logoUrl"": ""https://assets.duffel.com/img/airlines/for-light-background/full-color-logo/F9.svg""}, ""aircraft"": ""Airbus A320neo"", ""baggages"": [{""type"": ""checked"", ""quantity"": 0}], ""arrivingAt"": ""2026-03-11T09:10:00"", ""cabinClass"": ""Economy"", ""departingAt"": ""2026-03-11T06:10:00"", ""destination"": {""iata"": ""ATL"", ""name"": ""Hartsfield-Jackson Atlanta International Airport""}, ""flightNumber"": ""4601""}, {""id"": ""seg_0000B41jNKcxzKyUG7J2Ez"", ""origin"": {""iata"": ""ATL"", ""name"": ""Hartsfield-Jackson Atlanta International Airport""}, ""carrier"": {""iata"": ""F9"", ""name"": ""Frontier Airlines"", ""logoUrl"": ""https://assets.duffel.com/img/airlines/for-light-background/full-color-logo/F9.svg""}, ""aircraft"": ""Airbus A321neo"", ""baggages"": [{""type"": ""checked"", ""quantity"": 0}], ""arrivingAt"": ""2026-03-11T13:06:00"", ""cabinClass"": ""Economy"", ""departingAt"": ""2026-03-11T10:59:00"", ""destination"": {""iata"": ""MIA"", ""name"": ""Miami International Airport""}, ""flightNumber"": ""2272""}], ""destination"": {""city"": ""Miami"", ""iata"": ""MIA"", ""name"": ""Miami International Airport""}}], ""expiresAt"": ""2026-03-07T22:44:36.623646Z"", ""passengers"": [{""id"": ""pas_0000B41jNHW7YKiSc151ec"", ""age"": null, ""type"": ""adult"", ""fare_type"": null, ""given_name"": null, ""family_name"": null, ""loyalty_programme_accounts"": []}], ""totalAmount"": ""184.99"", ""totalCurrency"": ""USD""}"
42,31,flight,Economy Flight: STL to NYC,155.53,off_0000B4Dirx2E5UrE3fcE7W,"{""id"": ""off_0000B4Dirx2E5UrE3fcE7W"", ""owner"": {""id"": ""arl_00009VME7DAGiJjwomhv32"", ""name"": ""American Airlines"", ""iata_code"": ""AA"", ""logo_lockup_url"": ""https://assets.duffel.com/img/airlines/for-light-background/full-color-lockup/AA.svg"", ""logo_symbol_url"": ""https://assets.duffel.com/img/airlines/for-light-background/full-color-logo/AA.svg"", ""conditions_of_carriage_url"": ""https://www.aa.com/i18n/customer-service/support/conditions-of-carriage.jsp""}, ""slices"": [{""id"": ""sli_0000B4Dirx2E5UrE3fcE7U"", ""origin"": {""city"": ""St. Louis"", ""iata"": ""STL"", ""name"": ""St. Louis Lambert International Airport""}, ""duration"": ""PT2H28M"", ""segments"": [{""id"": ""seg_0000B4Dirx2E5UrE3fcE7T"", ""origin"": {""iata"": ""STL"", ""name"": ""St. Louis Lambert International Airport""}, ""carrier"": {""iata"": ""AA"", ""name"": ""American Airlines"", ""logoUrl"": ""https://assets.duffel.com/img/airlines/for-light-background/full-color-logo/AA.svg""}, ""aircraft"": ""Embraer 170"", ""baggages"": [{""type"": ""checked"", ""quantity"": 0}, {""type"": ""carry_on"", ""quantity"": 1}], ""arrivingAt"": ""2026-04-06T10:33:00"", ""cabinClass"": ""ECONOMY"", ""departingAt"": ""2026-04-06T07:05:00"", ""destination"": {""iata"": ""LGA"", ""name"": ""LaGuardia Airport""}, ""flightNumber"": ""4486""}], ""destination"": {""city"": ""New York"", ""iata"": ""LGA"", ""name"": ""LaGuardia Airport""}}], ""expiresAt"": ""2026-03-13T17:05:27.000000Z"", ""passengers"": [{""id"": ""pas_0000B4DirpAnJkxRfvYxMY"", ""age"": null, ""type"": ""adult"", ""fare_type"": null, ""given_name"": null, ""family_name"": null, ""loyalty_programme_accounts"": []}], ""totalAmount"": ""155.53"", ""searchParams"": {""origin"": ""STL"", ""cabinClass"": ""economy"", ""passengers"": 1, ""returnDate"": null, ""destination"": ""NYC"", ""departureDate"": ""2026-04-06""}, ""totalCurrency"": ""USD"", ""passengerIdentityDocumentsRequired"": false}"
50,37,other,Travel planning - details pending from concierge call,0.00,,
51,38,flight,"Economy Flight: New York to Raleigh/Durham, Raleigh/Durham to New York",423.08,off_0000B4GYGCzSyKK5Wyq1mb,"{""id"": ""off_0000B4GYGCzSyKK5Wyq1mb"", ""owner"": {""id"": ""arl_00009VME7DAGiJjwomhv32"", ""name"": ""American Airlines"", ""iata_code"": ""AA"", ""logo_lockup_url"": ""https://assets.duffel.com/img/airlines/for-light-background/full-color-lockup/AA.svg"", ""logo_symbol_url"": ""https://assets.duffel.com/img/airlines/for-light-background/full-color-logo/AA.svg"", ""conditions_of_carriage_url"": ""https://www.aa.com/i18n/customer-service/support/conditions-of-carriage.jsp""}, ""slices"": [{""id"": ""sli_0000B4GYGCzSyKK5Wyq1mV"", ""origin"": {""city"": ""New York"", ""iata"": ""JFK"", ""name"": ""John F. Kennedy International Airport""}, ""duration"": ""PT8H48M"", ""segments"": [{""id"": ""seg_0000B4GYGCzSyKK5Wyq1mT"", ""origin"": {""iata"": ""JFK"", ""name"": ""John F. Kennedy International Airport""}, ""carrier"": {""iata"": ""AA"", ""name"": ""American Airlines"", ""logoUrl"": ""https://assets.duffel.com/img/airlines/for-light-background/full-color-logo/AA.svg""}, ""aircraft"": ""Embraer 175"", ""baggages"": [{""type"": ""checked"", ""quantity"": 0}, {""type"": ""carry_on"", ""quantity"": 1}], ""arrivingAt"": ""2026-05-22T07:59:00"", ""cabinClass"": ""ECONOMY"", ""departingAt"": ""2026-05-22T06:30:00"", ""destination"": {""iata"": ""DCA"", ""name"": ""Ronald Reagan Washington National Airport""}, ""flightNumber"": ""4538""}, {""id"": ""seg_0000B4GYGCzSyKK5Wyq1mU"", ""origin"": {""iata"": ""DCA"", ""name"": ""Ronald Reagan Washington National Airport""}, ""carrier"": {""iata"": ""AA"", ""name"": ""American Airlines"", ""logoUrl"": ""https://assets.duffel.com/img/airlines/for-light-background/full-color-logo/AA.svg""}, ""aircraft"": ""Canadair (Bombardier) Regional Jet 700 and Challenger 870"", ""baggages"": [{""type"": ""checked"", ""quantity"": 0}, {""type"": ""carry_on"", ""quantity"": 1}], ""arrivingAt"": ""2026-05-22T15:18:00"", ""cabinClass"": ""ECONOMY"", ""departingAt"": ""2026-05-22T13:54:00"", ""destination"": {""iata"": ""RDU"", ""name"": ""Raleigh–Durham International Airpor""}, ""flightNumber"": ""5367""}], ""destination"": {""city"": ""Raleigh/Durham"", ""iata"": ""RDU"", ""name"": ""Raleigh–Durham International Airpor""}}, {""id"": ""sli_0000B4GYGCzSyKK5Wyq1mZ"", ""origin"": {""city"": ""Raleigh/Durham"", ""iata"": ""RDU"", ""name"": ""Raleigh–Durham International Airpor""}, ""duration"": ""PT7H29M"", ""segments"": [{""id"": ""seg_0000B4GYGCzSyKK5Wyq1mX"", ""origin"": {""iata"": ""RDU"", ""name"": ""Raleigh–Durham International Airpor""}, ""carrier"": {""iata"": ""AA"", ""name"": ""American Airlines"", ""logoUrl"": ""https://assets.duffel.com/img/airlines/for-light-background/full-color-logo/AA.svg""}, ""aircraft"": ""Boeing 737-800"", ""baggages"": [{""type"": ""checked"", ""quantity"": 0}, {""type"": ""carry_on"", ""quantity"": 1}], ""arrivingAt"": ""2026-06-15T19:45:00"", ""cabinClass"": ""ECONOMY"", ""departingAt"": ""2026-06-15T17:30:00"", ""destination"": {""iata"": ""MIA"", ""name"": ""Miami International Airport""}, ""flightNumber"": ""2406""}, {""id"": ""seg_0000B4GYGCzSyKK5Wyq1mY"", ""origin"": {""iata"": ""MIA"", ""name"": ""Miami International Airport""}, ""carrier"": {""iata"": ""AA"", ""name"": ""American Airlines"", ""logoUrl"": ""https://assets.duffel.com/img/airlines/for-light-background/full-color-logo/AA.svg""}, ""aircraft"": ""Boeing 737 MAX 8 / BBJ MAX 8/MAX200"", ""baggages"": [{""type"": ""checked"", ""quantity"": 0}, {""type"": ""carry_on"", ""quantity"": 1}], ""arrivingAt"": ""2026-06-16T00:59:00"", ""cabinClass"": ""ECONOMY"", ""departingAt"": ""2026-06-15T21:52:00"", ""destination"": {""iata"": ""JFK"", ""name"": ""John F. Kennedy International Airport""}, ""flightNumber"": ""0944""}], ""destination"": {""city"": ""New York"", ""iata"": ""JFK"", ""name"": ""John F. Kennedy International Airport""}}], ""expiresAt"": ""2026-03-15T01:50:40.000000Z"", ""passengers"": [{""id"": ""pas_0000B4GYFrYSfXFB392fGc"", ""age"": null, ""type"": ""adult"", ""fare_type"": null, ""given_name"": null, ""family_name"": null, ""loyalty_programme_accounts"": []}], ""totalAmount"": ""423.08"", ""totalCurrency"": ""USD""}"
52,38,flight,"Alternative ECONOMY Flight: New York to Raleigh/Durham, Raleigh/Durham to New York (American Airlines)",423.08,off_0000B4GYGCzSyKK5Wyq1mF,"{""id"": ""off_0000B4GYGCzSyKK5Wyq1mF"", ""owner"": {""id"": ""arl_00009VME7DAGiJjwomhv32"", ""name"": ""American Airlines"", ""iata_code"": ""AA"", ""logo_lockup_url"": ""https://assets.duffel.com/img/airlines/for-light-background/full-color-lockup/AA.svg"", ""logo_symbol_url"": ""https://assets.duffel.com/img/airlines/for-light-background/full-color-logo/AA.svg"", ""conditions_of_carriage_url"": ""https://www.aa.com/i18n/customer-service/support/conditions-of-carriage.jsp""}, ""slices"": [{""id"": ""sli_0000B4GYGCzSyKK5Wyq1m9"", ""origin"": {""city"": ""New York"", ""iata"": ""JFK"", ""name"": ""John F. Kennedy International Airport""}, ""duration"": ""PT10H3M"", ""segments"": [{""id"": ""seg_0000B4GYGCzSyKK5Wyq1m7"", ""origin"": {""iata"": ""JFK"", ""name"": ""John F. Kennedy International Airport""}, ""carrier"": {""iata"": ""AA"", ""name"": ""American Airlines"", ""logoUrl"": ""https://assets.duffel.com/img/airlines/for-light-background/full-color-logo/AA.svg""}, ""aircraft"": ""Embraer 175"", ""baggages"": [{""type"": ""checked"", ""quantity"": 0}, {""type"": ""carry_on"", ""quantity"": 1}], ""arrivingAt"": ""2026-05-22T11:00:00"", ""cabinClass"": ""ECONOMY"", ""departingAt"": ""2026-05-22T09:23:00"", ""destination"": {""iata"": ""DCA"", ""name"": ""Ronald Reagan Washington National Airport""}, ""flightNumber"": ""4671""}, {""id"": ""seg_0000B4GYGCzSyKK5Wyq1m8"", ""origin"": {""iata"": ""DCA"", ""name"": ""Ronald Reagan Washington National Airport""}, ""carrier"": {""iata"": ""AA"", ""name"": ""American Airlines"", ""logoUrl"": ""https://assets.duffel.com/img/airlines/for-light-background/full-color-logo/AA.svg""}, ""aircraft"": ""Embraer 175"", ""baggages"": [{""type"": ""checked"", ""quantity"": 0}, {""type"": ""carry_on"", ""quantity"": 1}], ""arrivingAt"": ""2026-05-22T19:26:00"", ""cabinClass"": ""ECONOMY"", ""departingAt"": ""2026-05-22T18:00:00"", ""destination"": {""iata"": ""RDU"", ""name"": ""Raleigh–Durham International Airpor""}, ""flightNumber"": ""4029""}], ""destination"": {""city"": ""Raleigh/Durham"", ""iata"": ""RDU"", ""name"": ""Raleigh–Durham International Airpor""}}, {""id"": ""sli_0000B4GYGCzSyKK5Wyq1mD"", ""origin"": {""city"": ""Raleigh/Durham"", ""iata"": ""RDU"", ""name"": ""Raleigh–Durham International Airpor""}, ""duration"": ""PT7H29M"", ""segments"": [{""id"": ""seg_0000B4GYGCzSyKK5Wyq1mB"", ""origin"": {""iata"": ""RDU"", ""name"": ""Raleigh–Durham International Airpor""}, ""carrier"": {""iata"": ""AA"", ""name"": ""American Airlines"", ""logoUrl"": ""https://assets.duffel.com/img/airlines/for-light-background/full-color-logo/AA.svg""}, ""aircraft"": ""Boeing 737-800"", ""baggages"": [{""type"": ""checked"", ""quantity"": 0}, {""type"": ""carry_on"", ""quantity"": 1}], ""arrivingAt"": ""2026-06-15T19:45:00"", ""cabinClass"": ""ECONOMY"", ""departingAt"": ""2026-06-15T17:30:00"", ""destination"": {""iata"": ""MIA"", ""name"": ""Miami International Airport""}, ""flightNumber"": ""2406""}, {""id"": ""seg_0000B4GYGCzSyKK5Wyq1mC"", ""origin"": {""iata"": ""MIA"", ""name"": ""Miami International Airport""}, ""carrier"": {""iata"": ""AA"", ""name"": ""American Airlines"", ""logoUrl"": ""https://assets.duffel.com/img/airlines/for-light-background/full-color-logo/AA.svg""}, ""aircraft"": ""Boeing 737 MAX 8 / BBJ MAX 8/MAX200"", ""baggages"": [{""type"": ""checked"", ""quantity"": 0}, {""type"": ""carry_on"", ""quantity"": 1}], ""arrivingAt"": ""2026-06-16T00:59:00"", ""cabinClass"": ""ECONOMY"", ""departingAt"": ""2026-06-15T21:52:00"", ""destination"": {""iata"": ""JFK"", ""name"": ""John F. Kennedy International Airport""}, ""flightNumber"": ""0944""}], ""destination"": {""city"": ""New York"", ""iata"": ""JFK"", ""name"": ""John F. Kennedy International Airport""}}], ""expiresAt"": ""2026-03-15T01:50:40.000000Z"", ""passengers"": [{""id"": ""pas_0000B4GYFrYSfXFB392fGc"", ""age"": null, ""type"": ""adult"", ""fare_type"": null, ""given_name"": null, ""family_name"": null, ""loyalty_programme_accounts"": []}], ""totalAmount"": ""423.08"", ""totalCurrency"": ""USD""}"
43,31,flight,Economy Flight: STL to NYC,156.61,off_0000B4JVPgC90Q0pNV3jN6,"{""id"": ""off_0000B4JVPgC90Q0pNV3jN6"", ""owner"": {""id"": ""arl_00009VME7DAGiJjwomhv32"", ""name"": ""American Airlines"", ""iata_code"": ""AA"", ""logo_lockup_url"": ""https://assets.duffel.com/img/airlines/for-light-background/full-color-lockup/AA.svg"", ""logo_symbol_url"": ""https://assets.duffel.com/img/airlines/for-light-background/full-color-logo/AA.svg"", ""conditions_of_carriage_url"": ""https://www.aa.com/i18n/customer-service/support/conditions-of-carriage.jsp""}, ""slices"": [{""id"": ""sli_0000B4JVPgC90Q0pNV3jN4"", ""origin"": {""city"": ""St. Louis"", ""iata"": ""STL"", ""name"": ""St. Louis Lambert International Airport""}, ""duration"": ""PT2H28M"", ""segments"": [{""id"": ""seg_0000B4JVPgC90Q0pNV3jN3"", ""origin"": {""iata"": ""STL"", ""name"": ""St. Louis Lambert International Airport""}, ""carrier"": {""iata"": ""AA"", ""name"": ""American Airlines"", ""logoUrl"": ""https://assets.duffel.com/img/airlines/for-light-background/full-color-logo/AA.svg""}, ""aircraft"": ""Embraer 170"", ""baggages"": [{""type"": ""checked"", ""quantity"": 0}, {""type"": ""carry_on"", ""quantity"": 1}], ""arrivingAt"": ""2026-04-06T10:33:00"", ""cabinClass"": ""ECONOMY"", ""departingAt"": ""2026-04-06T07:05:00"", ""destination"": {""iata"": ""LGA"", ""name"": ""LaGuardia Airport""}, ""flightNumber"": ""4486""}], ""destination"": {""city"": ""New York"", ""iata"": ""LGA"", ""name"": ""LaGuardia Airport""}}], ""expiresAt"": ""2026-03-16T12:02:56.000000Z"", ""passengers"": [{""id"": ""pas_0000B4JVPYBqld1WYGrNnm"", ""age"": null, ""type"": ""adult"", ""fare_type"": null, ""given_name"": null, ""family_name"": null, ""loyalty_programme_accounts"": []}], ""totalAmount"": ""156.61"", ""searchParams"": {""origin"": ""STL"", ""cabinClass"": ""economy"", ""passengers"": 1, ""returnDate"": null, ""destination"": ""NYC"", ""departureDate"": ""2026-04-06""}, ""totalCurrency"": ""USD"", ""passengerIdentityDocumentsRequired"": false}"
53,39,other,Travel planning - details pending from concierge call,0.00,,
54,40,flight,Economy Flight: Chicago to Denver,32.99,off_0000B5XPY5OBjOxrHRWAMt,"{""id"": ""off_0000B5XPY5OBjOxrHRWAMt"", ""owner"": {""id"": ""arl_00009VME7DC2bj9quHXKpE"", ""name"": ""Frontier Airlines"", ""iata_code"": ""F9"", ""logo_lockup_url"": ""https://assets.duffel.com/img/airlines/for-light-background/full-color-lockup/F9.svg"", ""logo_symbol_url"": ""https://assets.duffel.com/img/airlines/for-light-background/full-color-logo/F9.svg"", ""conditions_of_carriage_url"": ""https://www.flyfrontier.com/legal/contract-of-carriage""}, ""slices"": [{""id"": ""sli_0000B5XPY5OBjOxrHRWAMr"", ""origin"": {""city"": ""Chicago"", ""iata"": ""ORD"", ""name"": ""O'Hare International Airport""}, ""duration"": ""PT3H7M"", ""segments"": [{""id"": ""seg_0000B5XPY5OBjOxrHRWAMq"", ""origin"": {""iata"": ""ORD"", ""name"": ""O'Hare International Airport""}, ""carrier"": {""iata"": ""F9"", ""name"": ""Frontier Airlines"", ""logoUrl"": ""https://assets.duffel.com/img/airlines/for-light-background/full-color-logo/F9.svg""}, ""aircraft"": ""Airbus A321"", ""baggages"": [{""type"": ""checked"", ""quantity"": 0}], ""arrivingAt"": ""2026-05-27T23:44:00"", ""cabinClass"": ""Economy"", ""departingAt"": ""2026-05-27T21:37:00"", ""destination"": {""iata"": ""DEN"", ""name"": ""Denver International Airport""}, ""flightNumber"": ""1483""}], ""destination"": {""city"": ""Denver"", ""iata"": ""DEN"", ""name"": ""Denver International Airport""}}], ""expiresAt"": ""2026-04-22T03:25:19.000198Z"", ""passengers"": [{""id"": ""pas_0000B5XPXz6x4ZbzoFPJfb"", ""age"": null, ""type"": ""adult"", ""fare_type"": null, ""given_name"": null, ""family_name"": null, ""loyalty_programme_accounts"": []}], ""totalAmount"": ""32.99"", ""totalCurrency"": ""USD""}"
55,40,flight,Alternative ECONOMY Flight: Chicago to Denver (American Airlines),79.27,off_0000B5XPY6PdvTiqSFCqHW,"{""id"": ""off_0000B5XPY6PdvTiqSFCqHW"", ""owner"": {""id"": ""arl_00009VME7DAGiJjwomhv32"", ""name"": ""American Airlines"", ""iata_code"": ""AA"", ""logo_lockup_url"": ""https://assets.duffel.com/img/airlines/for-light-background/full-color-lockup/AA.svg"", ""logo_symbol_url"": ""https://assets.duffel.com/img/airlines/for-light-background/full-color-logo/AA.svg"", ""conditions_of_carriage_url"": ""https://www.aa.com/i18n/customer-service/support/conditions-of-carriage.jsp""}, ""slices"": [{""id"": ""sli_0000B5XPY6PdvTiqSFCqHS"", ""origin"": {""city"": ""Chicago"", ""iata"": ""ORD"", ""name"": ""O'Hare International Airport""}, ""duration"": ""PT2H39M"", ""segments"": [{""id"": ""seg_0000B5XPY6PdvTiqSFCqHQ"", ""origin"": {""iata"": ""ORD"", ""name"": ""O'Hare International Airport""}, ""carrier"": {""iata"": ""AA"", ""name"": ""American Airlines"", ""logoUrl"": ""https://assets.duffel.com/img/airlines/for-light-background/full-color-logo/AA.svg""}, ""aircraft"": ""Airbus A319"", ""baggages"": [{""type"": ""checked"", ""quantity"": 0}, {""type"": ""carry_on"", ""quantity"": 1}], ""arrivingAt"": ""2026-05-27T08:24:00"", ""cabinClass"": ""ECONOMY"", ""departingAt"": ""2026-05-27T06:45:00"", ""destination"": {""iata"": ""DEN"", ""name"": ""Denver International Airport""}, ""flightNumber"": ""1747""}], ""destination"": {""city"": ""Denver"", ""iata"": ""DEN"", ""name"": ""Denver International Airport""}}], ""expiresAt"": ""2026-04-22T02:55:18.000000Z"", ""passengers"": [{""id"": ""pas_0000B5XPXz6x4ZbzoFPJfb"", ""age"": null, ""type"": ""adult"", ""fare_type"": null, ""given_name"": null, ""family_name"": null, ""loyalty_programme_accounts"": []}], ""totalAmount"": ""79.27"", ""totalCurrency"": ""USD""}"
56,43,flight,Economy Flight: Newark to New York,331.21,off_0000B5YsA8hjELelDxuORk,"{""id"": ""off_0000B5YsA8hjELelDxuORk"", ""owner"": {""id"": ""arl_00009VME7DAch01WpssCcN"", ""name"": ""Alaska Airlines"", ""iata_code"": ""AS"", ""logo_lockup_url"": ""https://assets.duffel.com/img/airlines/for-light-background/full-color-lockup/AS.svg"", ""logo_symbol_url"": ""https://assets.duffel.com/img/airlines/for-light-background/full-color-logo/AS.svg"", ""conditions_of_carriage_url"": ""https://www.alaskaair.com/content/legal/contract-of-carriage/rule-1""}, ""slices"": [{""id"": ""sli_0000B5YsA8hjELelDxuORf"", ""origin"": {""city"": ""Newark"", ""iata"": ""EWR"", ""name"": ""Newark Liberty International Airport""}, ""duration"": ""PT13H32M"", ""segments"": [{""id"": ""seg_0000B5YsA8hjELelDxuORb"", ""origin"": {""iata"": ""EWR"", ""name"": ""Newark Liberty International Airport""}, ""carrier"": {""iata"": ""AS"", ""name"": ""Alaska Airlines"", ""logoUrl"": ""https://assets.duffel.com/img/airlines/for-light-background/full-color-logo/AS.svg""}, ""aircraft"": ""Boeing 737 MAX 9 / BBJ MAX 9"", ""baggages"": [{""type"": ""carry_on"", ""quantity"": 1}], ""arrivingAt"": ""2026-05-06T19:40:00"", ""cabinClass"": ""Economy"", ""departingAt"": ""2026-05-06T16:31:00"", ""destination"": {""iata"": ""SAN"", ""name"": ""San Diego International Airport""}, ""flightNumber"": ""0573""}, {""id"": ""seg_0000B5YsA8hjELelDxuORc"", ""origin"": {""iata"": ""SAN"", ""name"": ""San Diego International Airport""}, ""carrier"": {""iata"": ""AS"", ""name"": ""Alaska Airlines"", ""logoUrl"": ""https://assets.duffel.com/img/airlines/for-light-background/full-color-logo/AS.svg""}, ""aircraft"": ""Boeing 737-800 (winglets)/BBJ2"", ""baggages"": [{""type"": ""carry_on"", ""quantity"": 1}], ""arrivingAt"": ""2026-05-07T06:03:00"", ""cabinClass"": ""Economy"", ""departingAt"": ""2026-05-06T21:25:00"", ""destination"": {""iata"": ""JFK"", ""name"": ""John F. Kennedy International Airport""}, ""flightNumber"": ""0036""}], ""destination"": {""city"": ""New York"", ""iata"": ""JFK"", ""name"": ""John F. Kennedy International Airport""}}], ""expiresAt"": ""2026-04-22T20:20:38.751068Z"", ""enrichment"": {""owner"": {""iata"": ""AS"", ""name"": ""Alaska Airlines""}, ""baggage"": [{""type"": ""carry_on"", ""quantity"": 1, ""weightUnit"": null, ""weightValue"": null}], ""fareBrand"": ""QH4OXVBN"", ""cabinClass"": ""Economy"", ""conditions"": {""refundable"": null, ""changeBeforeDeparture"": {""allowed"": null, ""description"": ""Changes before departure: subject to airline policy"", ""penaltyAmount"": null, ""penaltyCurrency"": null}, ""refundBeforeDeparture"": {""allowed"": null, ""description"": ""Refunds before departure: subject to airline policy"", ""penaltyAmount"": null, ""penaltyCurrency"": null}}, ""seatSelection"": {""available"": null, ""feeAmount"": null, ""description"": ""Seat selection details available at check-in"", ""feeCurrency"": null}, ""baggageSummary"": ""1× carry on"", ""fareConditionsText"": [""Changes before departure: subject to airline policy"", ""Refunds before departure: subject to airline policy"", ""Seat selection details available at check-in"", ""Baggage: 1× carry on""], ""paymentRequirements"": {""paymentRequiredBy"": ""2026-04-23T03:59:00Z"", ""requiresInstantPayment"": false}}, ""passengers"": [{""id"": ""pas_0000B5YsA4X614WxFi54Us"", ""age"": null, ""type"": ""adult"", ""fare_type"": null, ""given_name"": null, ""family_name"": null, ""loyalty_programme_accounts"": []}], ""totalAmount"": ""331.21"", ""totalCurrency"": ""USD""}"
57,43,flight,Alternative Economy Flight: Newark to New York (Alaska Airlines),331.20,off_0000B5YsA8h1Gz5bBlZpLO,"{""id"": ""off_0000B5YsA8h1Gz5bBlZpLO"", ""owner"": {""id"": ""arl_00009VME7DAch01WpssCcN"", ""name"": ""Alaska Airlines"", ""iata_code"": ""AS"", ""logo_lockup_url"": ""https://assets.duffel.com/img/airlines/for-light-background/full-color-lockup/AS.svg"", ""logo_symbol_url"": ""https://assets.duffel.com/img/airlines/for-light-background/full-color-logo/AS.svg"", ""conditions_of_carriage_url"": ""https://www.alaskaair.com/content/legal/contract-of-carriage/rule-1""}, ""slices"": [{""id"": ""sli_0000B5YsA8h1Gz5bBlZpLK"", ""origin"": {""city"": ""Newark"", ""iata"": ""EWR"", ""name"": ""Newark Liberty International Airport""}, ""duration"": ""PT13H36M"", ""segments"": [{""id"": ""seg_0000B5YsA8h1Gz5bBlZpLG"", ""origin"": {""iata"": ""EWR"", ""name"": ""Newark Liberty International Airport""}, ""carrier"": {""iata"": ""AS"", ""name"": ""Alaska Airlines"", ""logoUrl"": ""https://assets.duffel.com/img/airlines/for-light-background/full-color-logo/AS.svg""}, ""aircraft"": ""Boeing 737 MAX 9 / BBJ MAX 9"", ""baggages"": [{""type"": ""carry_on"", ""quantity"": 1}], ""arrivingAt"": ""2026-05-06T21:56:00"", ""cabinClass"": ""Economy"", ""departingAt"": ""2026-05-06T18:23:00"", ""destination"": {""iata"": ""SFO"", ""name"": ""San Francisco International Airport""}, ""flightNumber"": ""0293""}, {""id"": ""seg_0000B5YsA8h1Gz5bBlZpLJ"", ""origin"": {""iata"": ""SFO"", ""name"": ""San Francisco International Airport""}, ""carrier"": {""iata"": ""AS"", ""name"": ""Alaska Airlines"", ""logoUrl"": ""https://assets.duffel.com/img/airlines/for-light-background/full-color-logo/AS.svg""}, ""aircraft"": ""Boeing 737 MAX 9 / BBJ MAX 9"", ""baggages"": [{""type"": ""carry_on"", ""quantity"": 1}], ""arrivingAt"": ""2026-05-07T07:59:00"", ""cabinClass"": ""Economy"", ""departingAt"": ""2026-05-06T23:11:00"", ""destination"": {""iata"": ""JFK"", ""name"": ""John F. Kennedy International Airport""}, ""flightNumber"": ""0042""}], ""destination"": {""city"": ""New York"", ""iata"": ""JFK"", ""name"": ""John F. Kennedy International Airport""}}], ""expiresAt"": ""2026-04-22T20:20:38.749683Z"", ""enrichment"": {""owner"": {""iata"": ""AS"", ""name"": ""Alaska Airlines""}, ""baggage"": [{""type"": ""carry_on"", ""quantity"": 1, ""weightUnit"": null, ""weightValue"": null}], ""fareBrand"": ""OH4OAVBN"", ""cabinClass"": ""Economy"", ""conditions"": {""refundable"": null, ""changeBeforeDeparture"": {""allowed"": null, ""description"": ""Changes before departure: subject to airline policy"", ""penaltyAmount"": null, ""penaltyCurrency"": null}, ""refundBeforeDeparture"": {""allowed"": null, ""description"": ""Refunds before departure: subject to airline policy"", ""penaltyAmount"": null, ""penaltyCurrency"": null}}, ""seatSelection"": {""available"": null, ""feeAmount"": null, ""description"": ""Seat selection details available at check-in"", ""feeCurrency"": null}, ""baggageSummary"": ""1× carry on"", ""fareConditionsText"": [""Changes before departure: subject to airline policy"", ""Refunds before departure: subject to airline policy"", ""Seat selection details available at check-in"", ""Baggage: 1× carry on""], ""paymentRequirements"": {""paymentRequiredBy"": ""2026-04-23T03:59:00Z"", ""requiresInstantPayment"": false}}, ""passengers"": [{""id"": ""pas_0000B5YsA4X614WxFi54Us"", ""age"": null, ""type"": ""adult"", ""fare_type"": null, ""given_name"": null, ""family_name"": null, ""loyalty_programme_accounts"": []}], ""totalAmount"": ""331.20"", ""totalCurrency"": ""USD""}"
59,44,flight,"Alternative First Flight: Boston to Burbank, Ontario to Boston (Alaska Airlines)",2095.39,off_0000B5ayx17FxTMxvkYjb4,"{""id"": ""off_0000B5ayx17FxTMxvkYjb4"", ""owner"": {""id"": ""arl_00009VME7DAch01WpssCcN"", ""name"": ""Alaska Airlines"", ""iata_code"": ""AS"", ""logo_lockup_url"": ""https://assets.duffel.com/img/airlines/for-light-background/full-color-lockup/AS.svg"", ""logo_symbol_url"": ""https://assets.duffel.com/img/airlines/for-light-background/full-color-logo/AS.svg"", ""conditions_of_carriage_url"": ""https://www.alaskaair.com/content/legal/contract-of-carriage/rule-1""}, ""slices"": [{""id"": ""sli_0000B5ayx17FxTMxvkYjay"", ""origin"": {""city"": ""Boston"", ""iata"": ""BOS"", ""name"": ""General Edward Lawrence Logan International Airport""}, ""duration"": ""PT10H16M"", ""segments"": [{""id"": ""seg_0000B5ayx17FxTMxvkYjaw"", ""origin"": {""iata"": ""BOS"", ""name"": ""General Edward Lawrence Logan International Airport""}, ""carrier"": {""iata"": ""AS"", ""name"": ""Alaska Airlines"", ""logoUrl"": ""https://assets.duffel.com/img/airlines/for-light-background/full-color-logo/AS.svg""}, ""aircraft"": ""Boeing 737-900 (winglets)/BBJ3"", ""baggages"": [{""type"": ""checked"", ""quantity"": 2}, {""type"": ""carry_on"", ""quantity"": 1}], ""arrivingAt"": ""2026-05-20T09:11:00"", ""cabinClass"": ""First"", ""departingAt"": ""2026-05-20T06:00:00"", ""destination"": {""iata"": ""PDX"", ""name"": ""Portland International Airport""}, ""flightNumber"": ""0311""}, {""id"": ""seg_0000B5ayx17FxTMxvkYjax"", ""origin"": {""iata"": ""PDX"", ""name"": ""Portland International Airport""}, ""carrier"": {""iata"": ""AS"", ""name"": ""Alaska Airlines"", ""logoUrl"": ""https://assets.duffel.com/img/airlines/for-light-background/full-color-logo/AS.svg""}, ""aircraft"": ""Boeing 737-800 (winglets)/BBJ2"", ""baggages"": [{""type"": ""checked"", ""quantity"": 2}, {""type"": ""carry_on"", ""quantity"": 1}], ""arrivingAt"": ""2026-05-20T13:16:00"", ""cabinClass"": ""First"", ""departingAt"": ""2026-05-20T10:49:00"", ""destination"": {""iata"": ""BUR"", ""name"": ""Hollywood Burbank Airport""}, ""flightNumber"": ""0493""}], ""destination"": {""city"": ""Burbank"", ""iata"": ""BUR"", ""name"": ""Hollywood Burbank Airport""}}, {""id"": ""sli_0000B5ayx17FxTMxvkYjb2"", ""origin"": {""city"": ""Ontario"", ""iata"": ""ONT"", ""name"": ""Ontario International Airport""}, ""duration"": ""PT9H23M"", ""segments"": [{""id"": ""seg_0000B5ayx17FxTMxvkYjb0"", ""origin"": {""iata"": ""ONT"", ""name"": ""Ontario International Airport""}, ""carrier"": {""iata"": ""AS"", ""name"": ""Alaska Airlines"", ""logoUrl"": ""https://assets.duffel.com/img/airlines/for-light-background/full-color-logo/AS.svg""}, ""aircraft"": ""Embraer 175"", ""baggages"": [{""type"": ""checked"", ""quantity"": 2}, {""type"": ""carry_on"", ""quantity"": 1}], ""arrivingAt"": ""2026-05-27T20:21:00"", ""cabinClass"": ""First"", ""departingAt"": ""2026-05-27T17:57:00"", ""destination"": {""iata"": ""PDX"", ""name"": ""Portland International Airport""}, ""flightNumber"": ""2199""}, {""id"": ""seg_0000B5ayx17FxTMxvkYjb1"", ""origin"": {""iata"": ""PDX"", ""name"": ""Portland International Airport""}, ""carrier"": {""iata"": ""AS"", ""name"": ""Alaska Airlines"", ""logoUrl"": ""https://assets.duffel.com/img/airlines/for-light-background/full-color-logo/AS.svg""}, ""aircraft"": ""Boeing 737-900 (winglets)/BBJ3"", ""baggages"": [{""type"": ""checked"", ""quantity"": 2}, {""type"": ""carry_on"", ""quantity"": 1}], ""arrivingAt"": ""2026-05-28T06:20:00"", ""cabinClass"": ""First"", ""departingAt"": ""2026-05-27T21:46:00"", ""destination"": {""iata"": ""BOS"", ""name"": ""General Edward Lawrence Logan International Airport""}, ""flightNumber"": ""0436""}], ""destination"": {""city"": ""Boston"", ""iata"": ""BOS"", ""name"": ""General Edward Lawrence Logan International Airport""}}], ""expiresAt"": ""2026-04-23T20:46:07.856809Z"", ""enrichment"": {""owner"": {""iata"": ""AS"", ""name"": ""Alaska Airlines""}, ""baggage"": [{""type"": ""checked"", ""quantity"": 2, ""weightUnit"": null, ""weightValue"": null}, {""type"": ""carry_on"", ""quantity"": 1, ""weightUnit"": null, ""weightValue"": null}], ""fareBrand"": ""KH0OASFN"", ""cabinClass"": ""First"", ""conditions"": {""refundable"": null, ""changeBeforeDeparture"": {""allowed"": null, ""description"": ""Changes before departure: subject to airline policy"", ""penaltyAmount"": null, ""penaltyCurrency"": null}, ""refundBeforeDeparture"": {""allowed"": null, ""description"": ""Refunds before departure: subject to airline policy"", ""penaltyAmount"": null, ""penaltyCurrency"": null}}, ""seatSelection"": {""available"": null, ""feeAmount"": null, ""description"": ""Seat selection details available at check-in"", ""feeCurrency"": null}, ""baggageSummary"": ""2× checked, 1× carry on"", ""fareConditionsText"": [""Changes before departure: subject to airline policy"", ""Refunds before departure: subject to airline policy"", ""Seat selection details available at check-in"", ""Baggage: 2× checked, 1× carry on""], ""paymentRequirements"": {""paymentRequiredBy"": ""2026-04-24T19:46:07.856777Z"", ""requiresInstantPayment"": false}}, ""passengers"": [{""id"": ""pas_0000B5aywnLzqutX3D2jbs"", ""age"": null, ""type"": ""adult"", ""fare_type"": null, ""given_name"": null, ""family_name"": null, ""loyalty_programme_accounts"": []}], ""totalAmount"": ""2095.39"", ""totalCurrency"": ""USD""}"
58,44,flight,First Class Flight: BOS to LAX,1497.79,off_0000B5b710e2S3ehGDJ7vc,"{""id"": ""off_0000B5b710e2S3ehGDJ7vc"", ""owner"": {""id"": ""arl_00009VME7DAGiJjwomhv32"", ""name"": ""American Airlines"", ""iata_code"": ""AA"", ""logo_lockup_url"": ""https://assets.duffel.com/img/airlines/for-light-background/full-color-lockup/AA.svg"", ""logo_symbol_url"": ""https://assets.duffel.com/img/airlines/for-light-background/full-color-logo/AA.svg"", ""conditions_of_carriage_url"": ""https://www.aa.com/i18n/customer-service/support/conditions-of-carriage.jsp""}, ""slices"": [{""id"": ""sli_0000B5b710e2S3ehGDJ7vW"", ""origin"": {""city"": ""Boston"", ""iata"": ""BOS"", ""name"": ""General Edward Lawrence Logan International Airport""}, ""duration"": ""PT9H1M"", ""segments"": [{""id"": ""seg_0000B5b710e2S3ehGDJ7vU"", ""origin"": {""iata"": ""BOS"", ""name"": ""General Edward Lawrence Logan International Airport""}, ""carrier"": {""iata"": ""AA"", ""name"": ""American Airlines"", ""logoUrl"": ""https://assets.duffel.com/img/airlines/for-light-background/full-color-logo/AA.svg""}, ""aircraft"": ""Airbus A319"", ""baggages"": [{""type"": ""checked"", ""quantity"": 2}, {""type"": ""carry_on"", ""quantity"": 1}], ""arrivingAt"": ""2026-05-20T18:13:00"", ""cabinClass"": ""FIRST"", ""departingAt"": ""2026-05-20T15:59:00"", ""destination"": {""iata"": ""ORD"", ""name"": ""O'Hare International Airport""}, ""flightNumber"": ""2390""}, {""id"": ""seg_0000B5b710e2S3ehGDJ7vV"", ""origin"": {""iata"": ""ORD"", ""name"": ""O'Hare International Airport""}, ""carrier"": {""iata"": ""AA"", ""name"": ""American Airlines"", ""logoUrl"": ""https://assets.duffel.com/img/airlines/for-light-background/full-color-logo/AA.svg""}, ""aircraft"": ""Airbus A321"", ""baggages"": [{""type"": ""checked"", ""quantity"": 2}, {""type"": ""carry_on"", ""quantity"": 1}], ""arrivingAt"": ""2026-05-20T22:00:00"", ""cabinClass"": ""FIRST"", ""departingAt"": ""2026-05-20T19:21:00"", ""destination"": {""iata"": ""LAX"", ""name"": ""Los Angeles International Airport""}, ""flightNumber"": ""2608""}], ""destination"": {""city"": ""Los Angeles"", ""iata"": ""LAX"", ""name"": ""Los Angeles International Airport""}}, {""id"": ""sli_0000B5b710e2S3ehGDJ7va"", ""origin"": {""city"": ""Los Angeles"", ""iata"": ""LAX"", ""name"": ""Los Angeles International Airport""}, ""duration"": ""PT7H42M"", ""segments"": [{""id"": ""seg_0000B5b710e2S3ehGDJ7vY"", ""origin"": {""iata"": ""LAX"", ""name"": ""Los Angeles International Airport""}, ""carrier"": {""iata"": ""AA"", ""name"": ""American Airlines"", ""logoUrl"": ""https://assets.duffel.com/img/airlines/for-light-background/full-color-logo/AA.svg""}, ""aircraft"": ""Boeing 737 MAX 8 / BBJ MAX 8/MAX200"", ""baggages"": [{""type"": ""checked"", ""quantity"": 2}, {""type"": ""carry_on"", ""quantity"": 1}], ""arrivingAt"": ""2026-05-28T04:57:00"", ""cabinClass"": ""FIRST"", ""departingAt"": ""2026-05-27T22:45:00"", ""destination"": {""iata"": ""ORD"", ""name"": ""O'Hare International Airport""}, ""flightNumber"": ""1009""}, {""id"": ""seg_0000B5b710e2S3ehGDJ7vZ"", ""origin"": {""iata"": ""ORD"", ""name"": ""O'Hare International Airport""}, ""carrier"": {""iata"": ""AA"", ""name"": ""American Airlines"", ""logoUrl"": ""https://assets.duffel.com/img/airlines/for-light-background/full-color-logo/AA.svg""}, ""aircraft"": ""Airbus A319"", ""baggages"": [{""type"": ""checked"", ""quantity"": 2}, {""type"": ""carry_on"", ""quantity"": 1}], ""arrivingAt"": ""2026-05-28T09:27:00"", ""cabinClass"": ""FIRST"", ""departingAt"": ""2026-05-28T06:00:00"", ""destination"": {""iata"": ""BOS"", ""name"": ""General Edward Lawrence Logan International Airport""}, ""flightNumber"": ""2968""}], ""destination"": {""city"": ""Boston"", ""iata"": ""BOS"", ""name"": ""General Edward Lawrence Logan International Airport""}}], ""expiresAt"": ""2026-04-23T21:46:25.000000Z"", ""passengers"": [{""id"": ""pas_0000B5b70bC5EkSmrLa0hl"", ""age"": null, ""type"": ""adult"", ""fare_type"": null, ""given_name"": null, ""family_name"": null, ""loyalty_programme_accounts"": []}], ""totalAmount"": ""1497.79"", ""searchParams"": {""origin"": ""BOS"", ""cabinClass"": ""first"", ""passengers"": 1, ""returnDate"": ""2026-05-27"", ""destination"": ""LAX"", ""departureDate"": ""2026-05-20""}, ""totalCurrency"": ""USD"", ""passengerIdentityDocumentsRequired"": false}"
60,45,other,Travel planning - details pending from concierge call,0.00,,
61,46,flight,"Economy Flight: Indianapolis to Portland, Portland to Indianapolis",472.40,off_0000B5bRNNzdaNhyzsgduH,"{""id"": ""off_0000B5bRNNzdaNhyzsgduH"", ""owner"": {""id"": ""arl_00009VME7DAch01WpssCcN"", ""name"": ""Alaska Airlines"", ""iata_code"": ""AS"", ""logo_lockup_url"": ""https://assets.duffel.com/img/airlines/for-light-background/full-color-lockup/AS.svg"", ""logo_symbol_url"": ""https://assets.duffel.com/img/airlines/for-light-background/full-color-logo/AS.svg"", ""conditions_of_carriage_url"": ""https://www.alaskaair.com/content/legal/contract-of-carriage/rule-1""}, ""slices"": [{""id"": ""sli_0000B5bRNNzdaNhyzsgduB"", ""origin"": {""city"": ""Indianapolis"", ""iata"": ""IND"", ""name"": ""Indianapolis International Airport""}, ""duration"": ""PT9H16M"", ""segments"": [{""id"": ""seg_0000B5bRNNzdaNhyzsgdu9"", ""origin"": {""iata"": ""IND"", ""name"": ""Indianapolis International Airport""}, ""carrier"": {""iata"": ""AS"", ""name"": ""Alaska Airlines"", ""logoUrl"": ""https://assets.duffel.com/img/airlines/for-light-background/full-color-logo/AS.svg""}, ""aircraft"": ""Boeing 737-800"", ""baggages"": [{""type"": ""carry_on"", ""quantity"": 1}], ""arrivingAt"": ""2026-05-13T08:57:00"", ""cabinClass"": ""Economy"", ""departingAt"": ""2026-05-13T07:15:00"", ""destination"": {""iata"": ""LAX"", ""name"": ""Los Angeles International Airport""}, ""flightNumber"": ""6003""}, {""id"": ""seg_0000B5bRNNzdaNhyzsgduA"", ""origin"": {""iata"": ""LAX"", ""name"": ""Los Angeles International Airport""}, ""carrier"": {""iata"": ""AS"", ""name"": ""Alaska Airlines"", ""logoUrl"": ""https://assets.duffel.com/img/airlines/for-light-background/full-color-logo/AS.svg""}, ""aircraft"": ""Boeing 737-900 (winglets)/BBJ3"", ""baggages"": [{""type"": ""carry_on"", ""quantity"": 1}], ""arrivingAt"": ""2026-05-13T13:31:00"", ""cabinClass"": ""Economy"", ""departingAt"": ""2026-05-13T11:00:00"", ""destination"": {""iata"": ""PDX"", ""name"": ""Portland International Airport""}, ""flightNumber"": ""1355""}], ""destination"": {""city"": ""Portland"", ""iata"": ""PDX"", ""name"": ""Portland International Airport""}}, {""id"": ""sli_0000B5bRNNzdaNhyzsgduF"", ""origin"": {""city"": ""Portland"", ""iata"": ""PDX"", ""name"": ""Portland International Airport""}, ""duration"": ""PT10H46M"", ""segments"": [{""id"": ""seg_0000B5bRNNzdaNhyzsgduD"", ""origin"": {""iata"": ""PDX"", ""name"": ""Portland International Airport""}, ""carrier"": {""iata"": ""AS"", ""name"": ""Alaska Airlines"", ""logoUrl"": ""https://assets.duffel.com/img/airlines/for-light-background/full-color-logo/AS.svg""}, ""aircraft"": ""Boeing 737-900 (winglets)/BBJ3"", ""baggages"": [{""type"": ""carry_on"", ""quantity"": 1}], ""arrivingAt"": ""2026-08-20T13:12:00"", ""cabinClass"": ""Economy"", ""departingAt"": ""2026-08-20T10:30:00"", ""destination"": {""iata"": ""LAX"", ""name"": ""Los Angeles International Airport""}, ""flightNumber"": ""0695""}, {""id"": ""seg_0000B5bRNNzdaNhyzsgduE"", ""origin"": {""iata"": ""LAX"", ""name"": ""Los Angeles International Airport""}, ""carrier"": {""iata"": ""AS"", ""name"": ""Alaska Airlines"", ""logoUrl"": ""https://assets.duffel.com/img/airlines/for-light-background/full-color-logo/AS.svg""}, ""aircraft"": ""Boeing 737-800"", ""baggages"": [{""type"": ""carry_on"", ""quantity"": 1}], ""arrivingAt"": ""2026-08-21T00:16:00"", ""cabinClass"": ""Economy"", ""departingAt"": ""2026-08-20T17:00:00"", ""destination"": {""iata"": ""IND"", ""name"": ""Indianapolis International Airport""}, ""flightNumber"": ""4668""}], ""destination"": {""city"": ""Indianapolis"", ""iata"": ""IND"", ""name"": ""Indianapolis International Airport""}}], ""expiresAt"": ""2026-04-24T02:04:38.277197Z"", ""enrichment"": {""owner"": {""iata"": ""AS"", ""name"": ""Alaska Airlines""}, ""baggage"": [{""type"": ""carry_on"", ""quantity"": 1, ""weightUnit"": null, ""weightValue"": null}], ""fareBrand"": ""GH4ODKMN"", ""cabinClass"": ""Economy"", ""conditions"": {""refundable"": null, ""changeBeforeDeparture"": {""allowed"": null, ""description"": ""Changes before departure: subject to airline policy"", ""penaltyAmount"": null, ""penaltyCurrency"": null}, ""refundBeforeDeparture"": {""allowed"": null, ""description"": ""Refunds before departure: subject to airline policy"", ""penaltyAmount"": null, ""penaltyCurrency"": null}}, ""seatSelection"": {""available"": null, ""feeAmount"": null, ""description"": ""Seat selection details available at check-in"", ""feeCurrency"": null}, ""baggageSummary"": ""1× carry on"", ""fareConditionsText"": [""Changes before departure: subject to airline policy"", ""Refunds before departure: subject to airline policy"", ""Seat selection details available at check-in"", ""Baggage: 1× carry on""], ""paymentRequirements"": {""paymentRequiredBy"": ""2026-04-24T03:59:00Z"", ""requiresInstantPayment"": false}}, ""passengers"": [{""id"": ""pas_0000B5bRNHVdh09Ct6bbIy"", ""age"": null, ""type"": ""adult"", ""fare_type"": null, ""given_name"": null, ""family_name"": null, ""loyalty_programme_accounts"": []}], ""totalAmount"": ""472.40"", ""totalCurrency"": ""USD""}"
62,46,flight,"Alternative ECONOMY Flight: Indianapolis to Portland, Portland to Indianapolis (American Airlines)",504.39,off_0000B5bRNd0Bmc3vXw3nLS,"{""id"": ""off_0000B5bRNd0Bmc3vXw3nLS"", ""owner"": {""id"": ""arl_00009VME7DAGiJjwomhv32"", ""name"": ""American Airlines"", ""iata_code"": ""AA"", ""logo_lockup_url"": ""https://assets.duffel.com/img/airlines/for-light-background/full-color-lockup/AA.svg"", ""logo_symbol_url"": ""https://assets.duffel.com/img/airlines/for-light-background/full-color-logo/AA.svg"", ""conditions_of_carriage_url"": ""https://www.aa.com/i18n/customer-service/support/conditions-of-carriage.jsp""}, ""slices"": [{""id"": ""sli_0000B5bRNd0Bmc3vXw3nLM"", ""origin"": {""city"": ""Indianapolis"", ""iata"": ""IND"", ""name"": ""Indianapolis International Airport""}, ""duration"": ""PT8H1M"", ""segments"": [{""id"": ""seg_0000B5bRNd0Bmc3vXw3nLK"", ""origin"": {""iata"": ""IND"", ""name"": ""Indianapolis International Airport""}, ""carrier"": {""iata"": ""AA"", ""name"": ""American Airlines"", ""logoUrl"": ""https://assets.duffel.com/img/airlines/for-light-background/full-color-logo/AA.svg""}, ""aircraft"": ""Boeing 737-800"", ""baggages"": [{""type"": ""checked"", ""quantity"": 0}, {""type"": ""carry_on"", ""quantity"": 1}], ""arrivingAt"": ""2026-05-13T07:38:00"", ""cabinClass"": ""ECONOMY"", ""departingAt"": ""2026-05-13T06:00:00"", ""destination"": {""iata"": ""DFW"", ""name"": ""Dallas/Fort Worth International Airport""}, ""flightNumber"": ""2782""}, {""id"": ""seg_0000B5bRNd0Bmc3vXw3nLL"", ""origin"": {""iata"": ""DFW"", ""name"": ""Dallas/Fort Worth International Airport""}, ""carrier"": {""iata"": ""AA"", ""name"": ""American Airlines"", ""logoUrl"": ""https://assets.duffel.com/img/airlines/for-light-background/full-color-logo/AA.svg""}, ""aircraft"": ""Airbus A321"", ""baggages"": [{""type"": ""checked"", ""quantity"": 0}, {""type"": ""carry_on"", ""quantity"": 1}], ""arrivingAt"": ""2026-05-13T11:01:00"", ""cabinClass"": ""ECONOMY"", ""departingAt"": ""2026-05-13T08:59:00"", ""destination"": {""iata"": ""PDX"", ""name"": ""Portland International Airport""}, ""flightNumber"": ""2519""}], ""destination"": {""city"": ""Portland"", ""iata"": ""PDX"", ""name"": ""Portland International Airport""}}, {""id"": ""sli_0000B5bRNd0Bmc3vXw3nLQ"", ""origin"": {""city"": ""Portland"", ""iata"": ""PDX"", ""name"": ""Portland International Airport""}, ""duration"": ""PT7H2M"", ""segments"": [{""id"": ""seg_0000B5bRNd0Bmc3vXw3nLO"", ""origin"": {""iata"": ""PDX"", ""name"": ""Portland International Airport""}, ""carrier"": {""iata"": ""AA"", ""name"": ""American Airlines"", ""logoUrl"": ""https://assets.duffel.com/img/airlines/for-light-background/full-color-logo/AA.svg""}, ""aircraft"": ""Airbus A320"", ""baggages"": [{""type"": ""checked"", ""quantity"": 0}, {""type"": ""carry_on"", ""quantity"": 1}], ""arrivingAt"": ""2026-08-20T07:50:00"", ""cabinClass"": ""ECONOMY"", ""departingAt"": ""2026-08-20T05:15:00"", ""destination"": {""iata"": ""PHX"", ""name"": ""Phoenix Sky Harbor International Airport""}, ""flightNumber"": ""2658""}, {""id"": ""seg_0000B5bRNd0Bmc3vXw3nLP"", ""origin"": {""iata"": ""PHX"", ""name"": ""Phoenix Sky Harbor International Airport""}, ""carrier"": {""iata"": ""AA"", ""name"": ""American Airlines"", ""logoUrl"": ""https://assets.duffel.com/img/airlines/for-light-background/full-color-logo/AA.svg""}, ""aircraft"": ""Boeing 737-800"", ""baggages"": [{""type"": ""checked"", ""quantity"": 0}, {""type"": ""carry_on"", ""quantity"": 1}], ""arrivingAt"": ""2026-08-20T15:17:00"", ""cabinClass"": ""ECONOMY"", ""departingAt"": ""2026-08-20T08:39:00"", ""destination"": {""iata"": ""IND"", ""name"": ""Indianapolis International Airport""}, ""flightNumber"": ""2954""}], ""destination"": {""city"": ""Indianapolis"", ""iata"": ""IND"", ""name"": ""Indianapolis International Airport""}}], ""expiresAt"": ""2026-04-24T01:34:37.000000Z"", ""enrichment"": {""owner"": {""iata"": ""AA"", ""name"": ""American Airlines""}, ""baggage"": [{""type"": ""checked"", ""quantity"": 0, ""weightUnit"": null, ""weightValue"": null}, {""type"": ""carry_on"", ""quantity"": 1, ""weightUnit"": null, ""weightValue"": null}], ""fareBrand"": ""GUAIZNBZ"", ""cabinClass"": ""ECONOMY"", ""conditions"": {""refundable"": false, ""changeBeforeDeparture"": {""allowed"": false, ""description"": ""Changes before departure: not allowed"", ""penaltyAmount"": null, ""penaltyCurrency"": null}, ""refundBeforeDeparture"": {""allowed"": false, ""description"": ""Refunds before departure: not allowed"", ""penaltyAmount"": null, ""penaltyCurrency"": null}}, ""seatSelection"": {""available"": null, ""feeAmount"": null, ""description"": ""Seat selection details available at check-in"", ""feeCurrency"": null}, ""baggageSummary"": ""0× checked, 1× carry on"", ""fareConditionsText"": [""Changes before departure: not allowed"", ""Refunds before departure: not allowed"", ""Seat selection details available at check-in"", ""Baggage: 0× checked, 1× carry on""], ""paymentRequirements"": {""paymentRequiredBy"": ""2026-04-25T21:59:00Z"", ""requiresInstantPayment"": false}}, ""passengers"": [{""id"": ""pas_0000B5bRNHVdh09Ct6bbIy"", ""age"": null, ""type"": ""adult"", ""fare_type"": null, ""given_name"": null, ""family_name"": null, ""loyalty_programme_accounts"": []}], ""totalAmount"": ""504.39"", ""totalCurrency"": ""USD""}"
64,48,other,Travel planning - details pending from concierge call,0.00,,
65,49,flight,"Economy Flight: New York to Denver, Denver to New York",649.96,off_0000B5bWFYcpZCbW5hJubw,"{""id"": ""off_0000B5bWFYcpZCbW5hJubw"", ""owner"": {""id"": ""arl_00009VME7DC2bj9quHXKpE"", ""name"": ""Frontier Airlines"", ""iata_code"": ""F9"", ""logo_lockup_url"": ""https://assets.duffel.com/img/airlines/for-light-background/full-color-lockup/F9.svg"", ""logo_symbol_url"": ""https://assets.duffel.com/img/airlines/for-light-background/full-color-logo/F9.svg"", ""conditions_of_carriage_url"": ""https://www.flyfrontier.com/legal/contract-of-carriage""}, ""slices"": [{""id"": ""sli_0000B5bWFYcpZCbW5hJubq"", ""origin"": {""city"": ""New York"", ""iata"": ""LGA"", ""name"": ""LaGuardia Airport""}, ""duration"": ""PT9H33M"", ""segments"": [{""id"": ""seg_0000B5bWFYcpZCbW5hJubo"", ""origin"": {""iata"": ""LGA"", ""name"": ""LaGuardia Airport""}, ""carrier"": {""iata"": ""F9"", ""name"": ""Frontier Airlines"", ""logoUrl"": ""https://assets.duffel.com/img/airlines/for-light-background/full-color-logo/F9.svg""}, ""aircraft"": ""Airbus A321neo"", ""baggages"": [{""type"": ""checked"", ""quantity"": 0}], ""arrivingAt"": ""2026-07-20T01:34:00"", ""cabinClass"": ""Economy"", ""departingAt"": ""2026-07-19T22:55:00"", ""destination"": {""iata"": ""DFW"", ""name"": ""Dallas/Fort Worth International Airport""}, ""flightNumber"": ""3423""}, {""id"": ""seg_0000B5bWFYcpZCbW5hJubp"", ""origin"": {""iata"": ""DFW"", ""name"": ""Dallas/Fort Worth International Airport""}, ""carrier"": {""iata"": ""F9"", ""name"": ""Frontier Airlines"", ""logoUrl"": ""https://assets.duffel.com/img/airlines/for-light-background/full-color-logo/F9.svg""}, ""aircraft"": ""Airbus A320neo"", ""baggages"": [{""type"": ""checked"", ""quantity"": 0}], ""arrivingAt"": ""2026-07-20T06:28:00"", ""cabinClass"": ""Economy"", ""departingAt"": ""2026-07-20T05:18:00"", ""destination"": {""iata"": ""DEN"", ""name"": ""Denver International Airport""}, ""flightNumber"": ""2147""}], ""destination"": {""city"": ""Denver"", ""iata"": ""DEN"", ""name"": ""Denver International Airport""}}, {""id"": ""sli_0000B5bWFYcpZCbW5hJubu"", ""origin"": {""city"": ""Denver"", ""iata"": ""DEN"", ""name"": ""Denver International Airport""}, ""duration"": ""PT8H"", ""segments"": [{""id"": ""seg_0000B5bWFYcpZCbW5hJubs"", ""origin"": {""iata"": ""DEN"", ""name"": ""Denver International Airport""}, ""carrier"": {""iata"": ""F9"", ""name"": ""Frontier Airlines"", ""logoUrl"": ""https://assets.duffel.com/img/airlines/for-light-background/full-color-logo/F9.svg""}, ""aircraft"": ""Airbus A321"", ""baggages"": [{""type"": ""checked"", ""quantity"": 0}], ""arrivingAt"": ""2026-07-21T11:47:00"", ""cabinClass"": ""Economy"", ""departingAt"": ""2026-07-21T06:00:00"", ""destination"": {""iata"": ""MCO"", ""name"": ""Orlando International Airport""}, ""flightNumber"": ""4646""}, {""id"": ""seg_0000B5bWFYcpZCbW5hJubt"", ""origin"": {""iata"": ""MCO"", ""name"": ""Orlando International Airport""}, ""carrier"": {""iata"": ""F9"", ""name"": ""Frontier Airlines"", ""logoUrl"": ""https://assets.duffel.com/img/airlines/for-light-background/full-color-logo/F9.svg""}, ""aircraft"": ""Airbus A320neo"", ""baggages"": [{""type"": ""checked"", ""quantity"": 0}], ""arrivingAt"": ""2026-07-21T16:00:00"", ""cabinClass"": ""Economy"", ""departingAt"": ""2026-07-21T13:10:00"", ""destination"": {""iata"": ""LGA"", ""name"": ""LaGuardia Airport""}, ""flightNumber"": ""2432""}], ""destination"": {""city"": ""New York"", ""iata"": ""LGA"", ""name"": ""LaGuardia Airport""}}], ""expiresAt"": ""2026-04-24T02:59:14.908046Z"", ""enrichment"": {""owner"": {""iata"": ""F9"", ""name"": ""Frontier Airlines""}, ""baggage"": [{""type"": ""checked"", ""quantity"": 0, ""weightUnit"": null, ""weightValue"": null}], ""fareBrand"": ""C21PXP4"", ""cabinClass"": ""Economy"", ""conditions"": {""refundable"": null, ""changeBeforeDeparture"": {""allowed"": null, ""description"": ""Changes before departure: subject to airline policy"", ""penaltyAmount"": null, ""penaltyCurrency"": null}, ""refundBeforeDeparture"": {""allowed"": null, ""description"": ""Refunds before departure: subject to airline policy"", ""penaltyAmount"": null, ""penaltyCurrency"": null}}, ""seatSelection"": {""available"": null, ""feeAmount"": null, ""description"": ""Seat selection details available at check-in"", ""feeCurrency"": null}, ""baggageSummary"": ""0× checked"", ""fareConditionsText"": [""Changes before departure: subject to airline policy"", ""Refunds before departure: subject to airline policy"", ""Seat selection details available at check-in"", ""Baggage: 0× checked""], ""paymentRequirements"": {""paymentRequiredBy"": ""2026-04-24T05:59:00Z"", ""requiresInstantPayment"": false}}, ""passengers"": [{""id"": ""pas_0000B5bWFTUwTDIbei2yp5"", ""age"": null, ""type"": ""adult"", ""fare_type"": null, ""given_name"": null, ""family_name"": null, ""loyalty_programme_accounts"": []}, {""id"": ""pas_0000B5bWFTUwTDIbei2yp9"", ""age"": null, ""type"": ""adult"", ""fare_type"": null, ""given_name"": null, ""family_name"": null, ""loyalty_programme_accounts"": []}], ""totalAmount"": ""649.96"", ""totalCurrency"": ""USD""}"
66,49,flight,"Alternative ECONOMY Flight: New York to Denver, Denver to New York (American Airlines)",1305.72,off_0000B5bWFia0YYHuxq4nbN,"{""id"": ""off_0000B5bWFia0YYHuxq4nbN"", ""owner"": {""id"": ""arl_00009VME7DAGiJjwomhv32"", ""name"": ""American Airlines"", ""iata_code"": ""AA"", ""logo_lockup_url"": ""https://assets.duffel.com/img/airlines/for-light-background/full-color-lockup/AA.svg"", ""logo_symbol_url"": ""https://assets.duffel.com/img/airlines/for-light-background/full-color-logo/AA.svg"", ""conditions_of_carriage_url"": ""https://www.aa.com/i18n/customer-service/support/conditions-of-carriage.jsp""}, ""slices"": [{""id"": ""sli_0000B5bWFia0YYHuxq4nbB"", ""origin"": {""city"": ""New York"", ""iata"": ""LGA"", ""name"": ""LaGuardia Airport""}, ""duration"": ""PT7H16M"", ""segments"": [{""id"": ""seg_0000B5bWFia0YYHuxq4nb7"", ""origin"": {""iata"": ""LGA"", ""name"": ""LaGuardia Airport""}, ""carrier"": {""iata"": ""AA"", ""name"": ""American Airlines"", ""logoUrl"": ""https://assets.duffel.com/img/airlines/for-light-background/full-color-logo/AA.svg""}, ""aircraft"": ""Airbus A321"", ""baggages"": [{""type"": ""checked"", ""quantity"": 0}, {""type"": ""carry_on"", ""quantity"": 1}], ""arrivingAt"": ""2026-07-19T09:23:00"", ""cabinClass"": ""ECONOMY"", ""departingAt"": ""2026-07-19T06:30:00"", ""destination"": {""iata"": ""DFW"", ""name"": ""Dallas/Fort Worth International Airport""}, ""flightNumber"": ""1597""}, {""id"": ""seg_0000B5bWFia0YYHuxq4nb9"", ""origin"": {""iata"": ""DFW"", ""name"": ""Dallas/Fort Worth International Airport""}, ""carrier"": {""iata"": ""AA"", ""name"": ""American Airlines"", ""logoUrl"": ""https://assets.duffel.com/img/airlines/for-light-background/full-color-logo/AA.svg""}, ""aircraft"": ""Airbus A321"", ""baggages"": [{""type"": ""checked"", ""quantity"": 0}, {""type"": ""carry_on"", ""quantity"": 1}], ""arrivingAt"": ""2026-07-19T11:46:00"", ""cabinClass"": ""ECONOMY"", ""departingAt"": ""2026-07-19T10:41:00"", ""destination"": {""iata"": ""DEN"", ""name"": ""Denver International Airport""}, ""flightNumber"": ""2359""}], ""destination"": {""city"": ""Denver"", ""iata"": ""DEN"", ""name"": ""Denver International Airport""}}, {""id"": ""sli_0000B5bWFia0YYHuxq4nbJ"", ""origin"": {""city"": ""Denver"", ""iata"": ""DEN"", ""name"": ""Denver International Airport""}, ""duration"": ""PT6H24M"", ""segments"": [{""id"": ""seg_0000B5bWFia0YYHuxq4nbF"", ""origin"": {""iata"": ""DEN"", ""name"": ""Denver International Airport""}, ""carrier"": {""iata"": ""AA"", ""name"": ""American Airlines"", ""logoUrl"": ""https://assets.duffel.com/img/airlines/for-light-background/full-color-logo/AA.svg""}, ""aircraft"": ""Airbus A321"", ""baggages"": [{""type"": ""checked"", ""quantity"": 0}, {""type"": ""carry_on"", ""quantity"": 1}], ""arrivingAt"": ""2026-07-21T12:04:00"", ""cabinClass"": ""ECONOMY"", ""departingAt"": ""2026-07-21T06:41:00"", ""destination"": {""iata"": ""CLT"", ""name"": ""Charlotte Douglas International Airport""}, ""flightNumber"": ""0573""}, {""id"": ""seg_0000B5bWFia0YYHuxq4nbH"", ""origin"": {""iata"": ""CLT"", ""name"": ""Charlotte Douglas International Airport""}, ""carrier"": {""iata"": ""AA"", ""name"": ""American Airlines"", ""logoUrl"": ""https://assets.duffel.com/img/airlines/for-light-background/full-color-logo/AA.svg""}, ""aircraft"": ""Boeing 737-800"", ""baggages"": [{""type"": ""checked"", ""quantity"": 0}, {""type"": ""carry_on"", ""quantity"": 1}], ""arrivingAt"": ""2026-07-21T15:05:00"", ""cabinClass"": ""ECONOMY"", ""departingAt"": ""2026-07-21T13:07:00"", ""destination"": {""iata"": ""LGA"", ""name"": ""LaGuardia Airport""}, ""flightNumber"": ""2036""}], ""destination"": {""city"": ""New York"", ""iata"": ""LGA"", ""name"": ""LaGuardia Airport""}}], ""expiresAt"": ""2026-04-24T02:29:14.000000Z"", ""enrichment"": {""owner"": {""iata"": ""AA"", ""name"": ""American Airlines""}, ""baggage"": [{""type"": ""checked"", ""quantity"": 0, ""weightUnit"": null, ""weightValue"": null}, {""type"": ""carry_on"", ""quantity"": 1, ""weightUnit"": null, ""weightValue"": null}], ""fareBrand"": ""VVAIZNBZ"", ""cabinClass"": ""ECONOMY"", ""conditions"": {""refundable"": false, ""changeBeforeDeparture"": {""allowed"": false, ""description"": ""Changes before departure: not allowed"", ""penaltyAmount"": null, ""penaltyCurrency"": null}, ""refundBeforeDeparture"": {""allowed"": false, ""description"": ""Refunds before departure: not allowed"", ""penaltyAmount"": null, ""penaltyCurrency"": null}}, ""seatSelection"": {""available"": null, ""feeAmount"": null, ""description"": ""Seat selection details available at check-in"", ""feeCurrency"": null}, ""baggageSummary"": ""0× checked, 1× carry on"", ""fareConditionsText"": [""Changes before departure: not allowed"", ""Refunds before departure: not allowed"", ""Seat selection details available at check-in"", ""Baggage: 0× checked, 1× carry on""], ""paymentRequirements"": {""paymentRequiredBy"": ""2026-04-25T21:59:00Z"", ""requiresInstantPayment"": false}}, ""passengers"": [{""id"": ""pas_0000B5bWFTUwTDIbei2yp5"", ""age"": null, ""type"": ""adult"", ""fare_type"": null, ""given_name"": null, ""family_name"": null, ""loyalty_programme_accounts"": []}, {""id"": ""pas_0000B5bWFTUwTDIbei2yp9"", ""age"": null, ""type"": ""adult"", ""fare_type"": null, ""given_name"": null, ""family_name"": null, ""loyalty_programme_accounts"": []}], ""totalAmount"": ""1305.72"", ""totalCurrency"": ""USD""}"
68,51,other,Travel planning - details pending from concierge call,0.00,,
69,52,flight,"Economy Flight: Chicago to Denver, Denver to Chicago",186.97,off_0000B5ba8AHi49iwOCAgpG,"{""id"": ""off_0000B5ba8AHi49iwOCAgpG"", ""owner"": {""id"": ""arl_00009VME7DC2bj9quHXKpE"", ""name"": ""Frontier Airlines"", ""iata_code"": ""F9"", ""logo_lockup_url"": ""https://assets.duffel.com/img/airlines/for-light-background/full-color-lockup/F9.svg"", ""logo_symbol_url"": ""https://assets.duffel.com/img/airlines/for-light-background/full-color-logo/F9.svg"", ""conditions_of_carriage_url"": ""https://www.flyfrontier.com/legal/contract-of-carriage""}, ""slices"": [{""id"": ""sli_0000B5ba8AHM5TRMN60PGz"", ""origin"": {""city"": ""Chicago"", ""iata"": ""ORD"", ""name"": ""O'Hare International Airport""}, ""duration"": ""PT3H7M"", ""segments"": [{""id"": ""seg_0000B5ba8AHM5TRMN60PGy"", ""origin"": {""iata"": ""ORD"", ""name"": ""O'Hare International Airport""}, ""carrier"": {""iata"": ""F9"", ""name"": ""Frontier Airlines"", ""logoUrl"": ""https://assets.duffel.com/img/airlines/for-light-background/full-color-logo/F9.svg""}, ""aircraft"": ""Airbus A321"", ""baggages"": [{""type"": ""checked"", ""quantity"": 0}], ""arrivingAt"": ""2026-05-15T23:44:00"", ""cabinClass"": ""Economy"", ""departingAt"": ""2026-05-15T21:37:00"", ""destination"": {""iata"": ""DEN"", ""name"": ""Denver International Airport""}, ""flightNumber"": ""1483""}], ""destination"": {""city"": ""Denver"", ""iata"": ""DEN"", ""name"": ""Denver International Airport""}}, {""id"": ""sli_0000B5ba8AHi49iwOCAgpE"", ""origin"": {""city"": ""Denver"", ""iata"": ""DEN"", ""name"": ""Denver International Airport""}, ""duration"": ""PT2H38M"", ""segments"": [{""id"": ""seg_0000B5ba8AHM5TRMN60PH1"", ""origin"": {""iata"": ""DEN"", ""name"": ""Denver International Airport""}, ""carrier"": {""iata"": ""F9"", ""name"": ""Frontier Airlines"", ""logoUrl"": ""https://assets.duffel.com/img/airlines/for-light-background/full-color-logo/F9.svg""}, ""aircraft"": ""Airbus A321"", ""baggages"": [{""type"": ""checked"", ""quantity"": 0}], ""arrivingAt"": ""2026-05-21T20:32:00"", ""cabinClass"": ""Economy"", ""departingAt"": ""2026-05-21T16:54:00"", ""destination"": {""iata"": ""ORD"", ""name"": ""O'Hare International Airport""}, ""flightNumber"": ""3174""}], ""destination"": {""city"": ""Chicago"", ""iata"": ""ORD"", ""name"": ""O'Hare International Airport""}}], ""expiresAt"": ""2026-04-24T03:42:43.948042Z"", ""enrichment"": {""owner"": {""iata"": ""F9"", ""name"": ""Frontier Airlines""}, ""baggage"": [{""type"": ""checked"", ""quantity"": 0, ""weightUnit"": null, ""weightValue"": null}], ""fareBrand"": ""Z21IXS2"", ""cabinClass"": ""Economy"", ""conditions"": {""refundable"": null, ""changeBeforeDeparture"": {""allowed"": null, ""description"": ""Changes before departure: subject to airline policy"", ""penaltyAmount"": null, ""penaltyCurrency"": null}, ""refundBeforeDeparture"": {""allowed"": null, ""description"": ""Refunds before departure: subject to airline policy"", ""penaltyAmount"": null, ""penaltyCurrency"": null}}, ""seatSelection"": {""available"": null, ""feeAmount"": null, ""description"": ""Seat selection details available at check-in"", ""feeCurrency"": null}, ""baggageSummary"": ""0× checked"", ""fareConditionsText"": [""Changes before departure: subject to airline policy"", ""Refunds before departure: subject to airline policy"", ""Seat selection details available at check-in"", ""Baggage: 0× checked""], ""paymentRequirements"": {""paymentRequiredBy"": ""2026-04-24T06:42:00Z"", ""requiresInstantPayment"": false}}, ""passengers"": [{""id"": ""pas_0000B5ba843JEmdj3nO6Y4"", ""age"": null, ""type"": ""adult"", ""fare_type"": null, ""given_name"": null, ""family_name"": null, ""loyalty_programme_accounts"": []}], ""totalAmount"": ""186.97"", ""totalCurrency"": ""USD""}"
70,52,flight,"Alternative ECONOMY Flight: Chicago to Denver, Denver to Chicago (American Airlines)",309.61,off_0000B5ba8KQaM0lVqcOv3D,"{""id"": ""off_0000B5ba8KQaM0lVqcOv3D"", ""owner"": {""id"": ""arl_00009VME7DAGiJjwomhv32"", ""name"": ""American Airlines"", ""iata_code"": ""AA"", ""logo_lockup_url"": ""https://assets.duffel.com/img/airlines/for-light-background/full-color-lockup/AA.svg"", ""logo_symbol_url"": ""https://assets.duffel.com/img/airlines/for-light-background/full-color-logo/AA.svg"", ""conditions_of_carriage_url"": ""https://www.aa.com/i18n/customer-service/support/conditions-of-carriage.jsp""}, ""slices"": [{""id"": ""sli_0000B5ba8KQaM0lVqcOv38"", ""origin"": {""city"": ""Chicago"", ""iata"": ""ORD"", ""name"": ""O'Hare International Airport""}, ""duration"": ""PT2H53M"", ""segments"": [{""id"": ""seg_0000B5ba8KQaM0lVqcOv37"", ""origin"": {""iata"": ""ORD"", ""name"": ""O'Hare International Airport""}, ""carrier"": {""iata"": ""AA"", ""name"": ""American Airlines"", ""logoUrl"": ""https://assets.duffel.com/img/airlines/for-light-background/full-color-logo/AA.svg""}, ""aircraft"": ""Boeing 737-800"", ""baggages"": [{""type"": ""checked"", ""quantity"": 0}, {""type"": ""carry_on"", ""quantity"": 1}], ""arrivingAt"": ""2026-05-15T22:45:00"", ""cabinClass"": ""ECONOMY"", ""departingAt"": ""2026-05-15T20:52:00"", ""destination"": {""iata"": ""DEN"", ""name"": ""Denver International Airport""}, ""flightNumber"": ""1387""}], ""destination"": {""city"": ""Denver"", ""iata"": ""DEN"", ""name"": ""Denver International Airport""}}, {""id"": ""sli_0000B5ba8KQaM0lVqcOv3B"", ""origin"": {""city"": ""Denver"", ""iata"": ""DEN"", ""name"": ""Denver International Airport""}, ""duration"": ""PT2H38M"", ""segments"": [{""id"": ""seg_0000B5ba8KQaM0lVqcOv3A"", ""origin"": {""iata"": ""DEN"", ""name"": ""Denver International Airport""}, ""carrier"": {""iata"": ""AA"", ""name"": ""American Airlines"", ""logoUrl"": ""https://assets.duffel.com/img/airlines/for-light-background/full-color-logo/AA.svg""}, ""aircraft"": ""Boeing 737-800"", ""baggages"": [{""type"": ""checked"", ""quantity"": 0}, {""type"": ""carry_on"", ""quantity"": 1}], ""arrivingAt"": ""2026-05-21T10:33:00"", ""cabinClass"": ""ECONOMY"", ""departingAt"": ""2026-05-21T06:55:00"", ""destination"": {""iata"": ""ORD"", ""name"": ""O'Hare International Airport""}, ""flightNumber"": ""2771""}], ""destination"": {""city"": ""Chicago"", ""iata"": ""ORD"", ""name"": ""O'Hare International Airport""}}], ""expiresAt"": ""2026-04-24T03:12:43.000000Z"", ""enrichment"": {""owner"": {""iata"": ""AA"", ""name"": ""American Airlines""}, ""baggage"": [{""type"": ""checked"", ""quantity"": 0, ""weightUnit"": null, ""weightValue"": null}, {""type"": ""carry_on"", ""quantity"": 1, ""weightUnit"": null, ""weightValue"": null}], ""fareBrand"": ""QVAUZNBX"", ""cabinClass"": ""ECONOMY"", ""conditions"": {""refundable"": false, ""changeBeforeDeparture"": {""allowed"": false, ""description"": ""Changes before departure: not allowed"", ""penaltyAmount"": null, ""penaltyCurrency"": null}, ""refundBeforeDeparture"": {""allowed"": false, ""description"": ""Refunds before departure: not allowed"", ""penaltyAmount"": null, ""penaltyCurrency"": null}}, ""seatSelection"": {""available"": null, ""feeAmount"": null, ""description"": ""Seat selection details available at check-in"", ""feeCurrency"": null}, ""baggageSummary"": ""0× checked, 1× carry on"", ""fareConditionsText"": [""Changes before departure: not allowed"", ""Refunds before departure: not allowed"", ""Seat selection details available at check-in"", ""Baggage: 0× checked, 1× carry on""], ""paymentRequirements"": {""paymentRequiredBy"": ""2026-04-24T21:59:00Z"", ""requiresInstantPayment"": false}}, ""passengers"": [{""id"": ""pas_0000B5ba843JEmdj3nO6Y4"", ""age"": null, ""type"": ""adult"", ""fare_type"": null, ""given_name"": null, ""family_name"": null, ""loyalty_programme_accounts"": []}], ""totalAmount"": ""309.61"", ""totalCurrency"": ""USD""}"
71,53,other,Travel planning - details pending from concierge call,0.00,,
72,54,flight,No flights available: MHT → MDW on 2026-06-18 (Economy),0.00,,"{""searchParams"": {""budget"": null, ""origin"": ""MHT"", ""cabinClass"": ""economy"", ""originName"": ""Manchester"", ""passengers"": 1, ""returnDate"": null, ""destination"": ""MDW"", ""departureDate"": ""2026-06-18"", ""destinationName"": ""Chicago""}, ""noFlightsFound"": true}"
74,55,flight,Alternative Economy Flight: Boston to Chicago (Sun Country),248.38,off_0000B5bawt8fPjAdRoaJYS,"{""id"": ""off_0000B5bawt8fPjAdRoaJYS"", ""owner"": {""id"": ""arl_0000AiejdoOCR91K6R4ZwP"", ""name"": ""Sun Country"", ""iata_code"": ""SY"", ""logo_lockup_url"": ""https://assets.duffel.com/img/airlines/for-light-background/full-color-lockup/SY.svg"", ""logo_symbol_url"": ""https://assets.duffel.com/img/airlines/for-light-background/full-color-logo/SY.svg"", ""conditions_of_carriage_url"": ""https://assets.ctfassets.net/2aov1ouggrmn/1oeBYihGf7m9y7W0WFcdfo/89f1754fcef67eb7da26286f019604d0/Contract_of_Carriage_Update_-_06182021.pdf""}, ""slices"": [{""id"": ""sli_0000B5bawt8fPjAdRoaJYQ"", ""origin"": {""city"": ""Boston"", ""iata"": ""BOS"", ""name"": ""General Edward Lawrence Logan International Airport""}, ""duration"": ""PT8H27M"", ""segments"": [{""id"": ""seg_0000B5bawt8fPjAdRoaJYO"", ""origin"": {""iata"": ""BOS"", ""name"": ""General Edward Lawrence Logan International Airport""}, ""carrier"": {""iata"": ""SY"", ""name"": ""Sun Country"", ""logoUrl"": ""https://assets.duffel.com/img/airlines/for-light-background/full-color-logo/SY.svg""}, ""aircraft"": ""Boeing 737-800"", ""baggages"": [], ""arrivingAt"": ""2026-05-08T13:49:00"", ""cabinClass"": ""Economy"", ""departingAt"": ""2026-05-08T11:39:00"", ""destination"": {""iata"": ""MSP"", ""name"": ""Minneapolis-Saint Paul International Airport""}, ""flightNumber"": ""0252""}, {""id"": ""seg_0000B5bawt8fPjAdRoaJYP"", ""origin"": {""iata"": ""MSP"", ""name"": ""Minneapolis-Saint Paul International Airport""}, ""carrier"": {""iata"": ""SY"", ""name"": ""Sun Country"", ""logoUrl"": ""https://assets.duffel.com/img/airlines/for-light-background/full-color-logo/SY.svg""}, ""aircraft"": ""Boeing 737-800"", ""baggages"": [], ""arrivingAt"": ""2026-05-08T19:06:00"", ""cabinClass"": ""Economy"", ""departingAt"": ""2026-05-08T17:30:00"", ""destination"": {""iata"": ""ORD"", ""name"": ""O'Hare International Airport""}, ""flightNumber"": ""0261""}], ""destination"": {""city"": ""Chicago"", ""iata"": ""ORD"", ""name"": ""O'Hare International Airport""}}], ""expiresAt"": ""2026-04-24T03:51:53.980188Z"", ""enrichment"": {""owner"": {""iata"": ""SY"", ""name"": ""Sun Country""}, ""baggage"": [], ""fareBrand"": ""H7DACAY"", ""cabinClass"": ""Economy"", ""conditions"": {""refundable"": null, ""changeBeforeDeparture"": {""allowed"": null, ""description"": ""Changes before departure: subject to airline policy"", ""penaltyAmount"": null, ""penaltyCurrency"": null}, ""refundBeforeDeparture"": {""allowed"": null, ""description"": ""Refunds before departure: subject to airline policy"", ""penaltyAmount"": null, ""penaltyCurrency"": null}}, ""seatSelection"": {""available"": null, ""feeAmount"": null, ""description"": ""Seat selection details available at check-in"", ""feeCurrency"": null}, ""baggageSummary"": ""See airline policy"", ""fareConditionsText"": [""Changes before departure: subject to airline policy"", ""Refunds before departure: subject to airline policy"", ""Seat selection details available at check-in"", ""Baggage: See airline policy""], ""paymentRequirements"": {""paymentRequiredBy"": ""2026-04-24T12:51:00Z"", ""requiresInstantPayment"": false}}, ""passengers"": [{""id"": ""pas_0000B5bawq9Wfy6CigVWHy"", ""age"": null, ""type"": ""adult"", ""fare_type"": null, ""given_name"": null, ""family_name"": null, ""loyalty_programme_accounts"": []}], ""totalAmount"": ""248.38"", ""totalCurrency"": ""USD""}"
73,55,flight,Economy Flight: BOS to ORD,176.17,off_0000B5bbQOjR1yLDpUr0Ij,"{""id"": ""off_0000B5bbQOjR1yLDpUr0Ij"", ""owner"": {""id"": ""arl_00009VME7DAGiJjwomhv32"", ""name"": ""American Airlines"", ""iata_code"": ""AA"", ""logo_lockup_url"": ""https://assets.duffel.com/img/airlines/for-light-background/full-color-lockup/AA.svg"", ""logo_symbol_url"": ""https://assets.duffel.com/img/airlines/for-light-background/full-color-logo/AA.svg"", ""conditions_of_carriage_url"": ""https://www.aa.com/i18n/customer-service/support/conditions-of-carriage.jsp""}, ""slices"": [{""id"": ""sli_0000B5bbQOjR1yLDpUr0Ie"", ""origin"": {""city"": ""Boston"", ""iata"": ""BOS"", ""name"": ""General Edward Lawrence Logan International Airport""}, ""duration"": ""PT2H58M"", ""segments"": [{""id"": ""seg_0000B5bbQOjR1yLDpUr0Id"", ""origin"": {""iata"": ""BOS"", ""name"": ""General Edward Lawrence Logan International Airport""}, ""carrier"": {""iata"": ""AA"", ""name"": ""American Airlines"", ""logoUrl"": ""https://assets.duffel.com/img/airlines/for-light-background/full-color-logo/AA.svg""}, ""aircraft"": ""Boeing 737-800"", ""baggages"": [{""type"": ""checked"", ""quantity"": 0}, {""type"": ""carry_on"", ""quantity"": 1}], ""arrivingAt"": ""2026-06-18T07:03:00"", ""cabinClass"": ""ECONOMY"", ""departingAt"": ""2026-06-18T05:05:00"", ""destination"": {""iata"": ""ORD"", ""name"": ""O'Hare International Airport""}, ""flightNumber"": ""3324""}], ""destination"": {""city"": ""Chicago"", ""iata"": ""ORD"", ""name"": ""O'Hare International Airport""}}, {""id"": ""sli_0000B5bbQOjR1yLDpUr0Ih"", ""origin"": {""city"": ""Chicago"", ""iata"": ""ORD"", ""name"": ""O'Hare International Airport""}, ""duration"": ""PT2H26M"", ""segments"": [{""id"": ""seg_0000B5bbQOjR1yLDpUr0Ig"", ""origin"": {""iata"": ""ORD"", ""name"": ""O'Hare International Airport""}, ""carrier"": {""iata"": ""AA"", ""name"": ""American Airlines"", ""logoUrl"": ""https://assets.duffel.com/img/airlines/for-light-background/full-color-logo/AA.svg""}, ""aircraft"": ""Boeing 737-800"", ""baggages"": [{""type"": ""checked"", ""quantity"": 0}, {""type"": ""carry_on"", ""quantity"": 1}], ""arrivingAt"": ""2026-06-20T09:26:00"", ""cabinClass"": ""ECONOMY"", ""departingAt"": ""2026-06-20T06:00:00"", ""destination"": {""iata"": ""BOS"", ""name"": ""General Edward Lawrence Logan International Airport""}, ""flightNumber"": ""3022""}], ""destination"": {""city"": ""Boston"", ""iata"": ""BOS"", ""name"": ""General Edward Lawrence Logan International Airport""}}], ""expiresAt"": ""2026-04-24T03:27:08.000000Z"", ""passengers"": [{""id"": ""pas_0000B5bbPubkING8GpM3lL"", ""age"": null, ""type"": ""adult"", ""fare_type"": null, ""given_name"": null, ""family_name"": null, ""loyalty_programme_accounts"": []}], ""totalAmount"": ""176.17"", ""searchParams"": {""origin"": ""BOS"", ""cabinClass"": ""economy"", ""passengers"": 1, ""returnDate"": ""2026-06-20"", ""destination"": ""ORD"", ""departureDate"": ""2026-06-18""}, ""totalCurrency"": ""USD"", ""passengerIdentityDocumentsRequired"": false}"
77,57,flight,"Economy Flight: New York to Los Angeles, Los Angeles to New York",311.16,off_0000B5cv4IVwzU6IfgHMom,"{""id"": ""off_0000B5cv4IVwzU6IfgHMom"", ""owner"": {""id"": ""arl_00009VME7DAGiJjwomhv32"", ""name"": ""American Airlines"", ""iata_code"": ""AA"", ""logo_lockup_url"": ""https://assets.duffel.com/img/airlines/for-light-background/full-color-lockup/AA.svg"", ""logo_symbol_url"": ""https://assets.duffel.com/img/airlines/for-light-background/full-color-logo/AA.svg"", ""conditions_of_carriage_url"": ""https://www.aa.com/i18n/customer-service/support/conditions-of-carriage.jsp""}, ""slices"": [{""id"": ""sli_0000B5cv4IVwzU6IfgHMog"", ""origin"": {""city"": ""New York"", ""iata"": ""LGA"", ""name"": ""LaGuardia Airport""}, ""duration"": ""PT7H59M"", ""segments"": [{""id"": ""seg_0000B5cv4IVwzU6IfgHMoe"", ""origin"": {""iata"": ""LGA"", ""name"": ""LaGuardia Airport""}, ""carrier"": {""iata"": ""AA"", ""name"": ""American Airlines"", ""logoUrl"": ""https://assets.duffel.com/img/airlines/for-light-background/full-color-logo/AA.svg""}, ""aircraft"": ""Boeing 737-800"", ""baggages"": [{""type"": ""checked"", ""quantity"": 0}, {""type"": ""carry_on"", ""quantity"": 1}], ""arrivingAt"": ""2026-05-27T07:59:00"", ""cabinClass"": ""ECONOMY"", ""departingAt"": ""2026-05-27T06:00:00"", ""destination"": {""iata"": ""CLT"", ""name"": ""Charlotte Douglas International Airport""}, ""flightNumber"": ""3084""}, {""id"": ""seg_0000B5cv4IVwzU6IfgHMof"", ""origin"": {""iata"": ""CLT"", ""name"": ""Charlotte Douglas International Airport""}, ""carrier"": {""iata"": ""AA"", ""name"": ""American Airlines"", ""logoUrl"": ""https://assets.duffel.com/img/airlines/for-light-background/full-color-logo/AA.svg""}, ""aircraft"": ""Airbus A321"", ""baggages"": [{""type"": ""checked"", ""quantity"": 0}, {""type"": ""carry_on"", ""quantity"": 1}], ""arrivingAt"": ""2026-05-27T10:59:00"", ""cabinClass"": ""ECONOMY"", ""departingAt"": ""2026-05-27T08:56:00"", ""destination"": {""iata"": ""LAX"", ""name"": ""Los Angeles International Airport""}, ""flightNumber"": ""1995""}], ""destination"": {""city"": ""Los Angeles"", ""iata"": ""LAX"", ""name"": ""Los Angeles International Airport""}}, {""id"": ""sli_0000B5cv4IVwzU6IfgHMok"", ""origin"": {""city"": ""Los Angeles"", ""iata"": ""LAX"", ""name"": ""Los Angeles International Airport""}, ""duration"": ""PT8H14M"", ""segments"": [{""id"": ""seg_0000B5cv4IVwzU6IfgHMoi"", ""origin"": {""iata"": ""LAX"", ""name"": ""Los Angeles International Airport""}, ""carrier"": {""iata"": ""AA"", ""name"": ""American Airlines"", ""logoUrl"": ""https://assets.duffel.com/img/airlines/for-light-background/full-color-logo/AA.svg""}, ""aircraft"": ""Airbus A321neo"", ""baggages"": [{""type"": ""checked"", ""quantity"": 0}, {""type"": ""carry_on"", ""quantity"": 1}], ""arrivingAt"": ""2026-06-03T13:59:00"", ""cabinClass"": ""ECONOMY"", ""departingAt"": ""2026-06-03T06:00:00"", ""destination"": {""iata"": ""CLT"", ""name"": ""Charlotte Douglas International Airport""}, ""flightNumber"": ""1208""}, {""id"": ""seg_0000B5cv4IVwzU6IfgHMoj"", ""origin"": {""iata"": ""CLT"", ""name"": ""Charlotte Douglas International Airport""}, ""carrier"": {""iata"": ""AA"", ""name"": ""American Airlines"", ""logoUrl"": ""https://assets.duffel.com/img/airlines/for-light-background/full-color-logo/AA.svg""}, ""aircraft"": ""Boeing 737-800"", ""baggages"": [{""type"": ""checked"", ""quantity"": 0}, {""type"": ""carry_on"", ""quantity"": 1}], ""arrivingAt"": ""2026-06-03T17:14:00"", ""cabinClass"": ""ECONOMY"", ""departingAt"": ""2026-06-03T15:17:00"", ""destination"": {""iata"": ""LGA"", ""name"": ""LaGuardia Airport""}, ""flightNumber"": ""1942""}], ""destination"": {""city"": ""New York"", ""iata"": ""LGA"", ""name"": ""LaGuardia Airport""}}], ""expiresAt"": ""2026-04-24T18:41:58.000000Z"", ""enrichment"": {""owner"": {""iata"": ""AA"", ""name"": ""American Airlines""}, ""baggage"": [{""type"": ""checked"", ""quantity"": 0, ""weightUnit"": null, ""weightValue"": null}, {""type"": ""carry_on"", ""quantity"": 1, ""weightUnit"": null, ""weightValue"": null}], ""fareBrand"": ""OVAHZSBV"", ""cabinClass"": ""ECONOMY"", ""conditions"": {""refundable"": false, ""changeBeforeDeparture"": {""allowed"": false, ""description"": ""Changes before departure: not allowed"", ""penaltyAmount"": null, ""penaltyCurrency"": null}, ""refundBeforeDeparture"": {""allowed"": false, ""description"": ""Refunds before departure: not allowed"", ""penaltyAmount"": null, ""penaltyCurrency"": null}}, ""seatSelection"": {""available"": null, ""feeAmount"": null, ""description"": ""Seat selection details available at check-in"", ""feeCurrency"": null}, ""baggageSummary"": ""0× checked, 1× carry on"", ""fareConditionsText"": [""Changes before departure: not allowed"", ""Refunds before departure: not allowed"", ""Seat selection details available at check-in"", ""Baggage: 0× checked, 1× carry on""], ""paymentRequirements"": {""paymentRequiredBy"": ""2026-04-25T21:59:00Z"", ""requiresInstantPayment"": false}}, ""passengers"": [{""id"": ""pas_0000B5cv3s43KaKudd1ij3"", ""age"": null, ""type"": ""adult"", ""fare_type"": null, ""given_name"": null, ""family_name"": null, ""loyalty_programme_accounts"": []}], ""totalAmount"": ""311.16"", ""totalCurrency"": ""USD""}"
78,57,flight,"Alternative Economy Flight: New York to Los Angeles, Los Angeles to New York (Spirit Airlines)",412.16,off_0000B5cv3tYDnu3xFU9KO1,"{""id"": ""off_0000B5cv3tYDnu3xFU9KO1"", ""owner"": {""id"": ""arl_00009VME7DDSWSIAygCT2J"", ""name"": ""Spirit Airlines"", ""iata_code"": ""NK"", ""logo_lockup_url"": ""https://assets.duffel.com/img/airlines/for-light-background/full-color-lockup/NK.svg"", ""logo_symbol_url"": ""https://assets.duffel.com/img/airlines/for-light-background/full-color-logo/NK.svg"", ""conditions_of_carriage_url"": ""https://content.spirit.com/Shared/en-us/Documents/Contract_of_Carriage.pdf""}, ""slices"": [{""id"": ""sli_0000B5cv3tYDnu3xFU9KNs"", ""origin"": {""city"": ""New York"", ""iata"": ""LGA"", ""name"": ""LaGuardia Airport""}, ""duration"": ""PT13H20M"", ""segments"": [{""id"": ""seg_0000B5cv3tYDnu3xFU9KNp"", ""origin"": {""iata"": ""LGA"", ""name"": ""LaGuardia Airport""}, ""carrier"": {""iata"": ""NK"", ""name"": ""Spirit Airlines"", ""logoUrl"": ""https://assets.duffel.com/img/airlines/for-light-background/full-color-logo/NK.svg""}, ""baggages"": [{""type"": ""checked"", ""quantity"": 0}, {""type"": ""carry_on"", ""quantity"": 0}], ""arrivingAt"": ""2026-05-27T15:01:00"", ""cabinClass"": ""Economy"", ""departingAt"": ""2026-05-27T11:59:00"", ""destination"": {""iata"": ""IAH"", ""name"": ""George Bush Intercontinental Airport""}, ""flightNumber"": ""0927""}, {""id"": ""seg_0000B5cv3tYDnu3xFU9KNq"", ""origin"": {""iata"": ""IAH"", ""name"": ""George Bush Intercontinental Airport""}, ""carrier"": {""iata"": ""NK"", ""name"": ""Spirit Airlines"", ""logoUrl"": ""https://assets.duffel.com/img/airlines/for-light-background/full-color-logo/NK.svg""}, ""baggages"": [{""type"": ""checked"", ""quantity"": 0}, {""type"": ""carry_on"", ""quantity"": 0}], ""arrivingAt"": ""2026-05-27T22:19:00"", ""cabinClass"": ""Economy"", ""departingAt"": ""2026-05-27T20:33:00"", ""destination"": {""iata"": ""LAX"", ""name"": ""Los Angeles International Airport""}, ""flightNumber"": ""0934""}], ""destination"": {""city"": ""Los Angeles"", ""iata"": ""LAX"", ""name"": ""Los Angeles International Airport""}}, {""id"": ""sli_0000B5cv3tYDnu3xFU9KNy"", ""origin"": {""city"": ""Los Angeles"", ""iata"": ""LAX"", ""name"": ""Los Angeles International Airport""}, ""duration"": ""PT14H1M"", ""segments"": [{""id"": ""seg_0000B5cv3tYDnu3xFU9KNv"", ""origin"": {""iata"": ""LAX"", ""name"": ""Los Angeles International Airport""}, ""carrier"": {""iata"": ""NK"", ""name"": ""Spirit Airlines"", ""logoUrl"": ""https://assets.duffel.com/img/airlines/for-light-background/full-color-logo/NK.svg""}, ""baggages"": [{""type"": ""checked"", ""quantity"": 0}, {""type"": ""carry_on"", ""quantity"": 0}], ""arrivingAt"": ""2026-06-04T05:59:00"", ""cabinClass"": ""Economy"", ""departingAt"": ""2026-06-03T23:59:00"", ""destination"": {""iata"": ""ORD"", ""name"": ""O'Hare International Airport""}, ""flightNumber"": ""1002""}, {""id"": ""seg_0000B5cv3tYDnu3xFU9KNx"", ""origin"": {""iata"": ""ORD"", ""name"": ""O'Hare International Airport""}, ""carrier"": {""iata"": ""NK"", ""name"": ""Spirit Airlines"", ""logoUrl"": ""https://assets.duffel.com/img/airlines/for-light-background/full-color-logo/NK.svg""}, ""baggages"": [{""type"": ""checked"", ""quantity"": 0}, {""type"": ""carry_on"", ""quantity"": 0}], ""arrivingAt"": ""2026-06-04T17:00:00"", ""cabinClass"": ""Economy"", ""departingAt"": ""2026-06-04T13:49:00"", ""destination"": {""iata"": ""LGA"", ""name"": ""LaGuardia Airport""}, ""flightNumber"": ""0350""}], ""destination"": {""city"": ""New York"", ""iata"": ""LGA"", ""name"": ""LaGuardia Airport""}}], ""expiresAt"": ""2026-04-24T18:26:58.598919Z"", ""enrichment"": {""owner"": {""iata"": ""NK"", ""name"": ""Spirit Airlines""}, ""baggage"": [{""type"": ""checked"", ""quantity"": 0, ""weightUnit"": null, ""weightValue"": null}, {""type"": ""carry_on"", ""quantity"": 0, ""weightUnit"": null, ""weightValue"": null}], ""fareBrand"": ""RA14V2"", ""cabinClass"": ""Economy"", ""conditions"": {""refundable"": false, ""changeBeforeDeparture"": {""allowed"": true, ""description"": ""Changes before departure: allowed for a fee of 396.00 USD"", ""penaltyAmount"": ""396.00"", ""penaltyCurrency"": ""USD""}, ""refundBeforeDeparture"": {""allowed"": false, ""description"": ""Refunds before departure: not allowed"", ""penaltyAmount"": null, ""penaltyCurrency"": null}}, ""seatSelection"": {""available"": null, ""feeAmount"": null, ""description"": ""Seat selection details available at check-in"", ""feeCurrency"": null}, ""baggageSummary"": ""0× checked, 0× carry on"", ""fareConditionsText"": [""Changes before departure: allowed for a fee of 396.00 USD"", ""Refunds before departure: not allowed"", ""Seat selection details available at check-in"", ""Baggage: 0× checked, 0× carry on""], ""paymentRequirements"": {""paymentRequiredBy"": null, ""requiresInstantPayment"": true}}, ""passengers"": [{""id"": ""pas_0000B5cv3s43KaKudd1ij3"", ""age"": null, ""type"": ""adult"", ""fare_type"": null, ""given_name"": null, ""family_name"": null, ""loyalty_programme_accounts"": []}], ""totalAmount"": ""412.16"", ""totalCurrency"": ""USD""}"
79,58,other,Travel planning - details pending from concierge call,0.00,,
80,59,other,Travel planning - details pending from concierge call,0.00,,
81,60,other,Travel planning - details pending from concierge call,0.00,,
108,75,flight,Economy Flight: YEG to YYZ,360.00,serpapi-F8F8 636|2026-06-20T00:55,"{""id"": ""serpapi-F8F8 636|2026-06-20T00:55"", ""owner"": {""name"": ""Flair Airlines"", ""iata_code"": ""F8""}, ""slices"": [{""origin"": {""iata"": ""YEG""}, ""duration"": ""PT3H55M"", ""segments"": [{""origin"": {""iata"": ""YEG""}, ""carrier"": {""iata"": ""F8"", ""name"": ""Flair Airlines""}, ""arrivingAt"": ""2026-06-20 06:50"", ""departingAt"": ""2026-06-20 00:55"", ""destination"": {""iata"": ""YYZ""}, ""flightNumber"": ""F8 636""}], ""destination"": {""iata"": ""YYZ""}}], ""enrichment"": {""owner"": {""iata"": ""F8"", ""name"": ""Flair Airlines""}, ""baggage"": [], ""fareBrand"": null, ""cabinClass"": null, ""conditions"": {""refundable"": null, ""changeBeforeDeparture"": {""allowed"": null, ""description"": ""Changes before departure: subject to airline policy"", ""penaltyAmount"": null, ""penaltyCurrency"": null}, ""refundBeforeDeparture"": {""allowed"": null, ""description"": ""Refunds before departure: subject to airline policy"", ""penaltyAmount"": null, ""penaltyCurrency"": null}}, ""seatSelection"": {""available"": null, ""feeAmount"": null, ""description"": ""Seat selection details available at check-in"", ""feeCurrency"": null}, ""baggageSummary"": ""See airline policy"", ""fareConditionsText"": [""Changes before departure: subject to airline policy"", ""Refunds before departure: subject to airline policy"", ""Seat selection details available at check-in"", ""Baggage: See airline policy""], ""paymentRequirements"": null}, ""passengers"": [{""type"": ""adult""}], ""totalAmount"": ""360"", ""totalCurrency"": ""USD""}"
84,62,flight,"Economy Flight: New York to Denver, Denver to New York",403.00,off_0000B5in77KKtWHIQKJgri,"{""id"": ""off_0000B5in77KKtWHIQKJgri"", ""owner"": {""id"": ""arl_00009VME7DAGiJjwomhv32"", ""name"": ""American Airlines"", ""iata_code"": ""AA"", ""logo_lockup_url"": ""https://assets.duffel.com/img/airlines/for-light-background/full-color-lockup/AA.svg"", ""logo_symbol_url"": ""https://assets.duffel.com/img/airlines/for-light-background/full-color-logo/AA.svg"", ""conditions_of_carriage_url"": ""https://www.aa.com/i18n/customer-service/support/conditions-of-carriage.jsp""}, ""slices"": [{""id"": ""sli_0000B5in77KKtWHIQKJgrc"", ""origin"": {""city"": ""New York"", ""iata"": ""JFK"", ""name"": ""John F. Kennedy International Airport""}, ""duration"": ""PT9H29M"", ""segments"": [{""id"": ""seg_0000B5in77KKtWHIQKJgra"", ""origin"": {""iata"": ""JFK"", ""name"": ""John F. Kennedy International Airport""}, ""carrier"": {""iata"": ""AA"", ""name"": ""American Airlines"", ""logoUrl"": ""https://assets.duffel.com/img/airlines/for-light-background/full-color-logo/AA.svg""}, ""aircraft"": ""Boeing 737-800"", ""baggages"": [{""type"": ""checked"", ""quantity"": 0}, {""type"": ""carry_on"", ""quantity"": 1}], ""arrivingAt"": ""2026-06-17T17:49:00"", ""cabinClass"": ""ECONOMY"", ""departingAt"": ""2026-06-17T15:30:00"", ""destination"": {""iata"": ""CLT"", ""name"": ""Charlotte Douglas International Airport""}, ""flightNumber"": ""1294""}, {""id"": ""seg_0000B5in77KKtWHIQKJgrb"", ""origin"": {""iata"": ""CLT"", ""name"": ""Charlotte Douglas International Airport""}, ""carrier"": {""iata"": ""AA"", ""name"": ""American Airlines"", ""logoUrl"": ""https://assets.duffel.com/img/airlines/for-light-background/full-color-logo/AA.svg""}, ""aircraft"": ""Airbus A321"", ""baggages"": [{""type"": ""checked"", ""quantity"": 0}, {""type"": ""carry_on"", ""quantity"": 1}], ""arrivingAt"": ""2026-06-17T22:59:00"", ""cabinClass"": ""ECONOMY"", ""departingAt"": ""2026-06-17T21:25:00"", ""destination"": {""iata"": ""DEN"", ""name"": ""Denver International Airport""}, ""flightNumber"": ""3156""}], ""destination"": {""city"": ""Denver"", ""iata"": ""DEN"", ""name"": ""Denver International Airport""}}, {""id"": ""sli_0000B5in77KKtWHIQKJgrg"", ""origin"": {""city"": ""Denver"", ""iata"": ""DEN"", ""name"": ""Denver International Airport""}, ""duration"": ""PT7H35M"", ""segments"": [{""id"": ""seg_0000B5in77KKtWHIQKJgre"", ""origin"": {""iata"": ""DEN"", ""name"": ""Denver International Airport""}, ""carrier"": {""iata"": ""AA"", ""name"": ""American Airlines"", ""logoUrl"": ""https://assets.duffel.com/img/airlines/for-light-background/full-color-logo/AA.svg""}, ""aircraft"": ""Airbus A321"", ""baggages"": [{""type"": ""checked"", ""quantity"": 0}, {""type"": ""carry_on"", ""quantity"": 1}], ""arrivingAt"": ""2026-06-21T08:06:00"", ""cabinClass"": ""ECONOMY"", ""departingAt"": ""2026-06-21T05:00:00"", ""destination"": {""iata"": ""DFW"", ""name"": ""Dallas/Fort Worth International Airport""}, ""flightNumber"": ""2612""}, {""id"": ""seg_0000B5in77KKtWHIQKJgrf"", ""origin"": {""iata"": ""DFW"", ""name"": ""Dallas/Fort Worth International Airport""}, ""carrier"": {""iata"": ""AA"", ""name"": ""American Airlines"", ""logoUrl"": ""https://assets.duffel.com/img/airlines/for-light-background/full-color-logo/AA.svg""}, ""aircraft"": ""Boeing 737-800"", ""baggages"": [{""type"": ""checked"", ""quantity"": 0}, {""type"": ""carry_on"", ""quantity"": 1}], ""arrivingAt"": ""2026-06-21T14:35:00"", ""cabinClass"": ""ECONOMY"", ""departingAt"": ""2026-06-21T09:53:00"", ""destination"": {""iata"": ""JFK"", ""name"": ""John F. Kennedy International Airport""}, ""flightNumber"": ""1766""}], ""destination"": {""city"": ""New York"", ""iata"": ""JFK"", ""name"": ""John F. Kennedy International Airport""}}], ""expiresAt"": ""2026-04-27T14:41:07.000000Z"", ""enrichment"": {""owner"": {""iata"": ""AA"", ""name"": ""American Airlines""}, ""baggage"": [{""type"": ""checked"", ""quantity"": 0, ""weightUnit"": null, ""weightValue"": null}, {""type"": ""carry_on"", ""quantity"": 1, ""weightUnit"": null, ""weightValue"": null}], ""fareBrand"": ""SUAZZNBV"", ""cabinClass"": ""ECONOMY"", ""conditions"": {""refundable"": false, ""changeBeforeDeparture"": {""allowed"": false, ""description"": ""Changes before departure: not allowed"", ""penaltyAmount"": null, ""penaltyCurrency"": null}, ""refundBeforeDeparture"": {""allowed"": false, ""description"": ""Refunds before departure: not allowed"", ""penaltyAmount"": null, ""penaltyCurrency"": null}}, ""seatSelection"": {""available"": null, ""feeAmount"": null, ""description"": ""Seat selection details available at check-in"", ""feeCurrency"": null}, ""baggageSummary"": ""0× checked, 1× carry on"", ""fareConditionsText"": [""Changes before departure: not allowed"", ""Refunds before departure: not allowed"", ""Seat selection details available at check-in"", ""Baggage: 0× checked, 1× carry on""], ""paymentRequirements"": {""paymentRequiredBy"": ""2026-04-28T21:59:00Z"", ""requiresInstantPayment"": false}}, ""passengers"": [{""id"": ""pas_0000B5in6kQE3SK5NvtZLf"", ""age"": null, ""type"": ""adult"", ""fare_type"": null, ""given_name"": null, ""family_name"": null, ""loyalty_programme_accounts"": []}], ""totalAmount"": ""403.00"", ""totalCurrency"": ""USD""}"
85,62,flight,"Alternative Economy Flight: New York to Denver, Denver to New York (Alaska Airlines)",866.40,off_0000B5in6ruGEBVWb709dc,"{""id"": ""off_0000B5in6ruGEBVWb709dc"", ""owner"": {""id"": ""arl_00009VME7DAch01WpssCcN"", ""name"": ""Alaska Airlines"", ""iata_code"": ""AS"", ""logo_lockup_url"": ""https://assets.duffel.com/img/airlines/for-light-background/full-color-lockup/AS.svg"", ""logo_symbol_url"": ""https://assets.duffel.com/img/airlines/for-light-background/full-color-logo/AS.svg"", ""conditions_of_carriage_url"": ""https://www.alaskaair.com/content/legal/contract-of-carriage/rule-1""}, ""slices"": [{""id"": ""sli_0000B5in6ruGEBVWb709dW"", ""origin"": {""city"": ""New York"", ""iata"": ""JFK"", ""name"": ""John F. Kennedy International Airport""}, ""duration"": ""PT11H45M"", ""segments"": [{""id"": ""seg_0000B5in6ruGEBVWb709dU"", ""origin"": {""iata"": ""JFK"", ""name"": ""John F. Kennedy International Airport""}, ""carrier"": {""iata"": ""AS"", ""name"": ""Alaska Airlines"", ""logoUrl"": ""https://assets.duffel.com/img/airlines/for-light-background/full-color-logo/AS.svg""}, ""aircraft"": ""Boeing 737-900 (winglets)/BBJ3"", ""baggages"": [{""type"": ""carry_on"", ""quantity"": 1}], ""arrivingAt"": ""2026-06-17T16:19:00"", ""cabinClass"": ""Economy"", ""departingAt"": ""2026-06-17T13:00:00"", ""destination"": {""iata"": ""SEA"", ""name"": ""Seattle-Tacoma International Airport""}, ""flightNumber"": ""0023""}, {""id"": ""seg_0000B5in6ruGEBVWb709dV"", ""origin"": {""iata"": ""SEA"", ""name"": ""Seattle-Tacoma International Airport""}, ""carrier"": {""iata"": ""AS"", ""name"": ""Alaska Airlines"", ""logoUrl"": ""https://assets.duffel.com/img/airlines/for-light-background/full-color-logo/AS.svg""}, ""aircraft"": ""Boeing 737-900 (winglets)/BBJ3"", ""baggages"": [{""type"": ""carry_on"", ""quantity"": 1}], ""arrivingAt"": ""2026-06-17T22:45:00"", ""cabinClass"": ""Economy"", ""departingAt"": ""2026-06-17T19:00:00"", ""destination"": {""iata"": ""DEN"", ""name"": ""Denver International Airport""}, ""flightNumber"": ""0310""}], ""destination"": {""city"": ""Denver"", ""iata"": ""DEN"", ""name"": ""Denver International Airport""}}, {""id"": ""sli_0000B5in6ruGEBVWb709da"", ""origin"": {""city"": ""Denver"", ""iata"": ""DEN"", ""name"": ""Denver International Airport""}, ""duration"": ""PT11H17M"", ""segments"": [{""id"": ""seg_0000B5in6ruGEBVWb709dY"", ""origin"": {""iata"": ""DEN"", ""name"": ""Denver International Airport""}, ""carrier"": {""iata"": ""AS"", ""name"": ""Alaska Airlines"", ""logoUrl"": ""https://assets.duffel.com/img/airlines/for-light-background/full-color-logo/AS.svg""}, ""aircraft"": ""Boeing 737 MAX 9 / BBJ MAX 9"", ""baggages"": [{""type"": ""carry_on"", ""quantity"": 1}], ""arrivingAt"": ""2026-06-21T20:23:00"", ""cabinClass"": ""Economy"", ""departingAt"": ""2026-06-21T18:21:00"", ""destination"": {""iata"": ""SEA"", ""name"": ""Seattle-Tacoma International Airport""}, ""flightNumber"": ""0249""}, {""id"": ""seg_0000B5in6ruGEBVWb709dZ"", ""origin"": {""iata"": ""SEA"", ""name"": ""Seattle-Tacoma International Airport""}, ""carrier"": {""iata"": ""AS"", ""name"": ""Alaska Airlines"", ""logoUrl"": ""https://assets.duffel.com/img/airlines/for-light-background/full-color-logo/AS.svg""}, ""aircraft"": ""Boeing 737-800 (winglets)/BBJ2"", ""baggages"": [{""type"": ""carry_on"", ""quantity"": 1}], ""arrivingAt"": ""2026-06-22T07:38:00"", ""cabinClass"": ""Economy"", ""departingAt"": ""2026-06-21T23:15:00"", ""destination"": {""iata"": ""JFK"", ""name"": ""John F. Kennedy International Airport""}, ""flightNumber"": ""0022""}], ""destination"": {""city"": ""New York"", ""iata"": ""JFK"", ""name"": ""John F. Kennedy International Airport""}}], ""expiresAt"": ""2026-04-27T15:11:08.544405Z"", ""enrichment"": {""owner"": {""iata"": ""AS"", ""name"": ""Alaska Airlines""}, ""baggage"": [{""type"": ""carry_on"", ""quantity"": 1, ""weightUnit"": null, ""weightValue"": null}], ""fareBrand"": ""SH3OAJBN"", ""cabinClass"": ""Economy"", ""conditions"": {""refundable"": null, ""changeBeforeDeparture"": {""allowed"": null, ""description"": ""Changes before departure: subject to airline policy"", ""penaltyAmount"": null, ""penaltyCurrency"": null}, ""refundBeforeDeparture"": {""allowed"": null, ""description"": ""Refunds before departure: subject to airline policy"", ""penaltyAmount"": null, ""penaltyCurrency"": null}}, ""seatSelection"": {""available"": null, ""feeAmount"": null, ""description"": ""Seat selection details available at check-in"", ""feeCurrency"": null}, ""baggageSummary"": ""1× carry on"", ""fareConditionsText"": [""Changes before departure: subject to airline policy"", ""Refunds before departure: subject to airline policy"", ""Seat selection details available at check-in"", ""Baggage: 1× carry on""], ""paymentRequirements"": {""paymentRequiredBy"": ""2026-04-28T03:59:00Z"", ""requiresInstantPayment"": false}}, ""passengers"": [{""id"": ""pas_0000B5in6kQE3SK5NvtZLf"", ""age"": null, ""type"": ""adult"", ""fare_type"": null, ""given_name"": null, ""family_name"": null, ""loyalty_programme_accounts"": []}], ""totalAmount"": ""866.40"", ""totalCurrency"": ""USD""}"
86,63,other,Travel planning - details pending from concierge call,0.00,,
87,64,flight,"Economy Flight: Los Angeles to Boston, Boston to Los Angeles",297.86,off_0000B5is1EulE0H8w6i2K1,"{""id"": ""off_0000B5is1EulE0H8w6i2K1"", ""owner"": {""id"": ""arl_00009VME7DAGiJjwomhv32"", ""name"": ""American Airlines"", ""iata_code"": ""AA"", ""logo_lockup_url"": ""https://assets.duffel.com/img/airlines/for-light-background/full-color-lockup/AA.svg"", ""logo_symbol_url"": ""https://assets.duffel.com/img/airlines/for-light-background/full-color-logo/AA.svg"", ""conditions_of_carriage_url"": ""https://www.aa.com/i18n/customer-service/support/conditions-of-carriage.jsp""}, ""slices"": [{""id"": ""sli_0000B5is1EulE0H8w6i2Jq"", ""origin"": {""city"": ""Los Angeles"", ""iata"": ""LAX"", ""name"": ""Los Angeles International Airport""}, ""duration"": ""PT7H44M"", ""segments"": [{""id"": ""seg_0000B5is1EulE0H8w6i2Jm"", ""origin"": {""iata"": ""LAX"", ""name"": ""Los Angeles International Airport""}, ""carrier"": {""iata"": ""AA"", ""name"": ""American Airlines"", ""logoUrl"": ""https://assets.duffel.com/img/airlines/for-light-background/full-color-logo/AA.svg""}, ""aircraft"": ""Airbus A321"", ""baggages"": [{""type"": ""checked"", ""quantity"": 0}, {""type"": ""carry_on"", ""quantity"": 1}], ""arrivingAt"": ""2026-06-03T15:13:00"", ""cabinClass"": ""ECONOMY"", ""departingAt"": ""2026-06-03T07:18:00"", ""destination"": {""iata"": ""CLT"", ""name"": ""Charlotte Douglas International Airport""}, ""flightNumber"": ""1952""}, {""id"": ""seg_0000B5is1EulE0H8w6i2Jp"", ""origin"": {""iata"": ""CLT"", ""name"": ""Charlotte Douglas International Airport""}, ""carrier"": {""iata"": ""AA"", ""name"": ""American Airlines"", ""logoUrl"": ""https://assets.duffel.com/img/airlines/for-light-background/full-color-logo/AA.svg""}, ""aircraft"": ""Boeing 737-800"", ""baggages"": [{""type"": ""checked"", ""quantity"": 0}, {""type"": ""carry_on"", ""quantity"": 1}], ""arrivingAt"": ""2026-06-03T18:02:00"", ""cabinClass"": ""ECONOMY"", ""departingAt"": ""2026-06-03T15:43:00"", ""destination"": {""iata"": ""BOS"", ""name"": ""General Edward Lawrence Logan International Airport""}, ""flightNumber"": ""1552""}], ""destination"": {""city"": ""Boston"", ""iata"": ""BOS"", ""name"": ""General Edward Lawrence Logan International Airport""}}, {""id"": ""sli_0000B5is1EulE0H8w6i2Jx"", ""origin"": {""city"": ""Boston"", ""iata"": ""BOS"", ""name"": ""General Edward Lawrence Logan International Airport""}, ""duration"": ""PT6H26M"", ""segments"": [{""id"": ""seg_0000B5is1EulE0H8w6i2Ju"", ""origin"": {""iata"": ""BOS"", ""name"": ""General Edward Lawrence Logan International Airport""}, ""carrier"": {""iata"": ""AA"", ""name"": ""American Airlines"", ""logoUrl"": ""https://assets.duffel.com/img/airlines/for-light-background/full-color-logo/AA.svg""}, ""aircraft"": ""Airbus A321 (sharklets)"", ""baggages"": [{""type"": ""checked"", ""quantity"": 0}, {""type"": ""carry_on"", ""quantity"": 1}], ""arrivingAt"": ""2026-06-09T11:08:00"", ""cabinClass"": ""ECONOMY"", ""departingAt"": ""2026-06-09T07:42:00"", ""destination"": {""iata"": ""LAX"", ""name"": ""Los Angeles International Airport""}, ""flightNumber"": ""2455""}], ""destination"": {""city"": ""Los Angeles"", ""iata"": ""LAX"", ""name"": ""Los Angeles International Airport""}}], ""expiresAt"": ""2026-04-27T15:36:04.000000Z"", ""enrichment"": {""owner"": {""iata"": ""AA"", ""name"": ""American Airlines""}, ""baggage"": [{""type"": ""checked"", ""quantity"": 0, ""weightUnit"": null, ""weightValue"": null}, {""type"": ""carry_on"", ""quantity"": 1, ""weightUnit"": null, ""weightValue"": null}], ""fareBrand"": ""QVAJZSBX"", ""cabinClass"": ""ECONOMY"", ""conditions"": {""refundable"": false, ""changeBeforeDeparture"": {""allowed"": false, ""description"": ""Changes before departure: not allowed"", ""penaltyAmount"": null, ""penaltyCurrency"": null}, ""refundBeforeDeparture"": {""allowed"": false, ""description"": ""Refunds before departure: not allowed"", ""penaltyAmount"": null, ""penaltyCurrency"": null}}, ""seatSelection"": {""available"": null, ""feeAmount"": null, ""description"": ""Seat selection details available at check-in"", ""feeCurrency"": null}, ""baggageSummary"": ""0× checked, 1× carry on"", ""fareConditionsText"": [""Changes before departure: not allowed"", ""Refunds before departure: not allowed"", ""Seat selection details available at check-in"", ""Baggage: 0× checked, 1× carry on""], ""paymentRequirements"": {""paymentRequiredBy"": ""2026-04-28T21:59:00Z"", ""requiresInstantPayment"": false}}, ""passengers"": [{""id"": ""pas_0000B5is0qUGHG2tSyd056"", ""age"": null, ""type"": ""adult"", ""fare_type"": null, ""given_name"": null, ""family_name"": null, ""loyalty_programme_accounts"": []}], ""totalAmount"": ""297.86"", ""totalCurrency"": ""USD""}"
88,64,flight,"Alternative Economy Flight: Ontario to Boston, Boston to Los Angeles (Alaska Airlines)",323.40,off_0000B5is1Dhxi6RZC7iIjL,"{""id"": ""off_0000B5is1Dhxi6RZC7iIjL"", ""owner"": {""id"": ""arl_00009VME7DAch01WpssCcN"", ""name"": ""Alaska Airlines"", ""iata_code"": ""AS"", ""logo_lockup_url"": ""https://assets.duffel.com/img/airlines/for-light-background/full-color-lockup/AS.svg"", ""logo_symbol_url"": ""https://assets.duffel.com/img/airlines/for-light-background/full-color-logo/AS.svg"", ""conditions_of_carriage_url"": ""https://www.alaskaair.com/content/legal/contract-of-carriage/rule-1""}, ""slices"": [{""id"": ""sli_0000B5is1Dhxi6RZC7iIjF"", ""origin"": {""city"": ""Ontario"", ""iata"": ""ONT"", ""name"": ""Ontario International Airport""}, ""duration"": ""PT9H23M"", ""segments"": [{""id"": ""seg_0000B5is1Dhxi6RZC7iIjD"", ""origin"": {""iata"": ""ONT"", ""name"": ""Ontario International Airport""}, ""carrier"": {""iata"": ""AS"", ""name"": ""Alaska Airlines"", ""logoUrl"": ""https://assets.duffel.com/img/airlines/for-light-background/full-color-logo/AS.svg""}, ""aircraft"": ""Embraer 175"", ""baggages"": [{""type"": ""carry_on"", ""quantity"": 1}], ""arrivingAt"": ""2026-06-03T20:21:00"", ""cabinClass"": ""Economy"", ""departingAt"": ""2026-06-03T17:57:00"", ""destination"": {""iata"": ""PDX"", ""name"": ""Portland International Airport""}, ""flightNumber"": ""2199""}, {""id"": ""seg_0000B5is1Dhxi6RZC7iIjE"", ""origin"": {""iata"": ""PDX"", ""name"": ""Portland International Airport""}, ""carrier"": {""iata"": ""AS"", ""name"": ""Alaska Airlines"", ""logoUrl"": ""https://assets.duffel.com/img/airlines/for-light-background/full-color-logo/AS.svg""}, ""aircraft"": ""Boeing 737-900 (winglets)/BBJ3"", ""baggages"": [{""type"": ""carry_on"", ""quantity"": 1}], ""arrivingAt"": ""2026-06-04T06:20:00"", ""cabinClass"": ""Economy"", ""departingAt"": ""2026-06-03T21:46:00"", ""destination"": {""iata"": ""BOS"", ""name"": ""General Edward Lawrence Logan International Airport""}, ""flightNumber"": ""0436""}], ""destination"": {""city"": ""Boston"", ""iata"": ""BOS"", ""name"": ""General Edward Lawrence Logan International Airport""}}, {""id"": ""sli_0000B5is1Dhxi6RZC7iIjJ"", ""origin"": {""city"": ""Boston"", ""iata"": ""BOS"", ""name"": ""General Edward Lawrence Logan International Airport""}, ""duration"": ""PT11H59M"", ""segments"": [{""id"": ""seg_0000B5is1Dhxi6RZC7iIjH"", ""origin"": {""iata"": ""BOS"", ""name"": ""General Edward Lawrence Logan International Airport""}, ""carrier"": {""iata"": ""AS"", ""name"": ""Alaska Airlines"", ""logoUrl"": ""https://assets.duffel.com/img/airlines/for-light-background/full-color-logo/AS.svg""}, ""aircraft"": ""Boeing 737 MAX 9 / BBJ MAX 9"", ""baggages"": [{""type"": ""carry_on"", ""quantity"": 1}], ""arrivingAt"": ""2026-06-09T09:11:00"", ""cabinClass"": ""Economy"", ""departingAt"": ""2026-06-09T06:00:00"", ""destination"": {""iata"": ""PDX"", ""name"": ""Portland International Airport""}, ""flightNumber"": ""0311""}, {""id"": ""seg_0000B5is1Dhxi6RZC7iIjI"", ""origin"": {""iata"": ""PDX"", ""name"": ""Portland International Airport""}, ""carrier"": {""iata"": ""AS"", ""name"": ""Alaska Airlines"", ""logoUrl"": ""https://assets.duffel.com/img/airlines/for-light-background/full-color-logo/AS.svg""}, ""aircraft"": ""Boeing 737-800 (winglets)/BBJ2"", ""baggages"": [{""type"": ""carry_on"", ""quantity"": 1}], ""arrivingAt"": ""2026-06-09T14:59:00"", ""cabinClass"": ""Economy"", ""departingAt"": ""2026-06-09T12:33:00"", ""destination"": {""iata"": ""LAX"", ""name"": ""Los Angeles International Airport""}, ""flightNumber"": ""0480""}], ""destination"": {""city"": ""Los Angeles"", ""iata"": ""LAX"", ""name"": ""Los Angeles International Airport""}}], ""expiresAt"": ""2026-04-27T16:06:08.541868Z"", ""enrichment"": {""owner"": {""iata"": ""AS"", ""name"": ""Alaska Airlines""}, ""baggage"": [{""type"": ""carry_on"", ""quantity"": 1, ""weightUnit"": null, ""weightValue"": null}], ""fareBrand"": ""OH4OAJBN"", ""cabinClass"": ""Economy"", ""conditions"": {""refundable"": null, ""changeBeforeDeparture"": {""allowed"": null, ""description"": ""Changes before departure: subject to airline policy"", ""penaltyAmount"": null, ""penaltyCurrency"": null}, ""refundBeforeDeparture"": {""allowed"": null, ""description"": ""Refunds before departure: subject to airline policy"", ""penaltyAmount"": null, ""penaltyCurrency"": null}}, ""seatSelection"": {""available"": null, ""feeAmount"": null, ""description"": ""Seat selection details available at check-in"", ""feeCurrency"": null}, ""baggageSummary"": ""1× carry on"", ""fareConditionsText"": [""Changes before departure: subject to airline policy"", ""Refunds before departure: subject to airline policy"", ""Seat selection details available at check-in"", ""Baggage: 1× carry on""], ""paymentRequirements"": {""paymentRequiredBy"": ""2026-04-28T03:59:00Z"", ""requiresInstantPayment"": false}}, ""passengers"": [{""id"": ""pas_0000B5is0qUGHG2tSyd056"", ""age"": null, ""type"": ""adult"", ""fare_type"": null, ""given_name"": null, ""family_name"": null, ""loyalty_programme_accounts"": []}], ""totalAmount"": ""323.40"", ""totalCurrency"": ""USD""}"
89,65,flight,"Economy Flight: Las Vegas to Boston, Boston to Las Vegas",277.37,off_0000B5j1Apt2dwzFXVGtlu,"{""id"": ""off_0000B5j1Apt2dwzFXVGtlu"", ""owner"": {""id"": ""arl_00009VME7DAGiJjwomhv32"", ""name"": ""American Airlines"", ""iata_code"": ""AA"", ""logo_lockup_url"": ""https://assets.duffel.com/img/airlines/for-light-background/full-color-lockup/AA.svg"", ""logo_symbol_url"": ""https://assets.duffel.com/img/airlines/for-light-background/full-color-logo/AA.svg"", ""conditions_of_carriage_url"": ""https://www.aa.com/i18n/customer-service/support/conditions-of-carriage.jsp""}, ""slices"": [{""id"": ""sli_0000B5j1Apt2dwzFXVGtlo"", ""origin"": {""city"": ""Las Vegas"", ""iata"": ""LAS"", ""name"": ""Harry Reid International Airport""}, ""duration"": ""PT8H2M"", ""segments"": [{""id"": ""seg_0000B5j1ApsgfGhfWP6cDy"", ""origin"": {""iata"": ""LAS"", ""name"": ""Harry Reid International Airport""}, ""carrier"": {""iata"": ""AA"", ""name"": ""American Airlines"", ""logoUrl"": ""https://assets.duffel.com/img/airlines/for-light-background/full-color-logo/AA.svg""}, ""aircraft"": ""Airbus A321"", ""baggages"": [{""type"": ""checked"", ""quantity"": 0}, {""type"": ""carry_on"", ""quantity"": 1}], ""arrivingAt"": ""2026-06-03T14:31:00"", ""cabinClass"": ""ECONOMY"", ""departingAt"": ""2026-06-03T07:00:00"", ""destination"": {""iata"": ""CLT"", ""name"": ""Charlotte Douglas International Airport""}, ""flightNumber"": ""2957""}, {""id"": ""seg_0000B5j1ApsgfGhfWP6cDz"", ""origin"": {""iata"": ""CLT"", ""name"": ""Charlotte Douglas International Airport""}, ""carrier"": {""iata"": ""AA"", ""name"": ""American Airlines"", ""logoUrl"": ""https://assets.duffel.com/img/airlines/for-light-background/full-color-logo/AA.svg""}, ""aircraft"": ""Boeing 737-800"", ""baggages"": [{""type"": ""checked"", ""quantity"": 0}, {""type"": ""carry_on"", ""quantity"": 1}], ""arrivingAt"": ""2026-06-03T18:02:00"", ""cabinClass"": ""ECONOMY"", ""departingAt"": ""2026-06-03T15:43:00"", ""destination"": {""iata"": ""BOS"", ""name"": ""General Edward Lawrence Logan International Airport""}, ""flightNumber"": ""1552""}], ""destination"": {""city"": ""Boston"", ""iata"": ""BOS"", ""name"": ""General Edward Lawrence Logan International Airport""}}, {""id"": ""sli_0000B5j1Apt2dwzFXVGtls"", ""origin"": {""city"": ""Boston"", ""iata"": ""BOS"", ""name"": ""General Edward Lawrence Logan International Airport""}, ""duration"": ""PT7H28M"", ""segments"": [{""id"": ""seg_0000B5j1Apt2dwzFXVGtlq"", ""origin"": {""iata"": ""BOS"", ""name"": ""General Edward Lawrence Logan International Airport""}, ""carrier"": {""iata"": ""AA"", ""name"": ""American Airlines"", ""logoUrl"": ""https://assets.duffel.com/img/airlines/for-light-background/full-color-logo/AA.svg""}, ""aircraft"": ""Airbus A319"", ""baggages"": [{""type"": ""checked"", ""quantity"": 0}, {""type"": ""carry_on"", ""quantity"": 1}], ""arrivingAt"": ""2026-06-09T07:40:00"", ""cabinClass"": ""ECONOMY"", ""departingAt"": ""2026-06-09T06:00:00"", ""destination"": {""iata"": ""DCA"", ""name"": ""Ronald Reagan Washington National Airport""}, ""flightNumber"": ""2159""}, {""id"": ""seg_0000B5j1Apt2dwzFXVGtlr"", ""origin"": {""iata"": ""DCA"", ""name"": ""Ronald Reagan Washington National Airport""}, ""carrier"": {""iata"": ""AA"", ""name"": ""American Airlines"", ""logoUrl"": ""https://assets.duffel.com/img/airlines/for-light-background/full-color-logo/AA.svg""}, ""aircraft"": ""Boeing 737 MAX 8 / BBJ MAX 8/MAX200"", ""baggages"": [{""type"": ""checked"", ""quantity"": 0}, {""type"": ""carry_on"", ""quantity"": 1}], ""arrivingAt"": ""2026-06-09T10:28:00"", ""cabinClass"": ""ECONOMY"", ""departingAt"": ""2026-06-09T08:20:00"", ""destination"": {""iata"": ""LAS"", ""name"": ""Harry Reid International Airport""}, ""flightNumber"": ""2051""}], ""destination"": {""city"": ""Las Vegas"", ""iata"": ""LAS"", ""name"": ""Harry Reid International Airport""}}], ""expiresAt"": ""2026-04-27T17:18:40.000000Z"", ""enrichment"": {""owner"": {""iata"": ""AA"", ""name"": ""American Airlines""}, ""baggage"": [{""type"": ""checked"", ""quantity"": 0, ""weightUnit"": null, ""weightValue"": null}, {""type"": ""carry_on"", ""quantity"": 1, ""weightUnit"": null, ""weightValue"": null}], ""fareBrand"": ""OUAZZNBV"", ""cabinClass"": ""ECONOMY"", ""conditions"": {""refundable"": false, ""changeBeforeDeparture"": {""allowed"": false, ""description"": ""Changes before departure: not allowed"", ""penaltyAmount"": null, ""penaltyCurrency"": null}, ""refundBeforeDeparture"": {""allowed"": false, ""description"": ""Refunds before departure: not allowed"", ""penaltyAmount"": null, ""penaltyCurrency"": null}}, ""seatSelection"": {""available"": null, ""feeAmount"": null, ""description"": ""Seat selection details available at check-in"", ""feeCurrency"": null}, ""baggageSummary"": ""0× checked, 1× carry on"", ""fareConditionsText"": [""Changes before departure: not allowed"", ""Refunds before departure: not allowed"", ""Seat selection details available at check-in"", ""Baggage: 0× checked, 1× carry on""], ""paymentRequirements"": {""paymentRequiredBy"": ""2026-04-28T21:59:00Z"", ""requiresInstantPayment"": false}}, ""passengers"": [{""id"": ""pas_0000B5j1ATYxhzpQlS4xQg"", ""age"": null, ""type"": ""adult"", ""fare_type"": null, ""given_name"": null, ""family_name"": null, ""loyalty_programme_accounts"": []}], ""totalAmount"": ""277.37"", ""totalCurrency"": ""USD""}"
90,65,flight,"Alternative Economy Flight: Las Vegas to Boston, Boston to Las Vegas (Alaska Airlines)",331.39,off_0000B5j1Ad4GIvEnmXQAxN,"{""id"": ""off_0000B5j1Ad4GIvEnmXQAxN"", ""owner"": {""id"": ""arl_00009VME7DAch01WpssCcN"", ""name"": ""Alaska Airlines"", ""iata_code"": ""AS"", ""logo_lockup_url"": ""https://assets.duffel.com/img/airlines/for-light-background/full-color-lockup/AS.svg"", ""logo_symbol_url"": ""https://assets.duffel.com/img/airlines/for-light-background/full-color-logo/AS.svg"", ""conditions_of_carriage_url"": ""https://www.alaskaair.com/content/legal/contract-of-carriage/rule-1""}, ""slices"": [{""id"": ""sli_0000B5j1Ad4GIvEnmXQAxH"", ""origin"": {""city"": ""Las Vegas"", ""iata"": ""LAS"", ""name"": ""Harry Reid International Airport""}, ""duration"": ""PT9H31M"", ""segments"": [{""id"": ""seg_0000B5j1Ad4GIvEnmXQAxF"", ""origin"": {""iata"": ""LAS"", ""name"": ""Harry Reid International Airport""}, ""carrier"": {""iata"": ""AS"", ""name"": ""Alaska Airlines"", ""logoUrl"": ""https://assets.duffel.com/img/airlines/for-light-background/full-color-logo/AS.svg""}, ""aircraft"": ""Embraer 175"", ""baggages"": [{""type"": ""carry_on"", ""quantity"": 1}], ""arrivingAt"": ""2026-06-03T18:31:00"", ""cabinClass"": ""Economy"", ""departingAt"": ""2026-06-03T17:13:00"", ""destination"": {""iata"": ""SAN"", ""name"": ""San Diego International Airport""}, ""flightNumber"": ""2262""}, {""id"": ""seg_0000B5j1Ad4GIvEnmXQAxG"", ""origin"": {""iata"": ""SAN"", ""name"": ""San Diego International Airport""}, ""carrier"": {""iata"": ""AS"", ""name"": ""Alaska Airlines"", ""logoUrl"": ""https://assets.duffel.com/img/airlines/for-light-background/full-color-logo/AS.svg""}, ""aircraft"": ""Boeing 737-900 (winglets)/BBJ3"", ""baggages"": [{""type"": ""carry_on"", ""quantity"": 1}], ""arrivingAt"": ""2026-06-04T05:44:00"", ""cabinClass"": ""Economy"", ""departingAt"": ""2026-06-03T20:54:00"", ""destination"": {""iata"": ""BOS"", ""name"": ""General Edward Lawrence Logan International Airport""}, ""flightNumber"": ""0255""}], ""destination"": {""city"": ""Boston"", ""iata"": ""BOS"", ""name"": ""General Edward Lawrence Logan International Airport""}}, {""id"": ""sli_0000B5j1Ad4GIvEnmXQAxL"", ""origin"": {""city"": ""Boston"", ""iata"": ""BOS"", ""name"": ""General Edward Lawrence Logan International Airport""}, ""duration"": ""PT10H14M"", ""segments"": [{""id"": ""seg_0000B5j1Ad4GIvEnmXQAxJ"", ""origin"": {""iata"": ""BOS"", ""name"": ""General Edward Lawrence Logan International Airport""}, ""carrier"": {""iata"": ""AS"", ""name"": ""Alaska Airlines"", ""logoUrl"": ""https://assets.duffel.com/img/airlines/for-light-background/full-color-logo/AS.svg""}, ""aircraft"": ""Boeing 737 MAX 9 / BBJ MAX 9"", ""baggages"": [{""type"": ""carry_on"", ""quantity"": 1}], ""arrivingAt"": ""2026-06-09T09:11:00"", ""cabinClass"": ""Economy"", ""departingAt"": ""2026-06-09T06:00:00"", ""destination"": {""iata"": ""PDX"", ""name"": ""Portland International Airport""}, ""flightNumber"": ""0311""}, {""id"": ""seg_0000B5j1Ad4GIvEnmXQAxK"", ""origin"": {""iata"": ""PDX"", ""name"": ""Portland International Airport""}, ""carrier"": {""iata"": ""AS"", ""name"": ""Alaska Airlines"", ""logoUrl"": ""https://assets.duffel.com/img/airlines/for-light-background/full-color-logo/AS.svg""}, ""aircraft"": ""Boeing 737-900 (winglets)/BBJ3"", ""baggages"": [{""type"": ""carry_on"", ""quantity"": 1}], ""arrivingAt"": ""2026-06-09T13:14:00"", ""cabinClass"": ""Economy"", ""departingAt"": ""2026-06-09T10:46:00"", ""destination"": {""iata"": ""LAS"", ""name"": ""Harry Reid International Airport""}, ""flightNumber"": ""0757""}], ""destination"": {""city"": ""Las Vegas"", ""iata"": ""LAS"", ""name"": ""Harry Reid International Airport""}}], ""expiresAt"": ""2026-04-27T17:48:41.538917Z"", ""enrichment"": {""owner"": {""iata"": ""AS"", ""name"": ""Alaska Airlines""}, ""baggage"": [{""type"": ""carry_on"", ""quantity"": 1, ""weightUnit"": null, ""weightValue"": null}], ""fareBrand"": ""OH2OAJBN"", ""cabinClass"": ""Economy"", ""conditions"": {""refundable"": null, ""changeBeforeDeparture"": {""allowed"": null, ""description"": ""Changes before departure: subject to airline policy"", ""penaltyAmount"": null, ""penaltyCurrency"": null}, ""refundBeforeDeparture"": {""allowed"": null, ""description"": ""Refunds before departure: subject to airline policy"", ""penaltyAmount"": null, ""penaltyCurrency"": null}}, ""seatSelection"": {""available"": null, ""feeAmount"": null, ""description"": ""Seat selection details available at check-in"", ""feeCurrency"": null}, ""baggageSummary"": ""1× carry on"", ""fareConditionsText"": [""Changes before departure: subject to airline policy"", ""Refunds before departure: subject to airline policy"", ""Seat selection details available at check-in"", ""Baggage: 1× carry on""], ""paymentRequirements"": {""paymentRequiredBy"": ""2026-04-28T03:59:00Z"", ""requiresInstantPayment"": false}}, ""passengers"": [{""id"": ""pas_0000B5j1ATYxhzpQlS4xQg"", ""age"": null, ""type"": ""adult"", ""fare_type"": null, ""given_name"": null, ""family_name"": null, ""loyalty_programme_accounts"": []}], ""totalAmount"": ""331.39"", ""totalCurrency"": ""USD""}"
91,66,flight,"Economy Flight: Denver to Chicago, Chicago to Denver",223.97,off_0000B5rcRwfZUzHZrlFet1,"{""id"": ""off_0000B5rcRwfZUzHZrlFet1"", ""owner"": {""id"": ""arl_00009VME7DC2bj9quHXKpE"", ""name"": ""Frontier Airlines"", ""iata_code"": ""F9"", ""logo_lockup_url"": ""https://assets.duffel.com/img/airlines/for-light-background/full-color-lockup/F9.svg"", ""logo_symbol_url"": ""https://assets.duffel.com/img/airlines/for-light-background/full-color-logo/F9.svg"", ""conditions_of_carriage_url"": ""https://www.flyfrontier.com/legal/contract-of-carriage""}, ""slices"": [{""id"": ""sli_0000B5rcRwfZUzHZrlFesw"", ""origin"": {""city"": ""Denver"", ""iata"": ""DEN"", ""name"": ""Denver International Airport""}, ""duration"": ""PT8H52M"", ""segments"": [{""id"": ""seg_0000B5rcRwfZUzHZrlFesu"", ""origin"": {""iata"": ""DEN"", ""name"": ""Denver International Airport""}, ""carrier"": {""iata"": ""F9"", ""name"": ""Frontier Airlines"", ""logoUrl"": ""https://assets.duffel.com/img/airlines/for-light-background/full-color-logo/F9.svg""}, ""aircraft"": ""Airbus A321neo"", ""baggages"": [{""type"": ""checked"", ""quantity"": 0}], ""arrivingAt"": ""2026-06-17T15:12:00"", ""cabinClass"": ""Economy"", ""departingAt"": ""2026-06-17T09:58:00"", ""destination"": {""iata"": ""ATL"", ""name"": ""Hartsfield-Jackson Atlanta International Airport""}, ""flightNumber"": ""3600""}, {""id"": ""seg_0000B5rcRwfZUzHZrlFesv"", ""origin"": {""iata"": ""ATL"", ""name"": ""Hartsfield-Jackson Atlanta International Airport""}, ""carrier"": {""iata"": ""F9"", ""name"": ""Frontier Airlines"", ""logoUrl"": ""https://assets.duffel.com/img/airlines/for-light-background/full-color-logo/F9.svg""}, ""aircraft"": ""Airbus A321neo"", ""baggages"": [{""type"": ""checked"", ""quantity"": 0}], ""arrivingAt"": ""2026-06-17T19:50:00"", ""cabinClass"": ""Economy"", ""departingAt"": ""2026-06-17T18:20:00"", ""destination"": {""iata"": ""ORD"", ""name"": ""O'Hare International Airport""}, ""flightNumber"": ""3397""}], ""destination"": {""city"": ""Chicago"", ""iata"": ""ORD"", ""name"": ""O'Hare International Airport""}}, {""id"": ""sli_0000B5rcRwfZUzHZrlFesz"", ""origin"": {""city"": ""Chicago"", ""iata"": ""ORD"", ""name"": ""O'Hare International Airport""}, ""duration"": ""PT3H6M"", ""segments"": [{""id"": ""seg_0000B5rcRwfZUzHZrlFesy"", ""origin"": {""iata"": ""ORD"", ""name"": ""O'Hare International Airport""}, ""carrier"": {""iata"": ""F9"", ""name"": ""Frontier Airlines"", ""logoUrl"": ""https://assets.duffel.com/img/airlines/for-light-background/full-color-logo/F9.svg""}, ""aircraft"": ""Airbus A320neo"", ""baggages"": [{""type"": ""checked"", ""quantity"": 0}], ""arrivingAt"": ""2026-06-23T23:54:00"", ""cabinClass"": ""Economy"", ""departingAt"": ""2026-06-23T21:48:00"", ""destination"": {""iata"": ""DEN"", ""name"": ""Denver International Airport""}, ""flightNumber"": ""1483""}], ""destination"": {""city"": ""Denver"", ""iata"": ""DEN"", ""name"": ""Denver International Airport""}}], ""expiresAt"": ""2026-05-01T21:24:05.891163Z"", ""enrichment"": {""owner"": {""iata"": ""F9"", ""name"": ""Frontier Airlines""}, ""baggage"": [{""type"": ""checked"", ""quantity"": 0, ""weightUnit"": null, ""weightValue"": null}], ""fareBrand"": ""G21PXP4"", ""cabinClass"": ""Economy"", ""conditions"": {""refundable"": null, ""changeBeforeDeparture"": {""allowed"": null, ""description"": ""Changes before departure: subject to airline policy"", ""penaltyAmount"": null, ""penaltyCurrency"": null}, ""refundBeforeDeparture"": {""allowed"": null, ""description"": ""Refunds before departure: subject to airline policy"", ""penaltyAmount"": null, ""penaltyCurrency"": null}}, ""seatSelection"": {""available"": null, ""feeAmount"": null, ""description"": ""Seat selection details available at check-in"", ""feeCurrency"": null}, ""baggageSummary"": ""0× checked"", ""fareConditionsText"": [""Changes before departure: subject to airline policy"", ""Refunds before departure: subject to airline policy"", ""Seat selection details available at check-in"", ""Baggage: 0× checked""], ""paymentRequirements"": {""paymentRequiredBy"": ""2026-05-02T00:24:00Z"", ""requiresInstantPayment"": false}}, ""passengers"": [{""id"": ""pas_0000B5rcRmj55IlncLdg15"", ""age"": null, ""type"": ""adult"", ""fare_type"": null, ""given_name"": null, ""family_name"": null, ""loyalty_programme_accounts"": []}], ""totalAmount"": ""223.97"", ""totalCurrency"": ""USD""}"
92,66,flight,"Alternative ECONOMY Flight: Denver to Chicago, Chicago to Denver (American Airlines)",233.41,off_0000B5rcRzP1KypGLIWz0Y,"{""id"": ""off_0000B5rcRzP1KypGLIWz0Y"", ""owner"": {""id"": ""arl_00009VME7DAGiJjwomhv32"", ""name"": ""American Airlines"", ""iata_code"": ""AA"", ""logo_lockup_url"": ""https://assets.duffel.com/img/airlines/for-light-background/full-color-lockup/AA.svg"", ""logo_symbol_url"": ""https://assets.duffel.com/img/airlines/for-light-background/full-color-logo/AA.svg"", ""conditions_of_carriage_url"": ""https://www.aa.com/i18n/customer-service/support/conditions-of-carriage.jsp""}, ""slices"": [{""id"": ""sli_0000B5rcRzP1KypGLIWz0O"", ""origin"": {""city"": ""Denver"", ""iata"": ""DEN"", ""name"": ""Denver International Airport""}, ""duration"": ""PT2H38M"", ""segments"": [{""id"": ""seg_0000B5rcRzP1KypGLIWz0N"", ""origin"": {""iata"": ""DEN"", ""name"": ""Denver International Airport""}, ""carrier"": {""iata"": ""AA"", ""name"": ""American Airlines"", ""logoUrl"": ""https://assets.duffel.com/img/airlines/for-light-background/full-color-logo/AA.svg""}, ""aircraft"": ""Boeing 737-800"", ""baggages"": [{""type"": ""checked"", ""quantity"": 0}, {""type"": ""carry_on"", ""quantity"": 1}], ""arrivingAt"": ""2026-06-17T10:33:00"", ""cabinClass"": ""ECONOMY"", ""departingAt"": ""2026-06-17T06:55:00"", ""destination"": {""iata"": ""ORD"", ""name"": ""O'Hare International Airport""}, ""flightNumber"": ""2771""}], ""destination"": {""city"": ""Chicago"", ""iata"": ""ORD"", ""name"": ""O'Hare International Airport""}}, {""id"": ""sli_0000B5rcRzP1KypGLIWz0T"", ""origin"": {""city"": ""Chicago"", ""iata"": ""ORD"", ""name"": ""O'Hare International Airport""}, ""duration"": ""PT2H41M"", ""segments"": [{""id"": ""seg_0000B5rcRzP1KypGLIWz0Q"", ""origin"": {""iata"": ""ORD"", ""name"": ""O'Hare International Airport""}, ""carrier"": {""iata"": ""AA"", ""name"": ""American Airlines"", ""logoUrl"": ""https://assets.duffel.com/img/airlines/for-light-background/full-color-logo/AA.svg""}, ""aircraft"": ""Airbus A319"", ""baggages"": [{""type"": ""checked"", ""quantity"": 0}, {""type"": ""carry_on"", ""quantity"": 1}], ""arrivingAt"": ""2026-06-23T08:20:00"", ""cabinClass"": ""ECONOMY"", ""departingAt"": ""2026-06-23T06:39:00"", ""destination"": {""iata"": ""DEN"", ""name"": ""Denver International Airport""}, ""flightNumber"": ""1747""}], ""destination"": {""city"": ""Denver"", ""iata"": ""DEN"", ""name"": ""Denver International Airport""}}], ""expiresAt"": ""2026-05-01T20:54:04.000000Z"", ""enrichment"": {""owner"": {""iata"": ""AA"", ""name"": ""American Airlines""}, ""baggage"": [{""type"": ""checked"", ""quantity"": 0, ""weightUnit"": null, ""weightValue"": null}, {""type"": ""carry_on"", ""quantity"": 1, ""weightUnit"": null, ""weightValue"": null}], ""fareBrand"": ""QWAIZNBX"", ""cabinClass"": ""ECONOMY"", ""conditions"": {""refundable"": false, ""changeBeforeDeparture"": {""allowed"": false, ""description"": ""Changes before departure: not allowed"", ""penaltyAmount"": null, ""penaltyCurrency"": null}, ""refundBeforeDeparture"": {""allowed"": false, ""description"": ""Refunds before departure: not allowed"", ""penaltyAmount"": null, ""penaltyCurrency"": null}}, ""seatSelection"": {""available"": null, ""feeAmount"": null, ""description"": ""Seat selection details available at check-in"", ""feeCurrency"": null}, ""baggageSummary"": ""0× checked, 1× carry on"", ""fareConditionsText"": [""Changes before departure: not allowed"", ""Refunds before departure: not allowed"", ""Seat selection details available at check-in"", ""Baggage: 0× checked, 1× carry on""], ""paymentRequirements"": {""paymentRequiredBy"": ""2026-05-01T21:59:00Z"", ""requiresInstantPayment"": false}}, ""passengers"": [{""id"": ""pas_0000B5rcRmj55IlncLdg15"", ""age"": null, ""type"": ""adult"", ""fare_type"": null, ""given_name"": null, ""family_name"": null, ""loyalty_programme_accounts"": []}], ""totalAmount"": ""233.41"", ""totalCurrency"": ""USD""}"
93,67,flight,"Economy Flight: Denver to Boston, Boston to Denver",210.94,off_0000B5utz3uDlkWMsTXYk0,"{""id"": ""off_0000B5utz3uDlkWMsTXYk0"", ""owner"": {""id"": ""arl_00009VME7DAGiJjwomhv32"", ""name"": ""American Airlines"", ""iata_code"": ""AA"", ""logo_lockup_url"": ""https://assets.duffel.com/img/airlines/for-light-background/full-color-lockup/AA.svg"", ""logo_symbol_url"": ""https://assets.duffel.com/img/airlines/for-light-background/full-color-logo/AA.svg"", ""conditions_of_carriage_url"": ""https://www.aa.com/i18n/customer-service/support/conditions-of-carriage.jsp""}, ""slices"": [{""id"": ""sli_0000B5utz3uDlkWMsTXYju"", ""origin"": {""city"": ""Denver"", ""iata"": ""DEN"", ""name"": ""Denver International Airport""}, ""duration"": ""PT6H42M"", ""segments"": [{""id"": ""seg_0000B5utz3uDlkWMsTXYjs"", ""origin"": {""iata"": ""DEN"", ""name"": ""Denver International Airport""}, ""carrier"": {""iata"": ""AA"", ""name"": ""American Airlines"", ""logoUrl"": ""https://assets.duffel.com/img/airlines/for-light-background/full-color-logo/AA.svg""}, ""aircraft"": ""Airbus A320"", ""baggages"": [{""type"": ""checked"", ""quantity"": 0}, {""type"": ""carry_on"", ""quantity"": 1}], ""arrivingAt"": ""2026-05-28T05:35:00"", ""cabinClass"": ""ECONOMY"", ""departingAt"": ""2026-05-27T23:59:00"", ""destination"": {""iata"": ""PHL"", ""name"": ""Philadelphia International Airport""}, ""flightNumber"": ""2500""}, {""id"": ""seg_0000B5utz3uDlkWMsTXYjt"", ""origin"": {""iata"": ""PHL"", ""name"": ""Philadelphia International Airport""}, ""carrier"": {""iata"": ""AA"", ""name"": ""American Airlines"", ""logoUrl"": ""https://assets.duffel.com/img/airlines/for-light-background/full-color-logo/AA.svg""}, ""aircraft"": ""Airbus A320"", ""baggages"": [{""type"": ""checked"", ""quantity"": 0}, {""type"": ""carry_on"", ""quantity"": 1}], ""arrivingAt"": ""2026-05-28T08:41:00"", ""cabinClass"": ""ECONOMY"", ""departingAt"": ""2026-05-28T07:20:00"", ""destination"": {""iata"": ""BOS"", ""name"": ""General Edward Lawrence Logan International Airport""}, ""flightNumber"": ""3225""}], ""destination"": {""city"": ""Boston"", ""iata"": ""BOS"", ""name"": ""General Edward Lawrence Logan International Airport""}}, {""id"": ""sli_0000B5utz3uDlkWMsTXYjy"", ""origin"": {""city"": ""Boston"", ""iata"": ""BOS"", ""name"": ""General Edward Lawrence Logan International Airport""}, ""duration"": ""PT6H53M"", ""segments"": [{""id"": ""seg_0000B5utz3uDlkWMsTXYjw"", ""origin"": {""iata"": ""BOS"", ""name"": ""General Edward Lawrence Logan International Airport""}, ""carrier"": {""iata"": ""AA"", ""name"": ""American Airlines"", ""logoUrl"": ""https://assets.duffel.com/img/airlines/for-light-background/full-color-logo/AA.svg""}, ""aircraft"": ""Boeing 737-800"", ""baggages"": [{""type"": ""checked"", ""quantity"": 0}, {""type"": ""carry_on"", ""quantity"": 1}], ""arrivingAt"": ""2026-06-03T12:39:00"", ""cabinClass"": ""ECONOMY"", ""departingAt"": ""2026-06-03T10:13:00"", ""destination"": {""iata"": ""CLT"", ""name"": ""Charlotte Douglas International Airport""}, ""flightNumber"": ""1548""}, {""id"": ""seg_0000B5utz3uDlkWMsTXYjx"", ""origin"": {""iata"": ""CLT"", ""name"": ""Charlotte Douglas International Airport""}, ""carrier"": {""iata"": ""AA"", ""name"": ""American Airlines"", ""logoUrl"": ""https://assets.duffel.com/img/airlines/for-light-background/full-color-logo/AA.svg""}, ""aircraft"": ""Airbus A321"", ""baggages"": [{""type"": ""checked"", ""quantity"": 0}, {""type"": ""carry_on"", ""quantity"": 1}], ""arrivingAt"": ""2026-06-03T15:06:00"", ""cabinClass"": ""ECONOMY"", ""departingAt"": ""2026-06-03T13:32:00"", ""destination"": {""iata"": ""DEN"", ""name"": ""Denver International Airport""}, ""flightNumber"": ""1735""}], ""destination"": {""city"": ""Denver"", ""iata"": ""DEN"", ""name"": ""Denver International Airport""}}], ""expiresAt"": ""2026-05-03T10:54:39.000000Z"", ""enrichment"": {""owner"": {""iata"": ""AA"", ""name"": ""American Airlines""}, ""baggage"": [{""type"": ""checked"", ""quantity"": 0, ""weightUnit"": null, ""weightValue"": null}, {""type"": ""carry_on"", ""quantity"": 1, ""weightUnit"": null, ""weightValue"": null}], ""fareBrand"": ""OVAZKNBV"", ""cabinClass"": ""ECONOMY"", ""conditions"": {""refundable"": false, ""changeBeforeDeparture"": {""allowed"": false, ""description"": ""Changes before departure: not allowed"", ""penaltyAmount"": null, ""penaltyCurrency"": null}, ""refundBeforeDeparture"": {""allowed"": false, ""description"": ""Refunds before departure: not allowed"", ""penaltyAmount"": null, ""penaltyCurrency"": null}}, ""seatSelection"": {""available"": null, ""feeAmount"": null, ""description"": ""Seat selection details available at check-in"", ""feeCurrency"": null}, ""baggageSummary"": ""0× checked, 1× carry on"", ""fareConditionsText"": [""Changes before departure: not allowed"", ""Refunds before departure: not allowed"", ""Seat selection details available at check-in"", ""Baggage: 0× checked, 1× carry on""], ""paymentRequirements"": {""paymentRequiredBy"": ""2026-05-04T21:59:00Z"", ""requiresInstantPayment"": false}}, ""passengers"": [{""id"": ""pas_0000B5utymrVsgpcI4mkS0"", ""age"": null, ""type"": ""adult"", ""fare_type"": null, ""given_name"": null, ""family_name"": null, ""loyalty_programme_accounts"": []}], ""totalAmount"": ""210.94"", ""totalCurrency"": ""USD""}"
94,67,flight,"Alternative Economy Flight: Denver to Boston, Boston to Denver (Alaska Airlines)",454.40,off_0000B5utyvoFs2zlleggJs,"{""id"": ""off_0000B5utyvoFs2zlleggJs"", ""owner"": {""id"": ""arl_00009VME7DAch01WpssCcN"", ""name"": ""Alaska Airlines"", ""iata_code"": ""AS"", ""logo_lockup_url"": ""https://assets.duffel.com/img/airlines/for-light-background/full-color-lockup/AS.svg"", ""logo_symbol_url"": ""https://assets.duffel.com/img/airlines/for-light-background/full-color-logo/AS.svg"", ""conditions_of_carriage_url"": ""https://www.alaskaair.com/content/legal/contract-of-carriage/rule-1""}, ""slices"": [{""id"": ""sli_0000B5utyvoFs2zlleggJm"", ""origin"": {""city"": ""Denver"", ""iata"": ""DEN"", ""name"": ""Denver International Airport""}, ""duration"": ""PT10H22M"", ""segments"": [{""id"": ""seg_0000B5utyvoFs2zlleggJk"", ""origin"": {""iata"": ""DEN"", ""name"": ""Denver International Airport""}, ""carrier"": {""iata"": ""AS"", ""name"": ""Alaska Airlines"", ""logoUrl"": ""https://assets.duffel.com/img/airlines/for-light-background/full-color-logo/AS.svg""}, ""aircraft"": ""Boeing 737-900 (winglets)/BBJ3"", ""baggages"": [{""type"": ""carry_on"", ""quantity"": 1}], ""arrivingAt"": ""2026-05-27T19:46:00"", ""cabinClass"": ""Economy"", ""departingAt"": ""2026-05-27T17:58:00"", ""destination"": {""iata"": ""PDX"", ""name"": ""Portland International Airport""}, ""flightNumber"": ""0679""}, {""id"": ""seg_0000B5utyvoFs2zlleggJl"", ""origin"": {""iata"": ""PDX"", ""name"": ""Portland International Airport""}, ""carrier"": {""iata"": ""AS"", ""name"": ""Alaska Airlines"", ""logoUrl"": ""https://assets.duffel.com/img/airlines/for-light-background/full-color-logo/AS.svg""}, ""aircraft"": ""Boeing 737-900 (winglets)/BBJ3"", ""baggages"": [{""type"": ""carry_on"", ""quantity"": 1}], ""arrivingAt"": ""2026-05-28T06:20:00"", ""cabinClass"": ""Economy"", ""departingAt"": ""2026-05-27T21:46:00"", ""destination"": {""iata"": ""BOS"", ""name"": ""General Edward Lawrence Logan International Airport""}, ""flightNumber"": ""0436""}], ""destination"": {""city"": ""Boston"", ""iata"": ""BOS"", ""name"": ""General Edward Lawrence Logan International Airport""}}, {""id"": ""sli_0000B5utyvoFs2zlleggJq"", ""origin"": {""city"": ""Boston"", ""iata"": ""BOS"", ""name"": ""General Edward Lawrence Logan International Airport""}, ""duration"": ""PT11H42M"", ""segments"": [{""id"": ""seg_0000B5utyvoFs2zlleggJo"", ""origin"": {""iata"": ""BOS"", ""name"": ""General Edward Lawrence Logan International Airport""}, ""carrier"": {""iata"": ""AS"", ""name"": ""Alaska Airlines"", ""logoUrl"": ""https://assets.duffel.com/img/airlines/for-light-background/full-color-logo/AS.svg""}, ""aircraft"": ""Boeing 737 MAX 9 / BBJ MAX 9"", ""baggages"": [{""type"": ""carry_on"", ""quantity"": 1}], ""arrivingAt"": ""2026-06-03T10:38:00"", ""cabinClass"": ""Economy"", ""departingAt"": ""2026-06-03T07:20:00"", ""destination"": {""iata"": ""SEA"", ""name"": ""Seattle-Tacoma International Airport""}, ""flightNumber"": ""0459""}, {""id"": ""seg_0000B5utyvoFs2zlleggJp"", ""origin"": {""iata"": ""SEA"", ""name"": ""Seattle-Tacoma International Airport""}, ""carrier"": {""iata"": ""AS"", ""name"": ""Alaska Airlines"", ""logoUrl"": ""https://assets.duffel.com/img/airlines/for-light-background/full-color-logo/AS.svg""}, ""aircraft"": ""Boeing 737 MAX 9 / BBJ MAX 9"", ""baggages"": [{""type"": ""carry_on"", ""quantity"": 1}], ""arrivingAt"": ""2026-06-03T17:02:00"", ""cabinClass"": ""Economy"", ""departingAt"": ""2026-06-03T13:13:00"", ""destination"": {""iata"": ""DEN"", ""name"": ""Denver International Airport""}, ""flightNumber"": ""0786""}], ""destination"": {""city"": ""Denver"", ""iata"": ""DEN"", ""name"": ""Denver International Airport""}}], ""expiresAt"": ""2026-05-03T11:24:40.746660Z"", ""enrichment"": {""owner"": {""iata"": ""AS"", ""name"": ""Alaska Airlines""}, ""baggage"": [{""type"": ""carry_on"", ""quantity"": 1, ""weightUnit"": null, ""weightValue"": null}], ""fareBrand"": ""OH2OZJBN"", ""cabinClass"": ""Economy"", ""conditions"": {""refundable"": null, ""changeBeforeDeparture"": {""allowed"": null, ""description"": ""Changes before departure: subject to airline policy"", ""penaltyAmount"": null, ""penaltyCurrency"": null}, ""refundBeforeDeparture"": {""allowed"": null, ""description"": ""Refunds before departure: subject to airline policy"", ""penaltyAmount"": null, ""penaltyCurrency"": null}}, ""seatSelection"": {""available"": null, ""feeAmount"": null, ""description"": ""Seat selection details available at check-in"", ""feeCurrency"": null}, ""baggageSummary"": ""1× carry on"", ""fareConditionsText"": [""Changes before departure: subject to airline policy"", ""Refunds before departure: subject to airline policy"", ""Seat selection details available at check-in"", ""Baggage: 1× carry on""], ""paymentRequirements"": {""paymentRequiredBy"": ""2026-05-04T03:59:00Z"", ""requiresInstantPayment"": false}}, ""passengers"": [{""id"": ""pas_0000B5utymrVsgpcI4mkS0"", ""age"": null, ""type"": ""adult"", ""fare_type"": null, ""given_name"": null, ""family_name"": null, ""loyalty_programme_accounts"": []}], ""totalAmount"": ""454.40"", ""totalCurrency"": ""USD""}"
97,69,flight,"Economy Flight: Newark to Miami, Miami to Newark",247.47,off_0000B65hLJAUmKtDcrnDbJ,"{""id"": ""off_0000B65hLJAUmKtDcrnDbJ"", ""owner"": {""id"": ""arl_00009VME7DAGiJjwomhv32"", ""name"": ""American Airlines"", ""iata_code"": ""AA"", ""logo_lockup_url"": ""https://assets.duffel.com/img/airlines/for-light-background/full-color-lockup/AA.svg"", ""logo_symbol_url"": ""https://assets.duffel.com/img/airlines/for-light-background/full-color-logo/AA.svg"", ""conditions_of_carriage_url"": ""https://www.aa.com/i18n/customer-service/support/conditions-of-carriage.jsp""}, ""slices"": [{""id"": ""sli_0000B65hLJAUmKtDcrnDbE"", ""origin"": {""city"": ""Newark"", ""iata"": ""EWR"", ""name"": ""Newark Liberty International Airport""}, ""duration"": ""PT3H23M"", ""segments"": [{""id"": ""seg_0000B65hLJA8nebdblcw41"", ""origin"": {""iata"": ""EWR"", ""name"": ""Newark Liberty International Airport""}, ""carrier"": {""iata"": ""AA"", ""name"": ""American Airlines"", ""logoUrl"": ""https://assets.duffel.com/img/airlines/for-light-background/full-color-logo/AA.svg""}, ""aircraft"": ""Boeing 737 MAX 8 / BBJ MAX 8/MAX200"", ""baggages"": [{""type"": ""checked"", ""quantity"": 0}, {""type"": ""carry_on"", ""quantity"": 1}], ""arrivingAt"": ""2026-06-05T21:53:00"", ""cabinClass"": ""ECONOMY"", ""departingAt"": ""2026-06-05T18:30:00"", ""destination"": {""iata"": ""MIA"", ""name"": ""Miami International Airport""}, ""flightNumber"": ""3119""}], ""destination"": {""city"": ""Miami"", ""iata"": ""MIA"", ""name"": ""Miami International Airport""}}, {""id"": ""sli_0000B65hLJAUmKtDcrnDbH"", ""origin"": {""city"": ""Miami"", ""iata"": ""MIA"", ""name"": ""Miami International Airport""}, ""duration"": ""PT3H10M"", ""segments"": [{""id"": ""seg_0000B65hLJAUmKtDcrnDbG"", ""origin"": {""iata"": ""MIA"", ""name"": ""Miami International Airport""}, ""carrier"": {""iata"": ""AA"", ""name"": ""American Airlines"", ""logoUrl"": ""https://assets.duffel.com/img/airlines/for-light-background/full-color-logo/AA.svg""}, ""aircraft"": ""Airbus A321"", ""baggages"": [{""type"": ""checked"", ""quantity"": 0}, {""type"": ""carry_on"", ""quantity"": 1}], ""arrivingAt"": ""2026-06-09T22:57:00"", ""cabinClass"": ""ECONOMY"", ""departingAt"": ""2026-06-09T19:47:00"", ""destination"": {""iata"": ""EWR"", ""name"": ""Newark Liberty International Airport""}, ""flightNumber"": ""0322""}], ""destination"": {""city"": ""Newark"", ""iata"": ""EWR"", ""name"": ""Newark Liberty International Airport""}}], ""expiresAt"": ""2026-05-08T15:54:50.000000Z"", ""enrichment"": {""owner"": {""iata"": ""AA"", ""name"": ""American Airlines""}, ""baggage"": [{""type"": ""checked"", ""quantity"": 0, ""weightUnit"": null, ""weightValue"": null}, {""type"": ""carry_on"", ""quantity"": 1, ""weightUnit"": null, ""weightValue"": null}], ""fareBrand"": ""QVDHZNBX"", ""cabinClass"": ""ECONOMY"", ""conditions"": {""refundable"": false, ""changeBeforeDeparture"": {""allowed"": false, ""description"": ""Changes before departure: not allowed"", ""penaltyAmount"": null, ""penaltyCurrency"": null}, ""refundBeforeDeparture"": {""allowed"": false, ""description"": ""Refunds before departure: not allowed"", ""penaltyAmount"": null, ""penaltyCurrency"": null}}, ""seatSelection"": {""available"": null, ""feeAmount"": null, ""description"": ""Seat selection details available at check-in"", ""feeCurrency"": null}, ""baggageSummary"": ""0× checked, 1× carry on"", ""fareConditionsText"": [""Changes before departure: not allowed"", ""Refunds before departure: not allowed"", ""Seat selection details available at check-in"", ""Baggage: 0× checked, 1× carry on""], ""paymentRequirements"": {""paymentRequiredBy"": ""2026-05-09T21:59:00Z"", ""requiresInstantPayment"": false}}, ""passengers"": [{""id"": ""pas_0000B65hL1w3XlcOSLDQ5b"", ""age"": null, ""type"": ""adult"", ""fare_type"": null, ""given_name"": null, ""family_name"": null, ""loyalty_programme_accounts"": []}], ""totalAmount"": ""247.47"", ""totalCurrency"": ""USD""}"
98,69,flight,"Alternative Economy Flight: Newark to Miami, Miami to Newark (Frontier Airlines)",344.98,off_0000B65hL5PZvSdUxak4AP,"{""id"": ""off_0000B65hL5PZvSdUxak4AP"", ""owner"": {""id"": ""arl_00009VME7DC2bj9quHXKpE"", ""name"": ""Frontier Airlines"", ""iata_code"": ""F9"", ""logo_lockup_url"": ""https://assets.duffel.com/img/airlines/for-light-background/full-color-lockup/F9.svg"", ""logo_symbol_url"": ""https://assets.duffel.com/img/airlines/for-light-background/full-color-logo/F9.svg"", ""conditions_of_carriage_url"": ""https://www.flyfrontier.com/legal/contract-of-carriage""}, ""slices"": [{""id"": ""sli_0000B65hL5PDwmLuwUZmc5"", ""origin"": {""city"": ""Newark"", ""iata"": ""EWR"", ""name"": ""Newark Liberty International Airport""}, ""duration"": ""PT7H25M"", ""segments"": [{""id"": ""seg_0000B65hL5Ory64KvOPV3o"", ""origin"": {""iata"": ""EWR"", ""name"": ""Newark Liberty International Airport""}, ""carrier"": {""iata"": ""F9"", ""name"": ""Frontier Airlines"", ""logoUrl"": ""https://assets.duffel.com/img/airlines/for-light-background/full-color-logo/F9.svg""}, ""aircraft"": ""Airbus A320neo"", ""baggages"": [{""type"": ""checked"", ""quantity"": 0}], ""arrivingAt"": ""2026-06-05T08:37:00"", ""cabinClass"": ""Economy"", ""departingAt"": ""2026-06-05T05:55:00"", ""destination"": {""iata"": ""ATL"", ""name"": ""Hartsfield-Jackson Atlanta International Airport""}, ""flightNumber"": ""4601""}, {""id"": ""seg_0000B65hL5PDwmLuwUZmc4"", ""origin"": {""iata"": ""ATL"", ""name"": ""Hartsfield-Jackson Atlanta International Airport""}, ""carrier"": {""iata"": ""F9"", ""name"": ""Frontier Airlines"", ""logoUrl"": ""https://assets.duffel.com/img/airlines/for-light-background/full-color-logo/F9.svg""}, ""aircraft"": ""Airbus A320neo"", ""baggages"": [{""type"": ""checked"", ""quantity"": 0}], ""arrivingAt"": ""2026-06-05T13:20:00"", ""cabinClass"": ""Economy"", ""departingAt"": ""2026-06-05T11:20:00"", ""destination"": {""iata"": ""MIA"", ""name"": ""Miami International Airport""}, ""flightNumber"": ""4406""}], ""destination"": {""city"": ""Miami"", ""iata"": ""MIA"", ""name"": ""Miami International Airport""}}, {""id"": ""sli_0000B65hL5PZvSdUxak4AN"", ""origin"": {""city"": ""Miami"", ""iata"": ""MIA"", ""name"": ""Miami International Airport""}, ""duration"": ""PT7H39M"", ""segments"": [{""id"": ""seg_0000B65hL5PZvSdUxak4AL"", ""origin"": {""iata"": ""MIA"", ""name"": ""Miami International Airport""}, ""carrier"": {""iata"": ""F9"", ""name"": ""Frontier Airlines"", ""logoUrl"": ""https://assets.duffel.com/img/airlines/for-light-background/full-color-logo/F9.svg""}, ""aircraft"": ""Airbus A320neo"", ""baggages"": [{""type"": ""checked"", ""quantity"": 0}], ""arrivingAt"": ""2026-06-09T19:55:00"", ""cabinClass"": ""Economy"", ""departingAt"": ""2026-06-09T17:26:00"", ""destination"": {""iata"": ""ATL"", ""name"": ""Hartsfield-Jackson Atlanta International Airport""}, ""flightNumber"": ""4405""}, {""id"": ""seg_0000B65hL5PZvSdUxak4AM"", ""origin"": {""iata"": ""ATL"", ""name"": ""Hartsfield-Jackson Atlanta International Airport""}, ""carrier"": {""iata"": ""F9"", ""name"": ""Frontier Airlines"", ""logoUrl"": ""https://assets.duffel.com/img/airlines/for-light-background/full-color-logo/F9.svg""}, ""aircraft"": ""Airbus A320neo"", ""baggages"": [{""type"": ""checked"", ""quantity"": 0}], ""arrivingAt"": ""2026-06-10T01:05:00"", ""cabinClass"": ""Economy"", ""departingAt"": ""2026-06-09T22:40:00"", ""destination"": {""iata"": ""EWR"", ""name"": ""Newark Liberty International Airport""}, ""flightNumber"": ""4602""}], ""destination"": {""city"": ""Newark"", ""iata"": ""EWR"", ""name"": ""Newark Liberty International Airport""}}], ""expiresAt"": ""2026-05-08T16:24:50.536055Z"", ""enrichment"": {""owner"": {""iata"": ""F9"", ""name"": ""Frontier Airlines""}, ""baggage"": [{""type"": ""checked"", ""quantity"": 0, ""weightUnit"": null, ""weightValue"": null}], ""fareBrand"": ""C21PXP4"", ""cabinClass"": ""Economy"", ""conditions"": {""refundable"": null, ""changeBeforeDeparture"": {""allowed"": null, ""description"": ""Changes before departure: subject to airline policy"", ""penaltyAmount"": null, ""penaltyCurrency"": null}, ""refundBeforeDeparture"": {""allowed"": null, ""description"": ""Refunds before departure: subject to airline policy"", ""penaltyAmount"": null, ""penaltyCurrency"": null}}, ""seatSelection"": {""available"": null, ""feeAmount"": null, ""description"": ""Seat selection details available at check-in"", ""feeCurrency"": null}, ""baggageSummary"": ""0× checked"", ""fareConditionsText"": [""Changes before departure: subject to airline policy"", ""Refunds before departure: subject to airline policy"", ""Seat selection details available at check-in"", ""Baggage: 0× checked""], ""paymentRequirements"": {""paymentRequiredBy"": ""2026-05-08T19:24:00Z"", ""requiresInstantPayment"": false}}, ""passengers"": [{""id"": ""pas_0000B65hL1w3XlcOSLDQ5b"", ""age"": null, ""type"": ""adult"", ""fare_type"": null, ""given_name"": null, ""family_name"": null, ""loyalty_programme_accounts"": []}], ""totalAmount"": ""344.98"", ""totalCurrency"": ""USD""}"
101,71,flight,Economy Flight: IND to BOS,331.00,serpapi-AmericanAA 3596|2026-06-03T15:58,"{""id"": ""serpapi-AmericanAA 3596|2026-06-03T15:58"", ""owner"": {""name"": ""American"", ""iata_code"": ""American""}, ""slices"": [{""origin"": {""iata"": ""IND""}, ""duration"": ""PT8H1M"", ""segments"": [{""origin"": {""iata"": ""IND""}, ""carrier"": {""iata"": ""American"", ""name"": ""American""}, ""arrivingAt"": ""2026-06-03 16:21"", ""departingAt"": ""2026-06-03 15:58"", ""destination"": {""iata"": ""ORD""}, ""flightNumber"": ""AA 3596""}, {""origin"": {""iata"": ""ORD""}, ""carrier"": {""iata"": ""American"", ""name"": ""American""}, ""arrivingAt"": ""2026-06-03 23:59"", ""departingAt"": ""2026-06-03 20:29"", ""destination"": {""iata"": ""BOS""}, ""flightNumber"": ""AA 2682""}], ""destination"": {""iata"": ""BOS""}}], ""enrichment"": {""owner"": {""iata"": ""American"", ""name"": ""American""}, ""baggage"": [], ""fareBrand"": null, ""cabinClass"": null, ""conditions"": {""refundable"": null, ""changeBeforeDeparture"": {""allowed"": null, ""description"": ""Changes before departure: subject to airline policy"", ""penaltyAmount"": null, ""penaltyCurrency"": null}, ""refundBeforeDeparture"": {""allowed"": null, ""description"": ""Refunds before departure: subject to airline policy"", ""penaltyAmount"": null, ""penaltyCurrency"": null}}, ""seatSelection"": {""available"": null, ""feeAmount"": null, ""description"": ""Seat selection details available at check-in"", ""feeCurrency"": null}, ""baggageSummary"": ""See airline policy"", ""fareConditionsText"": [""Changes before departure: subject to airline policy"", ""Refunds before departure: subject to airline policy"", ""Seat selection details available at check-in"", ""Baggage: See airline policy""], ""paymentRequirements"": null}, ""passengers"": [{""type"": ""adult""}], ""totalAmount"": ""331"", ""totalCurrency"": ""USD""}"
102,71,flight,Alternative Economy Flight: IND to BOS (United),331.00,serpapi-UnitedUA 2680|2026-06-03T16:25,"{""id"": ""serpapi-UnitedUA 2680|2026-06-03T16:25"", ""owner"": {""name"": ""United"", ""iata_code"": ""United""}, ""slices"": [{""origin"": {""iata"": ""IND""}, ""duration"": ""PT8H49M"", ""segments"": [{""origin"": {""iata"": ""IND""}, ""carrier"": {""iata"": ""United"", ""name"": ""United""}, ""arrivingAt"": ""2026-06-03 16:48"", ""departingAt"": ""2026-06-03 16:25"", ""destination"": {""iata"": ""ORD""}, ""flightNumber"": ""UA 2680""}, {""origin"": {""iata"": ""ORD""}, ""carrier"": {""iata"": ""United"", ""name"": ""United""}, ""arrivingAt"": ""2026-06-04 01:14"", ""departingAt"": ""2026-06-03 21:41"", ""destination"": {""iata"": ""BOS""}, ""flightNumber"": ""UA 1779""}], ""destination"": {""iata"": ""BOS""}}], ""enrichment"": {""owner"": {""iata"": ""United"", ""name"": ""United""}, ""baggage"": [], ""fareBrand"": null, ""cabinClass"": null, ""conditions"": {""refundable"": null, ""changeBeforeDeparture"": {""allowed"": null, ""description"": ""Changes before departure: subject to airline policy"", ""penaltyAmount"": null, ""penaltyCurrency"": null}, ""refundBeforeDeparture"": {""allowed"": null, ""description"": ""Refunds before departure: subject to airline policy"", ""penaltyAmount"": null, ""penaltyCurrency"": null}}, ""seatSelection"": {""available"": null, ""feeAmount"": null, ""description"": ""Seat selection details available at check-in"", ""feeCurrency"": null}, ""baggageSummary"": ""See airline policy"", ""fareConditionsText"": [""Changes before departure: subject to airline policy"", ""Refunds before departure: subject to airline policy"", ""Seat selection details available at check-in"", ""Baggage: See airline policy""], ""paymentRequirements"": null}, ""passengers"": [{""type"": ""adult""}], ""totalAmount"": ""331"", ""totalCurrency"": ""USD""}"
103,72,flight,Economy Flight: Indianapolis to Boston,419.76,off_0000B6823LgKefnDcx4AlE,"{""id"": ""off_0000B6823LgKefnDcx4AlE"", ""owner"": {""id"": ""arl_00009VME7DAGiJjwomhv32"", ""name"": ""American Airlines"", ""iata_code"": ""AA"", ""logo_lockup_url"": ""https://assets.duffel.com/img/airlines/for-light-background/full-color-lockup/AA.svg"", ""logo_symbol_url"": ""https://assets.duffel.com/img/airlines/for-light-background/full-color-logo/AA.svg"", ""conditions_of_carriage_url"": ""https://www.aa.com/i18n/customer-service/support/conditions-of-carriage.jsp""}, ""slices"": [{""id"": ""sli_0000B6823LgKefnDcx4AlC"", ""origin"": {""city"": ""Indianapolis"", ""iata"": ""IND"", ""name"": ""Indianapolis International Airport""}, ""duration"": ""PT2H23M"", ""segments"": [{""id"": ""seg_0000B6823LgKefnDcx4AlB"", ""origin"": {""iata"": ""IND"", ""name"": ""Indianapolis International Airport""}, ""carrier"": {""iata"": ""AA"", ""name"": ""American Airlines"", ""logoUrl"": ""https://assets.duffel.com/img/airlines/for-light-background/full-color-logo/AA.svg""}, ""aircraft"": ""Embraer 175"", ""baggages"": [{""type"": ""checked"", ""quantity"": 0}, {""type"": ""carry_on"", ""quantity"": 1}], ""arrivingAt"": ""2026-05-23T10:48:00"", ""cabinClass"": ""ECONOMY"", ""departingAt"": ""2026-05-23T08:25:00"", ""destination"": {""iata"": ""BOS"", ""name"": ""General Edward Lawrence Logan International Airport""}, ""flightNumber"": ""4716""}], ""destination"": {""city"": ""Boston"", ""iata"": ""BOS"", ""name"": ""General Edward Lawrence Logan International Airport""}}], ""expiresAt"": ""2026-05-09T18:56:20.000000Z"", ""enrichment"": {""owner"": {""iata"": ""AA"", ""name"": ""American Airlines""}, ""baggage"": [{""type"": ""checked"", ""quantity"": 0, ""weightUnit"": null, ""weightValue"": null}, {""type"": ""carry_on"", ""quantity"": 1, ""weightUnit"": null, ""weightValue"": null}], ""fareBrand"": ""GUAHZNN1"", ""cabinClass"": ""ECONOMY"", ""conditions"": {""refundable"": false, ""changeBeforeDeparture"": {""allowed"": true, ""description"": ""Changes before departure: allowed for a fee of 0.00 EUR"", ""penaltyAmount"": ""0.00"", ""penaltyCurrency"": ""EUR""}, ""refundBeforeDeparture"": {""allowed"": false, ""description"": ""Refunds before departure: not allowed"", ""penaltyAmount"": null, ""penaltyCurrency"": null}}, ""seatSelection"": {""available"": null, ""feeAmount"": null, ""description"": ""Seat selection details available at check-in"", ""feeCurrency"": null}, ""baggageSummary"": ""0× checked, 1× carry on"", ""fareConditionsText"": [""Changes before departure: allowed for a fee of 0.00 EUR"", ""Refunds before departure: not allowed"", ""Seat selection details available at check-in"", ""Baggage: 0× checked, 1× carry on""], ""paymentRequirements"": {""paymentRequiredBy"": ""2026-05-09T21:59:00Z"", ""requiresInstantPayment"": false}}, ""passengers"": [{""id"": ""pas_0000B6823DL9huAD0sJiDa"", ""age"": null, ""type"": ""adult"", ""fare_type"": null, ""given_name"": null, ""family_name"": null, ""loyalty_programme_accounts"": []}], ""totalAmount"": ""419.76"", ""totalCurrency"": ""USD""}"
104,72,flight,Alternative ECONOMY Flight: Indianapolis to Boston (American Airlines),419.76,off_0000B6823LgKefnDcx4Akq,"{""id"": ""off_0000B6823LgKefnDcx4Akq"", ""owner"": {""id"": ""arl_00009VME7DAGiJjwomhv32"", ""name"": ""American Airlines"", ""iata_code"": ""AA"", ""logo_lockup_url"": ""https://assets.duffel.com/img/airlines/for-light-background/full-color-lockup/AA.svg"", ""logo_symbol_url"": ""https://assets.duffel.com/img/airlines/for-light-background/full-color-logo/AA.svg"", ""conditions_of_carriage_url"": ""https://www.aa.com/i18n/customer-service/support/conditions-of-carriage.jsp""}, ""slices"": [{""id"": ""sli_0000B6823LgKefnDcx4Ako"", ""origin"": {""city"": ""Indianapolis"", ""iata"": ""IND"", ""name"": ""Indianapolis International Airport""}, ""duration"": ""PT2H26M"", ""segments"": [{""id"": ""seg_0000B6823LgKefnDcx4Akn"", ""origin"": {""iata"": ""IND"", ""name"": ""Indianapolis International Airport""}, ""carrier"": {""iata"": ""AA"", ""name"": ""American Airlines"", ""logoUrl"": ""https://assets.duffel.com/img/airlines/for-light-background/full-color-logo/AA.svg""}, ""aircraft"": ""Embraer 175"", ""baggages"": [{""type"": ""checked"", ""quantity"": 0}, {""type"": ""carry_on"", ""quantity"": 1}], ""arrivingAt"": ""2026-05-23T17:13:00"", ""cabinClass"": ""ECONOMY"", ""departingAt"": ""2026-05-23T14:47:00"", ""destination"": {""iata"": ""BOS"", ""name"": ""General Edward Lawrence Logan International Airport""}, ""flightNumber"": ""4368""}], ""destination"": {""city"": ""Boston"", ""iata"": ""BOS"", ""name"": ""General Edward Lawrence Logan International Airport""}}], ""expiresAt"": ""2026-05-09T18:56:20.000000Z"", ""enrichment"": {""owner"": {""iata"": ""AA"", ""name"": ""American Airlines""}, ""baggage"": [{""type"": ""checked"", ""quantity"": 0, ""weightUnit"": null, ""weightValue"": null}, {""type"": ""carry_on"", ""quantity"": 1, ""weightUnit"": null, ""weightValue"": null}], ""fareBrand"": ""GUAHZNN1"", ""cabinClass"": ""ECONOMY"", ""conditions"": {""refundable"": false, ""changeBeforeDeparture"": {""allowed"": true, ""description"": ""Changes before departure: allowed for a fee of 0.00 EUR"", ""penaltyAmount"": ""0.00"", ""penaltyCurrency"": ""EUR""}, ""refundBeforeDeparture"": {""allowed"": false, ""description"": ""Refunds before departure: not allowed"", ""penaltyAmount"": null, ""penaltyCurrency"": null}}, ""seatSelection"": {""available"": null, ""feeAmount"": null, ""description"": ""Seat selection details available at check-in"", ""feeCurrency"": null}, ""baggageSummary"": ""0× checked, 1× carry on"", ""fareConditionsText"": [""Changes before departure: allowed for a fee of 0.00 EUR"", ""Refunds before departure: not allowed"", ""Seat selection details available at check-in"", ""Baggage: 0× checked, 1× carry on""], ""paymentRequirements"": {""paymentRequiredBy"": ""2026-05-09T21:59:00Z"", ""requiresInstantPayment"": false}}, ""passengers"": [{""id"": ""pas_0000B6823DL9huAD0sJiDa"", ""age"": null, ""type"": ""adult"", ""fare_type"": null, ""given_name"": null, ""family_name"": null, ""loyalty_programme_accounts"": []}], ""totalAmount"": ""419.76"", ""totalCurrency"": ""USD""}"
105,73,other,Travel planning - details pending from concierge call,0.00,,
106,74,flight,Economy Flight: Edmonton to San Francisco,318.36,off_0000B7N3gJz13KsrxIi3xb,"{""id"": ""off_0000B7N3gJz13KsrxIi3xb"", ""owner"": {""id"": ""arl_00009VME7DDoV8ZkzmMkaw"", ""name"": ""WestJet"", ""iata_code"": ""WS"", ""logo_lockup_url"": ""https://assets.duffel.com/img/airlines/for-light-background/full-color-lockup/WS.svg"", ""logo_symbol_url"": ""https://assets.duffel.com/img/airlines/for-light-background/full-color-logo/WS.svg"", ""conditions_of_carriage_url"": ""https://www.westjet.com/en-ca/legal/travel-terms-conditions/westjet-flights""}, ""slices"": [{""id"": ""sli_0000B7N3gJyJ5yJhv6NUsd"", ""origin"": {""city"": ""Edmonton"", ""iata"": ""YEG"", ""name"": ""Edmonton International Airport""}, ""duration"": ""PT7H55M"", ""segments"": [{""id"": ""seg_0000B7N3gJyJ5yJhv6NUsH"", ""origin"": {""iata"": ""YEG"", ""name"": ""Edmonton International Airport""}, ""carrier"": {""iata"": ""WS"", ""name"": ""WestJet"", ""logoUrl"": ""https://assets.duffel.com/img/airlines/for-light-background/full-color-logo/WS.svg""}, ""aircraft"": ""Boeing 737-800 (winglets)/BBJ2"", ""baggages"": [], ""arrivingAt"": ""2026-06-29T16:00:00"", ""cabinClass"": ""Economy"", ""departingAt"": ""2026-06-29T15:00:00"", ""destination"": {""iata"": ""YYC"", ""name"": ""Calgary International Airport""}, ""flightNumber"": ""0149""}, {""id"": ""seg_0000B7N3gJyJ5yJhv6NUsX"", ""origin"": {""iata"": ""YYC"", ""name"": ""Calgary International Airport""}, ""carrier"": {""iata"": ""WS"", ""name"": ""WestJet"", ""logoUrl"": ""https://assets.duffel.com/img/airlines/for-light-background/full-color-logo/WS.svg""}, ""aircraft"": ""Boeing 737-700 (winglets)/BBJ1"", ""baggages"": [], ""arrivingAt"": ""2026-06-29T21:55:00"", ""cabinClass"": ""Economy"", ""departingAt"": ""2026-06-29T19:55:00"", ""destination"": {""iata"": ""SFO"", ""name"": ""San Francisco International Airport""}, ""flightNumber"": ""1504""}], ""destination"": {""city"": ""San Francisco"", ""iata"": ""SFO"", ""name"": ""San Francisco International Airport""}}], ""expiresAt"": ""2026-06-15T23:17:22.976029Z"", ""enrichment"": {""owner"": {""iata"": ""WS"", ""name"": ""WestJet""}, ""baggage"": [], ""fareBrand"": ""TTQD0ZBS"", ""cabinClass"": ""Economy"", ""conditions"": {""refundable"": null, ""changeBeforeDeparture"": {""allowed"": null, ""description"": ""Changes before departure: subject to airline policy"", ""penaltyAmount"": null, ""penaltyCurrency"": null}, ""refundBeforeDeparture"": {""allowed"": null, ""description"": ""Refunds before departure: subject to airline policy"", ""penaltyAmount"": null, ""penaltyCurrency"": null}}, ""seatSelection"": {""available"": null, ""feeAmount"": null, ""description"": ""Seat selection details available at check-in"", ""feeCurrency"": null}, ""baggageSummary"": ""See airline policy"", ""fareConditionsText"": [""Changes before departure: subject to airline policy"", ""Refunds before departure: subject to airline policy"", ""Seat selection details available at check-in"", ""Baggage: See airline policy""], ""paymentRequirements"": {""paymentRequiredBy"": ""2026-06-16T03:59:00Z"", ""requiresInstantPayment"": false}}, ""passengers"": [{""id"": ""pas_0000B7N3gCaUcGUuNFyH6Q"", ""age"": null, ""type"": ""adult"", ""fare_type"": null, ""given_name"": null, ""family_name"": null, ""loyalty_programme_accounts"": []}], ""totalAmount"": ""318.36"", ""totalCurrency"": ""USD""}"
107,74,flight,Alternative Economy Flight: Edmonton to San Francisco (Air Canada),408.66,off_0000B7N3gK6oaL7eLUMI7h,"{""id"": ""off_0000B7N3gK6oaL7eLUMI7h"", ""owner"": {""id"": ""arl_00009VME7DAch01WpssCc4"", ""name"": ""Air Canada"", ""iata_code"": ""AC"", ""logo_lockup_url"": ""https://assets.duffel.com/img/airlines/for-light-background/full-color-lockup/AC.svg"", ""logo_symbol_url"": ""https://assets.duffel.com/img/airlines/for-light-background/full-color-logo/AC.svg"", ""conditions_of_carriage_url"": ""https://www.aircanada.com/us/en/aco/home/legal/conditions-carriage-tariffs.html#/""}, ""slices"": [{""id"": ""sli_0000B7N3gK6oaL7eLUMI7E"", ""origin"": {""city"": ""Edmonton"", ""iata"": ""YEG"", ""name"": ""Edmonton International Airport""}, ""duration"": ""PT7H42M"", ""segments"": [{""id"": ""seg_0000B7N3gK6Sbeq4KOC0ar"", ""origin"": {""iata"": ""YEG"", ""name"": ""Edmonton International Airport""}, ""carrier"": {""iata"": ""AC"", ""name"": ""Air Canada"", ""logoUrl"": ""https://assets.duffel.com/img/airlines/for-light-background/full-color-logo/AC.svg""}, ""aircraft"": ""Boeing 737 MAX 8 / BBJ MAX 8/MAX200"", ""baggages"": [{""type"": ""carry_on"", ""quantity"": 1}], ""arrivingAt"": ""2026-06-29T12:38:00"", ""cabinClass"": ""Economy"", ""departingAt"": ""2026-06-29T11:50:00"", ""destination"": {""iata"": ""YVR"", ""name"": ""Vancouver International Airport""}, ""flightNumber"": ""2079""}, {""id"": ""seg_0000B7N3gK6oaL7eLUMI70"", ""origin"": {""iata"": ""YVR"", ""name"": ""Vancouver International Airport""}, ""carrier"": {""iata"": ""AC"", ""name"": ""Air Canada"", ""logoUrl"": ""https://assets.duffel.com/img/airlines/for-light-background/full-color-logo/AC.svg""}, ""aircraft"": ""Airbus A220-300"", ""baggages"": [{""type"": ""carry_on"", ""quantity"": 1}], ""arrivingAt"": ""2026-06-29T18:32:00"", ""cabinClass"": ""Economy"", ""departingAt"": ""2026-06-29T16:10:00"", ""destination"": {""iata"": ""SFO"", ""name"": ""San Francisco International Airport""}, ""flightNumber"": ""0568""}], ""destination"": {""city"": ""San Francisco"", ""iata"": ""SFO"", ""name"": ""San Francisco International Airport""}}], ""expiresAt"": ""2026-06-15T23:17:22.990559Z"", ""enrichment"": {""owner"": {""iata"": ""AC"", ""name"": ""Air Canada""}, ""baggage"": [{""type"": ""carry_on"", ""quantity"": 1, ""weightUnit"": null, ""weightValue"": null}], ""fareBrand"": ""WNA1A1TG"", ""cabinClass"": ""Economy"", ""conditions"": {""refundable"": null, ""changeBeforeDeparture"": {""allowed"": null, ""description"": ""Changes before departure: subject to airline policy"", ""penaltyAmount"": null, ""penaltyCurrency"": null}, ""refundBeforeDeparture"": {""allowed"": null, ""description"": ""Refunds before departure: subject to airline policy"", ""penaltyAmount"": null, ""penaltyCurrency"": null}}, ""seatSelection"": {""available"": null, ""feeAmount"": null, ""description"": ""Seat selection details available at check-in"", ""feeCurrency"": null}, ""baggageSummary"": ""1× carry on"", ""fareConditionsText"": [""Changes before departure: subject to airline policy"", ""Refunds before departure: subject to airline policy"", ""Seat selection details available at check-in"", ""Baggage: 1× carry on""], ""paymentRequirements"": {""paymentRequiredBy"": ""2026-06-16T22:17:00Z"", ""requiresInstantPayment"": false}}, ""passengers"": [{""id"": ""pas_0000B7N3gCaUcGUuNFyH6Q"", ""age"": null, ""type"": ""adult"", ""fare_type"": null, ""given_name"": null, ""family_name"": null, ""loyalty_programme_accounts"": []}], ""totalAmount"": ""408.66"", ""totalCurrency"": ""USD""}"
109,75,flight,"Alternative Economy Flight: Edmonton to Toronto, Toronto to Edmonton (WestJet)",506.53,off_0000B7NWsltHm8Phx0YYNj,"{""id"": ""off_0000B7NWsltHm8Phx0YYNj"", ""owner"": {""id"": ""arl_00009VME7DDoV8ZkzmMkaw"", ""name"": ""WestJet"", ""iata_code"": ""WS"", ""logo_lockup_url"": ""https://assets.duffel.com/img/airlines/for-light-background/full-color-lockup/WS.svg"", ""logo_symbol_url"": ""https://assets.duffel.com/img/airlines/for-light-background/full-color-logo/WS.svg"", ""conditions_of_carriage_url"": ""https://www.westjet.com/en-ca/legal/travel-terms-conditions/westjet-flights""}, ""slices"": [{""id"": ""sli_0000B7NWsltHm8Phx0YYNd"", ""origin"": {""city"": ""Edmonton"", ""iata"": ""YEG"", ""name"": ""Edmonton International Airport""}, ""duration"": ""PT3H45M"", ""segments"": [{""id"": ""seg_0000B7NWsltHm8Phx0YYNc"", ""origin"": {""iata"": ""YEG"", ""name"": ""Edmonton International Airport""}, ""carrier"": {""iata"": ""WS"", ""name"": ""WestJet"", ""logoUrl"": ""https://assets.duffel.com/img/airlines/for-light-background/full-color-logo/WS.svg""}, ""aircraft"": ""Boeing 737-800 (winglets)/BBJ2"", ""baggages"": [], ""arrivingAt"": ""2026-06-20T15:20:00"", ""cabinClass"": ""Economy"", ""departingAt"": ""2026-06-20T09:35:00"", ""destination"": {""iata"": ""YYZ"", ""name"": ""Toronto Pearson International Airport""}, ""flightNumber"": ""0444""}], ""destination"": {""city"": ""Toronto"", ""iata"": ""YYZ"", ""name"": ""Toronto Pearson International Airport""}}, {""id"": ""sli_0000B7NWsltHm8Phx0YYNh"", ""origin"": {""city"": ""Toronto"", ""iata"": ""YYZ"", ""name"": ""Toronto Pearson International Airport""}, ""duration"": ""PT8H"", ""segments"": [{""id"": ""seg_0000B7NWsltHm8Phx0YYNf"", ""origin"": {""iata"": ""YYZ"", ""name"": ""Toronto Pearson International Airport""}, ""carrier"": {""iata"": ""WS"", ""name"": ""WestJet"", ""logoUrl"": ""https://assets.duffel.com/img/airlines/for-light-background/full-color-logo/WS.svg""}, ""aircraft"": ""Boeing 737 MAX 8 / BBJ MAX 8/MAX200"", ""baggages"": [], ""arrivingAt"": ""2026-06-26T09:45:00"", ""cabinClass"": ""Economy"", ""departingAt"": ""2026-06-26T08:00:00"", ""destination"": {""iata"": ""YWG"", ""name"": ""Winnipeg James Armstrong Richardson International Airport""}, ""flightNumber"": ""0381""}, {""id"": ""seg_0000B7NWsltHm8Phx0YYNg"", ""origin"": {""iata"": ""YWG"", ""name"": ""Winnipeg James Armstrong Richardson International Airport""}, ""carrier"": {""iata"": ""WS"", ""name"": ""WestJet"", ""logoUrl"": ""https://assets.duffel.com/img/airlines/for-light-background/full-color-logo/WS.svg""}, ""aircraft"": ""Boeing 737-700 (winglets)/BBJ1"", ""baggages"": [], ""arrivingAt"": ""2026-06-26T14:00:00"", ""cabinClass"": ""Economy"", ""departingAt"": ""2026-06-26T12:50:00"", ""destination"": {""iata"": ""YEG"", ""name"": ""Edmonton International Airport""}, ""flightNumber"": ""0485""}], ""destination"": {""city"": ""Edmonton"", ""iata"": ""YEG"", ""name"": ""Edmonton International Airport""}}], ""expiresAt"": ""2026-06-16T04:44:34.178768Z"", ""enrichment"": {""owner"": {""iata"": ""WS"", ""name"": ""WestJet""}, ""baggage"": [], ""fareBrand"": ""AC3D0HBJ"", ""cabinClass"": ""Economy"", ""conditions"": {""refundable"": null, ""changeBeforeDeparture"": {""allowed"": null, ""description"": ""Changes before departure: subject to airline policy"", ""penaltyAmount"": null, ""penaltyCurrency"": null}, ""refundBeforeDeparture"": {""allowed"": null, ""description"": ""Refunds before departure: subject to airline policy"", ""penaltyAmount"": null, ""penaltyCurrency"": null}}, ""seatSelection"": {""available"": null, ""feeAmount"": null, ""description"": ""Seat selection details available at check-in"", ""feeCurrency"": null}, ""baggageSummary"": ""See airline policy"", ""fareConditionsText"": [""Changes before departure: subject to airline policy"", ""Refunds before departure: subject to airline policy"", ""Seat selection details available at check-in"", ""Baggage: See airline policy""], ""paymentRequirements"": {""paymentRequiredBy"": ""2026-06-16T03:59:00Z"", ""requiresInstantPayment"": false}}, ""passengers"": [{""id"": ""pas_0000B7NWsJGgC4tZBAHKJX"", ""age"": null, ""type"": ""adult"", ""fare_type"": null, ""given_name"": null, ""family_name"": null, ""loyalty_programme_accounts"": []}], ""totalAmount"": ""506.53"", ""totalCurrency"": ""USD""}"
110,76,flight,"Economy Flight: Boston to Panama City, Panama City to Boston",540.43,off_0000B7ZjF2DpwLZu998STJ,"{""id"": ""off_0000B7ZjF2DpwLZu998STJ"", ""owner"": {""id"": ""arl_00009VME7DAGiJjwomhv32"", ""name"": ""American Airlines"", ""iata_code"": ""AA"", ""logo_lockup_url"": ""https://assets.duffel.com/img/airlines/for-light-background/full-color-lockup/AA.svg"", ""logo_symbol_url"": ""https://assets.duffel.com/img/airlines/for-light-background/full-color-logo/AA.svg"", ""conditions_of_carriage_url"": ""https://www.aa.com/i18n/customer-service/support/conditions-of-carriage.jsp""}, ""slices"": [{""id"": ""sli_0000B7ZjF2DpwLZu998STD"", ""origin"": {""city"": ""Boston"", ""iata"": ""BOS"", ""name"": ""General Edward Lawrence Logan International Airport""}, ""duration"": ""PT5H28M"", ""segments"": [{""id"": ""seg_0000B7ZjF2DpwLZu998STB"", ""origin"": {""iata"": ""BOS"", ""name"": ""General Edward Lawrence Logan International Airport""}, ""carrier"": {""iata"": ""AA"", ""name"": ""American Airlines"", ""logoUrl"": ""https://assets.duffel.com/img/airlines/for-light-background/full-color-logo/AA.svg""}, ""aircraft"": ""Boeing 737-800"", ""baggages"": [{""type"": ""checked"", ""quantity"": 0}, {""type"": ""carry_on"", ""quantity"": 1}], ""arrivingAt"": ""2026-07-01T08:25:00"", ""cabinClass"": ""ECONOMY"", ""departingAt"": ""2026-07-01T06:00:00"", ""destination"": {""iata"": ""CLT"", ""name"": ""Charlotte Douglas International Airport""}, ""flightNumber"": ""0418""}, {""id"": ""seg_0000B7ZjF2DpwLZu998STC"", ""origin"": {""iata"": ""CLT"", ""name"": ""Charlotte Douglas International Airport""}, ""carrier"": {""iata"": ""AA"", ""name"": ""American Airlines"", ""logoUrl"": ""https://assets.duffel.com/img/airlines/for-light-background/full-color-logo/AA.svg""}, ""aircraft"": ""Canadair (Bombardier) Regional Jet 900 and Challenger 890"", ""baggages"": [{""type"": ""checked"", ""quantity"": 0}, {""type"": ""carry_on"", ""quantity"": 1}], ""arrivingAt"": ""2026-07-01T10:28:00"", ""cabinClass"": ""ECONOMY"", ""departingAt"": ""2026-07-01T09:30:00"", ""destination"": {""iata"": ""ECP"", ""name"": ""Northwest Florida Beaches International Airport""}, ""flightNumber"": ""5179""}], ""destination"": {""city"": ""Panama City"", ""iata"": ""ECP"", ""name"": ""Northwest Florida Beaches International Airport""}}, {""id"": ""sli_0000B7ZjF2DpwLZu998STH"", ""origin"": {""city"": ""Panama City"", ""iata"": ""ECP"", ""name"": ""Northwest Florida Beaches International Airport""}, ""duration"": ""PT6H4M"", ""segments"": [{""id"": ""seg_0000B7ZjF2DpwLZu998STF"", ""origin"": {""iata"": ""ECP"", ""name"": ""Northwest Florida Beaches International Airport""}, ""carrier"": {""iata"": ""AA"", ""name"": ""American Airlines"", ""logoUrl"": ""https://assets.duffel.com/img/airlines/for-light-background/full-color-logo/AA.svg""}, ""aircraft"": ""Canadair (Bombardier) Regional Jet 900 and Challenger 890"", ""baggages"": [{""type"": ""checked"", ""quantity"": 0}, {""type"": ""carry_on"", ""quantity"": 1}], ""arrivingAt"": ""2026-07-11T13:46:00"", ""cabinClass"": ""ECONOMY"", ""departingAt"": ""2026-07-11T11:00:00"", ""destination"": {""iata"": ""CLT"", ""name"": ""Charlotte Douglas International Airport""}, ""flightNumber"": ""5179""}, {""id"": ""seg_0000B7ZjF2DpwLZu998STG"", ""origin"": {""iata"": ""CLT"", ""name"": ""Charlotte Douglas International Airport""}, ""carrier"": {""iata"": ""AA"", ""name"": ""American Airlines"", ""logoUrl"": ""https://assets.duffel.com/img/airlines/for-light-background/full-color-logo/AA.svg""}, ""aircraft"": ""Airbus A321"", ""baggages"": [{""type"": ""checked"", ""quantity"": 0}, {""type"": ""carry_on"", ""quantity"": 1}], ""arrivingAt"": ""2026-07-11T18:04:00"", ""cabinClass"": ""ECONOMY"", ""departingAt"": ""2026-07-11T15:45:00"", ""destination"": {""iata"": ""BOS"", ""name"": ""General Edward Lawrence Logan International Airport""}, ""flightNumber"": ""1552""}], ""destination"": {""city"": ""Boston"", ""iata"": ""BOS"", ""name"": ""General Edward Lawrence Logan International Airport""}}], ""expiresAt"": ""2026-06-22T01:29:29.000000Z"", ""enrichment"": {""owner"": {""iata"": ""AA"", ""name"": ""American Airlines""}, ""baggage"": [{""type"": ""checked"", ""quantity"": 0, ""weightUnit"": null, ""weightValue"": null}, {""type"": ""carry_on"", ""quantity"": 1, ""weightUnit"": null, ""weightValue"": null}], ""fareBrand"": ""Q0FWZSBZ"", ""cabinClass"": ""ECONOMY"", ""conditions"": {""refundable"": false, ""changeBeforeDeparture"": {""allowed"": false, ""description"": ""Changes before departure: not allowed"", ""penaltyAmount"": null, ""penaltyCurrency"": null}, ""refundBeforeDeparture"": {""allowed"": false, ""description"": ""Refunds before departure: not allowed"", ""penaltyAmount"": null, ""penaltyCurrency"": null}}, ""seatSelection"": {""available"": null, ""feeAmount"": null, ""description"": ""Seat selection details available at check-in"", ""feeCurrency"": null}, ""baggageSummary"": ""0× checked, 1× carry on"", ""fareConditionsText"": [""Changes before departure: not allowed"", ""Refunds before departure: not allowed"", ""Seat selection details available at check-in"", ""Baggage: 0× checked, 1× carry on""], ""paymentRequirements"": {""paymentRequiredBy"": ""2026-06-23T21:59:00Z"", ""requiresInstantPayment"": false}}, ""passengers"": [{""id"": ""pas_0000B7ZjERiZKtTkiebuHk"", ""age"": null, ""type"": ""adult"", ""fare_type"": null, ""given_name"": null, ""family_name"": null, ""loyalty_programme_accounts"": []}], ""totalAmount"": ""540.43"", ""totalCurrency"": ""USD""}"
111,76,flight,Alternative Economy Flight: BOS to ECP (Southwest),597.00,serpapi-WNWN 4917|2026-07-01T12:50,"{""id"": ""serpapi-WNWN 4917|2026-07-01T12:50"", ""owner"": {""name"": ""Southwest"", ""iata_code"": ""WN""}, ""slices"": [{""origin"": {""iata"": ""BOS""}, ""duration"": ""PT9H20M"", ""segments"": [{""origin"": {""iata"": ""BOS""}, ""carrier"": {""iata"": ""WN"", ""name"": ""Southwest""}, ""arrivingAt"": ""2026-07-01 14:40"", ""departingAt"": ""2026-07-01 12:50"", ""destination"": {""iata"": ""STL""}, ""flightNumber"": ""WN 4917""}, {""origin"": {""iata"": ""STL""}, ""carrier"": {""iata"": ""WN"", ""name"": ""Southwest""}, ""arrivingAt"": ""2026-07-01 21:10"", ""departingAt"": ""2026-07-01 19:25"", ""destination"": {""iata"": ""ECP""}, ""flightNumber"": ""WN 4988""}], ""destination"": {""iata"": ""ECP""}}], ""enrichment"": {""owner"": {""iata"": ""WN"", ""name"": ""Southwest""}, ""baggage"": [], ""fareBrand"": null, ""cabinClass"": null, ""conditions"": {""refundable"": null, ""changeBeforeDeparture"": {""allowed"": null, ""description"": ""Changes before departure: subject to airline policy"", ""penaltyAmount"": null, ""penaltyCurrency"": null}, ""refundBeforeDeparture"": {""allowed"": null, ""description"": ""Refunds before departure: subject to airline policy"", ""penaltyAmount"": null, ""penaltyCurrency"": null}}, ""seatSelection"": {""available"": null, ""feeAmount"": null, ""description"": ""Seat selection details available at check-in"", ""feeCurrency"": null}, ""baggageSummary"": ""See airline policy"", ""fareConditionsText"": [""Changes before departure: subject to airline policy"", ""Refunds before departure: subject to airline policy"", ""Seat selection details available at check-in"", ""Baggage: See airline policy""], ""paymentRequirements"": null}, ""passengers"": [{""type"": ""adult""}], ""totalAmount"": ""597"", ""totalCurrency"": ""USD""}"
